-- file created on September 19, 2008, 11:15 am
    
REPLACE INTO `mnu_subsystem` (`subsys_id`, `subsys_desc`, `subsys_dir`, `task_prefix`, `created_date`, `created_user`, `revised_date`, `revised_user`) VALUES ('AUDIT', 'Audit Trail', 'audit', 'audit_', '2003-01-01 12:00:00', 'AJM', '2006-04-22 09:38:17', 'AJM');

REPLACE INTO `mnu_role` (`role_id`, `role_desc`, `start_task_id`, `global_access`, `is_external_auth_off`, `created_date`, `created_user`, `revised_date`, `revised_user`) VALUES ('DEV', 'Development', 'main_menu', 'Y', 'N', '2003-01-01 12:00:00', 'AJM', NULL, NULL);
REPLACE INTO `mnu_role` (`role_id`, `role_desc`, `start_task_id`, `global_access`, `is_external_auth_off`, `created_date`, `created_user`, `revised_date`, `revised_user`) VALUES ('READONLY', 'Read Only', 'main_menu', 'N', 'N', '2003-01-01 12:00:00', 'AJM', NULL, NULL);
REPLACE INTO `mnu_role` (`role_id`, `role_desc`, `start_task_id`, `global_access`, `is_external_auth_off`, `created_date`, `created_user`, `revised_date`, `revised_user`) VALUES ('SURVEY', 'SURVEY (supervisor)', 'main_menu', 'N', 'N', '2003-01-01 12:00:00', 'AJM', NULL, NULL);
REPLACE INTO `mnu_role` (`role_id`, `role_desc`, `start_task_id`, `global_access`, `is_external_auth_off`, `created_date`, `created_user`, `revised_date`, `revised_user`) VALUES ('USER1', 'User Class 1', 'proto', 'N', 'N', '2003-01-01 12:00:00', 'AJM', '2005-07-31 14:59:56', 'AJM');
REPLACE INTO `mnu_role` (`role_id`, `role_desc`, `start_task_id`, `global_access`, `is_external_auth_off`, `created_date`, `created_user`, `revised_date`, `revised_user`) VALUES ('USER2', 'User Class 2', 'main_menu', 'N', 'N', '2003-01-01 12:00:00', 'AJM', NULL, NULL);
REPLACE INTO `mnu_role` (`role_id`, `role_desc`, `start_task_id`, `global_access`, `is_external_auth_off`, `created_date`, `created_user`, `revised_date`, `revised_user`) VALUES ('USER3', 'User Class 3', 'main_menu', 'N', 'N', '2003-01-01 12:00:00', 'AJM', NULL, NULL);

REPLACE INTO `mnu_task` (`task_id`, `task_desc`, `button_text`, `task_type`, `script_id`, `is_disabled`, `pattern_id`, `subsys_id`, `initial_passthru`, `selection_fixed`, `selection_temp`, `settings`, `order_by`, `keep_data`, `log_sql_query`, `screen_refresh`, `use_https`, `max_execution_time`, `created_date`, `created_user`, `revised_date`, `revised_user`) VALUES ('audit_dtl(del)', 'Delete Audit Detail', 'Delete', 'PROC', 'audit_dtl_del.php', 'N', 'DEL4', 'AUDIT', NULL, NULL, NULL, NULL, NULL, 'N', 'N', NULL, 'N', NULL, '2006-03-20 15:29:33', 'AJM', '2006-03-20 16:50:22', 'AJM');

REPLACE INTO `mnu_nav_button` (`task_id_snr`, `task_id_jnr`, `sort_seq`, `button_text`, `context_preselect`, `created_date`, `created_user`, `revised_date`, `revised_user`) VALUES ('audit_dtl(list)2', 'audit_dtl(del)', '002', 'Delete', 'N', '2006-03-20 15:39:54', 'AJM', '2007-06-23 13:41:47', 'AJM');

REPLACE INTO `mnu_task` (`task_id`, `task_desc`, `button_text`, `task_type`, `script_id`, `is_disabled`, `pattern_id`, `subsys_id`, `initial_passthru`, `selection_fixed`, `selection_temp`, `settings`, `order_by`, `keep_data`, `log_sql_query`, `screen_refresh`, `use_https`, `max_execution_time`, `created_date`, `created_user`, `revised_date`, `revised_user`) VALUES ('audit_dtl(list)2', 'List Audit Details', 'List Audit', 'PROC', 'audit_dtl_list2.php', 'N', 'LIST2', 'AUDIT', 'audit_dtl(search)', NULL, NULL, NULL, NULL, 'N', 'N', NULL, 'N', NULL, '2003-01-01 12:00:00', 'AJM', '2006-10-14 18:29:42', 'AJM');

REPLACE INTO `mnu_nav_button` (`task_id_snr`, `task_id_jnr`, `sort_seq`, `button_text`, `context_preselect`, `created_date`, `created_user`, `revised_date`, `revised_user`) VALUES ('audit_dtl(list)2', 'audit_dtl(del)', '002', 'Delete', 'N', '2006-03-20 15:39:54', 'AJM', '2007-06-23 13:41:47', 'AJM');
REPLACE INTO `mnu_nav_button` (`task_id_snr`, `task_id_jnr`, `sort_seq`, `button_text`, `context_preselect`, `created_date`, `created_user`, `revised_date`, `revised_user`) VALUES ('audit_dtl(list)2', 'audit_dtl(search)', '003', 'Search', 'N', '2003-01-01 12:00:00', 'AJM', '2007-06-23 13:41:47', 'AJM');
REPLACE INTO `mnu_nav_button` (`task_id_snr`, `task_id_jnr`, `sort_seq`, `button_text`, `context_preselect`, `created_date`, `created_user`, `revised_date`, `revised_user`) VALUES ('audit_dtl(list)2', 'audit_tbl(upd4)', '003', 'Generate SQL', 'N', '2007-06-23 13:41:06', 'AJM', NULL, NULL);

REPLACE INTO `mnu_task` (`task_id`, `task_desc`, `button_text`, `task_type`, `script_id`, `is_disabled`, `pattern_id`, `subsys_id`, `initial_passthru`, `selection_fixed`, `selection_temp`, `settings`, `order_by`, `keep_data`, `log_sql_query`, `screen_refresh`, `use_https`, `max_execution_time`, `created_date`, `created_user`, `revised_date`, `revised_user`) VALUES ('audit_dtl(list)3', 'List Audit Details for an Object', 'Audit Trail', 'PROC', 'audit_dtl_list3.php', 'N', 'LIST3', 'AUDIT', NULL, NULL, NULL, NULL, NULL, 'N', 'N', NULL, 'N', NULL, '2004-04-08 16:25:44', 'AJM', '2006-01-18 18:04:09', 'AJM');

REPLACE INTO `mnu_nav_button` (`task_id_snr`, `task_id_jnr`, `sort_seq`, `button_text`, `context_preselect`, `created_date`, `created_user`, `revised_date`, `revised_user`) VALUES ('mnu_user(list2)', 'audit_dtl(list)3', '001', 'Audit Trail', 'Y', '2004-04-09 11:59:34', 'AJM', '2007-09-10 15:27:06', 'AJM');
REPLACE INTO `mnu_nav_button` (`task_id_snr`, `task_id_jnr`, `sort_seq`, `button_text`, `context_preselect`, `created_date`, `created_user`, `revised_date`, `revised_user`) VALUES ('gbx_chart_of_accounts_segment(list2)', 'audit_dtl(list)3', '001', 'Audit Trail', 'Y', '2007-01-27 03:59:59', 'NMN', NULL, NULL);
REPLACE INTO `mnu_nav_button` (`task_id_snr`, `task_id_jnr`, `sort_seq`, `button_text`, `context_preselect`, `created_date`, `created_user`, `revised_date`, `revised_user`) VALUES ('dict_table_key(list)', 'audit_dtl(list)3', '004', 'Audit Trail', 'Y', '2005-06-10 09:45:43', 'AJM', NULL, NULL);
REPLACE INTO `mnu_nav_button` (`task_id_snr`, `task_id_jnr`, `sort_seq`, `button_text`, `context_preselect`, `created_date`, `created_user`, `revised_date`, `revised_user`) VALUES ('mnu_task(list2)b', 'audit_dtl(list)3', '004', 'Audit Trail', 'Y', '2004-04-09 11:59:19', 'AJM', '2007-09-10 14:48:19', 'AJM');
REPLACE INTO `mnu_nav_button` (`task_id_snr`, `task_id_jnr`, `sort_seq`, `button_text`, `context_preselect`, `created_date`, `created_user`, `revised_date`, `revised_user`) VALUES ('mnu_task(list2)a', 'audit_dtl(list)3', '004', 'Audit Trail', 'Y', '2004-04-09 11:59:11', 'AJM', '2007-09-10 14:46:07', 'AJM');
REPLACE INTO `mnu_nav_button` (`task_id_snr`, `task_id_jnr`, `sort_seq`, `button_text`, `context_preselect`, `created_date`, `created_user`, `revised_date`, `revised_user`) VALUES ('mnu_nav_button(list2)', 'audit_dtl(list)3', '005', 'Audit Trail', 'Y', '2004-04-09 11:58:57', 'AJM', '2007-08-12 11:16:12', 'AJM');
REPLACE INTO `mnu_nav_button` (`task_id_snr`, `task_id_jnr`, `sort_seq`, `button_text`, `context_preselect`, `created_date`, `created_user`, `revised_date`, `revised_user`) VALUES ('mnu_menu(list2)', 'audit_dtl(list)3', '005', 'Audit Trail', 'Y', '2004-04-09 11:58:45', 'AJM', '2007-08-12 17:28:50', 'AJM');
REPLACE INTO `mnu_nav_button` (`task_id_snr`, `task_id_jnr`, `sort_seq`, `button_text`, `context_preselect`, `created_date`, `created_user`, `revised_date`, `revised_user`) VALUES ('dict_relationship(list)3', 'audit_dtl(list)3', '005', 'Audit Trail', 'Y', '2005-06-11 18:41:56', 'AJM', '2005-06-26 12:37:31', 'AJM');
REPLACE INTO `mnu_nav_button` (`task_id_snr`, `task_id_jnr`, `sort_seq`, `button_text`, `context_preselect`, `created_date`, `created_user`, `revised_date`, `revised_user`) VALUES ('dict_relationship(list)', 'audit_dtl(list)3', '005', 'Audit Trail', 'Y', '2005-06-11 18:38:45', 'AJM', '2005-06-26 12:38:42', 'AJM');
REPLACE INTO `mnu_nav_button` (`task_id_snr`, `task_id_jnr`, `sort_seq`, `button_text`, `context_preselect`, `created_date`, `created_user`, `revised_date`, `revised_user`) VALUES ('wf_arc(list)', 'audit_dtl(list)3', '006', 'Audit Trail', 'Y', '2004-04-12 19:26:31', 'AJM', NULL, NULL);
REPLACE INTO `mnu_nav_button` (`task_id_snr`, `task_id_jnr`, `sort_seq`, `button_text`, `context_preselect`, `created_date`, `created_user`, `revised_date`, `revised_user`) VALUES ('mnu_task_field(list2)', 'audit_dtl(list)3', '006', 'Audit Trail', 'Y', '2004-04-09 11:59:27', 'AJM', '2008-02-27 16:32:26', 'AJM');
REPLACE INTO `mnu_nav_button` (`task_id_snr`, `task_id_jnr`, `sort_seq`, `button_text`, `context_preselect`, `created_date`, `created_user`, `revised_date`, `revised_user`) VALUES ('wf_place(list)', 'audit_dtl(list)3', '006', 'Audit Trail', 'Y', '2004-04-12 19:01:02', 'AJM', NULL, NULL);
REPLACE INTO `mnu_nav_button` (`task_id_snr`, `task_id_jnr`, `sort_seq`, `button_text`, `context_preselect`, `created_date`, `created_user`, `revised_date`, `revised_user`) VALUES ('mnu_todo(list2)', 'audit_dtl(list)3', '006', 'Audit Trail', 'Y', '2005-07-30 19:32:02', 'AJM', '2007-09-10 15:12:37', 'AJM');
REPLACE INTO `mnu_nav_button` (`task_id_snr`, `task_id_jnr`, `sort_seq`, `button_text`, `context_preselect`, `created_date`, `created_user`, `revised_date`, `revised_user`) VALUES ('mnu_language(list1)', 'audit_dtl(list)3', '006', 'Audit Trail', 'Y', '2008-01-03 11:34:36', 'AJM', NULL, NULL);
REPLACE INTO `mnu_nav_button` (`task_id_snr`, `task_id_jnr`, `sort_seq`, `button_text`, `context_preselect`, `created_date`, `created_user`, `revised_date`, `revised_user`) VALUES ('gbx_company_group(list2)', 'audit_dtl(list)3', '006', 'Audit Trail', 'Y', '2007-05-30 10:49:23', 'DIC', NULL, NULL);
REPLACE INTO `mnu_nav_button` (`task_id_snr`, `task_id_jnr`, `sort_seq`, `button_text`, `context_preselect`, `created_date`, `created_user`, `revised_date`, `revised_user`) VALUES ('dict_column(list)2', 'audit_dtl(list)3', '006', 'Audit Trail', 'Y', '2005-03-12 23:43:28', 'AJM', '2005-03-12 23:43:43', 'AJM');
REPLACE INTO `mnu_nav_button` (`task_id_snr`, `task_id_jnr`, `sort_seq`, `button_text`, `context_preselect`, `created_date`, `created_user`, `revised_date`, `revised_user`) VALUES ('mnu_account(list1)', 'audit_dtl(list)3', '006', 'Audit Trail', 'Y', '2007-09-13 11:30:43', 'AJM', NULL, NULL);
REPLACE INTO `mnu_nav_button` (`task_id_snr`, `task_id_jnr`, `sort_seq`, `button_text`, `context_preselect`, `created_date`, `created_user`, `revised_date`, `revised_user`) VALUES ('shp_shipment_status(list2)', 'audit_dtl(list)3', '006', 'Audit Trail', 'Y', '2007-04-02 18:38:03', 'AJM', NULL, NULL);
REPLACE INTO `mnu_nav_button` (`task_id_snr`, `task_id_jnr`, `sort_seq`, `button_text`, `context_preselect`, `created_date`, `created_user`, `revised_date`, `revised_user`) VALUES ('dict_relationship(list)2', 'audit_dtl(list)3', '006', 'Audit Trail', 'Y', '2005-06-11 18:39:37', 'AJM', '2005-06-26 12:36:53', 'AJM');
REPLACE INTO `mnu_nav_button` (`task_id_snr`, `task_id_jnr`, `sort_seq`, `button_text`, `context_preselect`, `created_date`, `created_user`, `revised_date`, `revised_user`) VALUES ('dict_table_key(list)2', 'audit_dtl(list)3', '006', 'Audit Trail', 'Y', '2005-03-19 18:22:42', 'AJM', NULL, NULL);
REPLACE INTO `mnu_nav_button` (`task_id_snr`, `task_id_jnr`, `sort_seq`, `button_text`, `context_preselect`, `created_date`, `created_user`, `revised_date`, `revised_user`) VALUES ('ord_invoice_status(list2)', 'audit_dtl(list)3', '006', 'Audit Trail', 'Y', '2007-04-28 16:31:25', 'AJM', NULL, NULL);
REPLACE INTO `mnu_nav_button` (`task_id_snr`, `task_id_jnr`, `sort_seq`, `button_text`, `context_preselect`, `created_date`, `created_user`, `revised_date`, `revised_user`) VALUES ('wf_transition(list)', 'audit_dtl(list)3', '006', 'Audit Trail', 'Y', '2004-04-12 19:01:54', 'AJM', NULL, NULL);
REPLACE INTO `mnu_nav_button` (`task_id_snr`, `task_id_jnr`, `sort_seq`, `button_text`, `context_preselect`, `created_date`, `created_user`, `revised_date`, `revised_user`) VALUES ('mnu_todo(list1)', 'audit_dtl(list)3', '006', 'Audit Trail', 'Y', '2005-07-30 19:32:15', 'AJM', '2007-09-10 15:11:15', 'AJM');
REPLACE INTO `mnu_nav_button` (`task_id_snr`, `task_id_jnr`, `sort_seq`, `button_text`, `context_preselect`, `created_date`, `created_user`, `revised_date`, `revised_user`) VALUES ('wf_case(list)', 'audit_dtl(list)3', '007', 'Audit Trail', 'Y', '2006-02-18 18:37:09', 'AJM', NULL, NULL);
REPLACE INTO `mnu_nav_button` (`task_id_snr`, `task_id_jnr`, `sort_seq`, `button_text`, `context_preselect`, `created_date`, `created_user`, `revised_date`, `revised_user`) VALUES ('wf_case(list)2', 'audit_dtl(list)3', '007', 'Audit Trail', 'Y', '2006-02-18 18:37:27', 'AJM', NULL, NULL);
REPLACE INTO `mnu_nav_button` (`task_id_snr`, `task_id_jnr`, `sort_seq`, `button_text`, `context_preselect`, `created_date`, `created_user`, `revised_date`, `revised_user`) VALUES ('mnu_pattern(list1)', 'audit_dtl(list)3', '007', 'Audit Trail', 'Y', '2004-04-09 11:37:12', 'AJM', '2007-09-10 10:55:34', 'AJM');
REPLACE INTO `mnu_nav_button` (`task_id_snr`, `task_id_jnr`, `sort_seq`, `button_text`, `context_preselect`, `created_date`, `created_user`, `revised_date`, `revised_user`) VALUES ('dict_column(list)', 'audit_dtl(list)3', '007', 'Audit Trail', 'Y', '2005-06-10 12:47:40', 'AJM', '2006-10-01 11:33:40', 'AJM');
REPLACE INTO `mnu_nav_button` (`task_id_snr`, `task_id_jnr`, `sort_seq`, `button_text`, `context_preselect`, `created_date`, `created_user`, `revised_date`, `revised_user`) VALUES ('dict_database(list)2', 'audit_dtl(list)3', '007', 'Audit Trail', 'Y', '2005-03-12 19:08:37', 'AJM', '2005-06-10 17:20:20', 'AJM');
REPLACE INTO `mnu_nav_button` (`task_id_snr`, `task_id_jnr`, `sort_seq`, `button_text`, `context_preselect`, `created_date`, `created_user`, `revised_date`, `revised_user`) VALUES ('dict_table(list)', 'audit_dtl(list)3', '009', 'Audit Trail', 'Y', '2005-06-10 12:43:33', 'AJM', '2006-10-01 11:27:01', 'AJM');
REPLACE INTO `mnu_nav_button` (`task_id_snr`, `task_id_jnr`, `sort_seq`, `button_text`, `context_preselect`, `created_date`, `created_user`, `revised_date`, `revised_user`) VALUES ('dict_database(list)', 'audit_dtl(list)3', '010', 'Audit Trail', 'Y', '2005-03-12 19:07:33', 'AJM', '2005-12-10 12:33:03', 'AJM');
REPLACE INTO `mnu_nav_button` (`task_id_snr`, `task_id_jnr`, `sort_seq`, `button_text`, `context_preselect`, `created_date`, `created_user`, `revised_date`, `revised_user`) VALUES ('mnu_role(list1)', 'audit_dtl(list)3', '010', 'Audit Trail', 'Y', '2004-04-09 11:37:40', 'AJM', '2007-09-10 11:41:47', 'AJM');
REPLACE INTO `mnu_nav_button` (`task_id_snr`, `task_id_jnr`, `sort_seq`, `button_text`, `context_preselect`, `created_date`, `created_user`, `revised_date`, `revised_user`) VALUES ('mnu_user(list1)', 'audit_dtl(list)3', '011', 'Audit Trail', 'Y', '2004-04-09 11:39:20', 'AJM', '2007-09-10 15:25:13', 'AJM');
REPLACE INTO `mnu_nav_button` (`task_id_snr`, `task_id_jnr`, `sort_seq`, `button_text`, `context_preselect`, `created_date`, `created_user`, `revised_date`, `revised_user`) VALUES ('dict_table(list)2', 'audit_dtl(list)3', '011', 'Audit Trail', 'Y', '2005-03-12 23:12:27', 'AJM', '2006-10-01 11:27:45', 'AJM');
REPLACE INTO `mnu_nav_button` (`task_id_snr`, `task_id_jnr`, `sort_seq`, `button_text`, `context_preselect`, `created_date`, `created_user`, `revised_date`, `revised_user`) VALUES ('mnu_subsystem(list1)', 'audit_dtl(list)3', '012', 'Audit Trail', 'Y', '2004-04-09 11:37:58', 'AJM', '2007-09-10 14:01:48', 'AJM');
REPLACE INTO `mnu_nav_button` (`task_id_snr`, `task_id_jnr`, `sort_seq`, `button_text`, `context_preselect`, `created_date`, `created_user`, `revised_date`, `revised_user`) VALUES ('wf_workflow(list)', 'audit_dtl(list)3', '013', 'Audit Trail', 'Y', '2004-04-09 11:57:37', 'AJM', '2004-04-26 14:14:18', 'AJM');
REPLACE INTO `mnu_nav_button` (`task_id_snr`, `task_id_jnr`, `sort_seq`, `button_text`, `context_preselect`, `created_date`, `created_user`, `revised_date`, `revised_user`) VALUES ('mnu_task(list1)b', 'audit_dtl(list)3', '013', 'Audit Trail', 'Y', '2004-04-08 16:27:07', 'AJM', '2007-09-10 14:35:53', 'AJM');
REPLACE INTO `mnu_nav_button` (`task_id_snr`, `task_id_jnr`, `sort_seq`, `button_text`, `context_preselect`, `created_date`, `created_user`, `revised_date`, `revised_user`) VALUES ('mnu_task(list1)a', 'audit_dtl(list)3', '021', 'Audit Trail', 'Y', '2004-04-09 11:38:58', 'AJM', '2007-09-10 14:35:24', 'AJM');
REPLACE INTO `mnu_nav_button` (`task_id_snr`, `task_id_jnr`, `sort_seq`, `button_text`, `context_preselect`, `created_date`, `created_user`, `revised_date`, `revised_user`) VALUES ('mnu_task(list1)', 'audit_dtl(list)3', '024', 'Audit Trail', 'Y', '2004-04-09 11:38:19', 'AJM', '2007-09-10 14:30:48', 'AJM');

REPLACE INTO `mnu_role_task` (`role_id`, `task_id`, `created_date`, `created_user`, `revised_date`, `revised_user`) VALUES ('DEV', 'audit_dtl(list)3', '2005-05-02 10:16:34', 'AJM', NULL, NULL);
REPLACE INTO `mnu_role_task` (`role_id`, `task_id`, `created_date`, `created_user`, `revised_date`, `revised_user`) VALUES ('READONLY', 'audit_dtl(list)3', '2005-05-02 10:16:34', 'AJM', NULL, NULL);
REPLACE INTO `mnu_role_task` (`role_id`, `task_id`, `created_date`, `created_user`, `revised_date`, `revised_user`) VALUES ('SURVEY', 'audit_dtl(list)3', '2005-05-02 10:16:34', 'AJM', NULL, NULL);
REPLACE INTO `mnu_role_task` (`role_id`, `task_id`, `created_date`, `created_user`, `revised_date`, `revised_user`) VALUES ('USER1', 'audit_dtl(list)3', '2005-05-02 10:16:34', 'AJM', NULL, NULL);
REPLACE INTO `mnu_role_task` (`role_id`, `task_id`, `created_date`, `created_user`, `revised_date`, `revised_user`) VALUES ('USER2', 'audit_dtl(list)3', '2005-05-02 10:16:34', 'AJM', NULL, NULL);
REPLACE INTO `mnu_role_task` (`role_id`, `task_id`, `created_date`, `created_user`, `revised_date`, `revised_user`) VALUES ('USER3', 'audit_dtl(list)3', '2005-05-02 10:16:34', 'AJM', NULL, NULL);

REPLACE INTO `mnu_task` (`task_id`, `task_desc`, `button_text`, `task_type`, `script_id`, `is_disabled`, `pattern_id`, `subsys_id`, `initial_passthru`, `selection_fixed`, `selection_temp`, `settings`, `order_by`, `keep_data`, `log_sql_query`, `screen_refresh`, `use_https`, `max_execution_time`, `created_date`, `created_user`, `revised_date`, `revised_user`) VALUES ('audit_dtl(list)3exact', 'List Audit Details for an Object (exact match)', 'Audit Trail', 'PROC', 'audit_dtl_list3.php', 'N', 'LIST3', 'AUDIT', NULL, NULL, NULL, 'pattern=exact', NULL, 'N', 'N', NULL, 'N', NULL, '2004-07-21 16:54:14', 'AJM', '2006-06-20 14:53:08', 'AJM');

REPLACE INTO `mnu_nav_button` (`task_id_snr`, `task_id_jnr`, `sort_seq`, `button_text`, `context_preselect`, `created_date`, `created_user`, `revised_date`, `revised_user`) VALUES ('dict_database(list)2', 'audit_dtl(list)3exact', '007', 'Audit Trail (exact)', 'Y', '2005-03-12 19:08:37', 'AJM', '2005-03-12 22:54:26', 'AJM');
REPLACE INTO `mnu_nav_button` (`task_id_snr`, `task_id_jnr`, `sort_seq`, `button_text`, `context_preselect`, `created_date`, `created_user`, `revised_date`, `revised_user`) VALUES ('dict_database(list)', 'audit_dtl(list)3exact', '011', 'Audit Trail (exact)', 'Y', '2005-03-12 19:07:33', 'AJM', '2005-12-10 12:33:03', 'AJM');
REPLACE INTO `mnu_nav_button` (`task_id_snr`, `task_id_jnr`, `sort_seq`, `button_text`, `context_preselect`, `created_date`, `created_user`, `revised_date`, `revised_user`) VALUES ('dict_table(list)2', 'audit_dtl(list)3exact', '012', 'Audit Trail (exact)', 'Y', '2005-03-12 23:45:26', 'AJM', '2006-10-01 11:27:45', 'AJM');
REPLACE INTO `mnu_nav_button` (`task_id_snr`, `task_id_jnr`, `sort_seq`, `button_text`, `context_preselect`, `created_date`, `created_user`, `revised_date`, `revised_user`) VALUES ('wf_workflow(list)', 'audit_dtl(list)3exact', '014', 'Audit Trail (2)', 'Y', '2004-07-21 16:56:01', 'AJM', '2004-07-21 16:56:42', 'AJM');

REPLACE INTO `mnu_task` (`task_id`, `task_desc`, `button_text`, `task_type`, `script_id`, `is_disabled`, `pattern_id`, `subsys_id`, `initial_passthru`, `selection_fixed`, `selection_temp`, `settings`, `order_by`, `keep_data`, `log_sql_query`, `screen_refresh`, `use_https`, `max_execution_time`, `created_date`, `created_user`, `revised_date`, `revised_user`) VALUES ('audit_dtl(search)', 'Search Audit Detail', 'Search', 'PROC', 'audit_dtl_search.php', 'N', 'SRCH', 'AUDIT', NULL, NULL, NULL, NULL, NULL, 'N', 'N', NULL, 'N', NULL, '2003-01-01 12:00:00', 'AJM', '2006-01-17 20:28:38', 'AJM');

REPLACE INTO `mnu_nav_button` (`task_id_snr`, `task_id_jnr`, `sort_seq`, `button_text`, `context_preselect`, `created_date`, `created_user`, `revised_date`, `revised_user`) VALUES ('audit_dtl(list)2', 'audit_dtl(search)', '003', 'Search', 'N', '2003-01-01 12:00:00', 'AJM', '2007-06-23 13:41:47', 'AJM');

REPLACE INTO `mnu_task` (`task_id`, `task_desc`, `button_text`, `task_type`, `script_id`, `is_disabled`, `pattern_id`, `subsys_id`, `initial_passthru`, `selection_fixed`, `selection_temp`, `settings`, `order_by`, `keep_data`, `log_sql_query`, `screen_refresh`, `use_https`, `max_execution_time`, `created_date`, `created_user`, `revised_date`, `revised_user`) VALUES ('audit_logon_errors(list)', 'List Logon Errors', 'Logon Errors', 'PROC', 'audit_logon_errors_list.php', 'N', 'LIST1', 'AUDIT', NULL, NULL, NULL, NULL, NULL, 'N', 'N', NULL, 'N', NULL, '2006-03-08 14:52:07', 'AJM', NULL, NULL);

REPLACE INTO `mnu_nav_button` (`task_id_snr`, `task_id_jnr`, `sort_seq`, `button_text`, `context_preselect`, `created_date`, `created_user`, `revised_date`, `revised_user`) VALUES ('audit_logon_errors(list)', 'audit_logon_errors(search)', '001', 'Search', 'N', '2006-03-08 15:27:28', 'AJM', NULL, NULL);

REPLACE INTO `mnu_nav_button` (`task_id_snr`, `task_id_jnr`, `sort_seq`, `button_text`, `context_preselect`, `created_date`, `created_user`, `revised_date`, `revised_user`) VALUES ('menu', 'audit_logon_errors(list)', '003', 'Logon Errors', 'N', '2006-03-08 14:52:45', 'AJM', NULL, NULL);

REPLACE INTO `mnu_task` (`task_id`, `task_desc`, `button_text`, `task_type`, `script_id`, `is_disabled`, `pattern_id`, `subsys_id`, `initial_passthru`, `selection_fixed`, `selection_temp`, `settings`, `order_by`, `keep_data`, `log_sql_query`, `screen_refresh`, `use_https`, `max_execution_time`, `created_date`, `created_user`, `revised_date`, `revised_user`) VALUES ('audit_logon_errors(search)', 'Search Logon Errors', 'Search', 'PROC', 'audit_logon_errors_search.php', 'N', 'SRCH', 'AUDIT', NULL, NULL, NULL, NULL, NULL, 'N', 'N', NULL, 'N', NULL, '2006-03-08 15:27:14', 'AJM', NULL, NULL);

REPLACE INTO `mnu_nav_button` (`task_id_snr`, `task_id_jnr`, `sort_seq`, `button_text`, `context_preselect`, `created_date`, `created_user`, `revised_date`, `revised_user`) VALUES ('audit_logon_errors(list)', 'audit_logon_errors(search)', '001', 'Search', 'N', '2006-03-08 15:27:28', 'AJM', NULL, NULL);

REPLACE INTO `mnu_task` (`task_id`, `task_desc`, `button_text`, `task_type`, `script_id`, `is_disabled`, `pattern_id`, `subsys_id`, `initial_passthru`, `selection_fixed`, `selection_temp`, `settings`, `order_by`, `keep_data`, `log_sql_query`, `screen_refresh`, `use_https`, `max_execution_time`, `created_date`, `created_user`, `revised_date`, `revised_user`) VALUES ('audit_tbl(upd4)', 'Generate SQL', 'Generate SQL', 'PROC', 'audit_tbl(upd4).php', 'N', 'UPD4', 'AUDIT', NULL, NULL, NULL, NULL, NULL, 'N', 'N', NULL, 'N', NULL, '2007-06-23 13:39:36', 'AJM', NULL, NULL);

REPLACE INTO `mnu_nav_button` (`task_id_snr`, `task_id_jnr`, `sort_seq`, `button_text`, `context_preselect`, `created_date`, `created_user`, `revised_date`, `revised_user`) VALUES ('audit_dtl(list)2', 'audit_tbl(upd4)', '003', 'Generate SQL', 'N', '2007-06-23 13:41:06', 'AJM', NULL, NULL);

REPLACE INTO `mnu_menu` (`menu_id`, `task_id_jnr`, `sort_seq`, `button_text`, `created_date`, `created_user`, `revised_date`, `revised_user`) VALUES ('main_menu', 'audit_dtl(list)2', '004', 'Audit', '2003-01-01 12:00:00', 'AJM', '2005-06-12 12:17:52', 'AJM');

REPLACE INTO `help_text` (`task_id`, `help_text`, `created_date`, `created_user`, `revised_date`, `revised_user`) VALUES ('audit_dtl(list)2', 'This will list entries from the Audit Log.

Refer to <a href=\"%root%/audit_dtl(list)2.html\">List Audit Details</a> for full details.', '2005-06-29 12:41:45', 'AJM', '2005-07-02 15:33:45', 'AJM');
REPLACE INTO `help_text` (`task_id`, `help_text`, `created_date`, `created_user`, `revised_date`, `revised_user`) VALUES ('audit_dtl(list)3', 'This will allow the contents of the Audit Log to be viewed for selected objects.

This version will select those Audit Log entries where the the primary key of the selected object is contained with the PKEY value of the audited occurrence. This will include entries from subordinate (child) tables which contain the same field names within their primary keys.

Refer to <a href=\"%root%/audit_dtl(list)3.html\">List Audit Details for a selected Object</a> for full details.', '2005-06-29 13:03:54', 'AJM', '2005-07-02 15:33:52', 'AJM');
REPLACE INTO `help_text` (`task_id`, `help_text`, `created_date`, `created_user`, `revised_date`, `revised_user`) VALUES ('audit_dtl(list)3exact', 'This will allow the contents of the Audit Log to be viewed for selected objects.

This version will select only those Audit Log entries where the the primary key of the selected object is as exact match with the PKEY value of the audited occurrence. 

Refer to <a href=\"%root%/audit_dtl(list)3.html\">List Audit Details for a selected Object</a> for full details.', '2005-06-29 16:17:59', 'AJM', '2005-07-02 15:34:01', 'AJM');
REPLACE INTO `help_text` (`task_id`, `help_text`, `created_date`, `created_user`, `revised_date`, `revised_user`) VALUES ('audit_dtl(search)', 'This will allow selection criteria to be entered before passing control back to the List Audit Detail screen.

Refer to <a href=\"%root%/audit_dtl(search).html\">Search Audit Details</a> for full details.', '2005-06-29 12:37:59', 'AJM', '2005-07-02 15:34:07', 'AJM');
REPLACE INTO `help_text` (`task_id`, `help_text`, `created_date`, `created_user`, `revised_date`, `revised_user`) VALUES ('audit_logon_errors(list)', 'This will show the details of any logon attemps which failed.

Refer to <a href=\"%root%/audit_logon_errors(list).html\">List Logon Errors</a> for full details.', '2006-04-07 11:26:07', 'AJM', NULL, NULL);

-- finished
