-- file created on January 25, 2012, 9:33 am
    
REPLACE INTO `mnu_subsystem` (`subsys_id`, `subsys_desc`, `subsys_dir`, `task_prefix`, `created_date`, `created_user`, `revised_date`, `revised_user`) VALUES ('AUDIT', 'Audit Trail', 'audit', 'audit_', '2003-01-01 12:00:00', 'AJM', '2006-04-22 09:38:17', 'AJM');

REPLACE INTO `mnu_task` (`task_id`, `task_desc`, `button_text`, `task_type`, `script_id`, `is_disabled`, `pattern_id`, `subsys_id`, `initial_passthru`, `selection_fixed`, `selection_temp`, `settings`, `order_by`, `keep_data`, `log_sql_query`, `screen_refresh`, `use_https`, `max_execution_time`, `task_id_run_at_end`, `task_id_run_at_cancel`, `created_date`, `created_user`, `revised_date`, `revised_user`) VALUES ('audit_dtl(del)', 'Delete Audit Detail', 'Delete', 'PROC', 'audit_dtl_del.php', 'N', 'DEL4', 'AUDIT', NULL, NULL, NULL, NULL, NULL, 'N', 'N', NULL, 'N', NULL, NULL, NULL, '2006-03-20 15:29:33', 'AJM', '2006-03-20 16:50:22', 'AJM');

REPLACE INTO `mnu_nav_button` (`task_id_snr`, `task_id_jnr`, `sort_seq`, `button_text`, `context_preselect`, `created_date`, `created_user`, `revised_date`, `revised_user`) VALUES ('audit_dtl(list)2', 'audit_dtl(del)', '002', 'Delete', 'N', '2006-03-20 15:39:54', 'AJM', '2007-06-23 13:41:47', 'AJM');

REPLACE INTO `mnu_task` (`task_id`, `task_desc`, `button_text`, `task_type`, `script_id`, `is_disabled`, `pattern_id`, `subsys_id`, `initial_passthru`, `selection_fixed`, `selection_temp`, `settings`, `order_by`, `keep_data`, `log_sql_query`, `screen_refresh`, `use_https`, `max_execution_time`, `task_id_run_at_end`, `task_id_run_at_cancel`, `created_date`, `created_user`, `revised_date`, `revised_user`) VALUES ('audit_dtl(list)2', 'List Audit Details', 'List Audit', 'PROC', 'audit_dtl_list2.php', 'N', 'LIST2', 'AUDIT', 'audit_dtl(search)', NULL, NULL, NULL, NULL, 'N', 'N', NULL, 'N', NULL, NULL, NULL, '2003-01-01 12:00:00', 'AJM', '2006-10-14 18:29:42', 'AJM');

REPLACE INTO `mnu_nav_button` (`task_id_snr`, `task_id_jnr`, `sort_seq`, `button_text`, `context_preselect`, `created_date`, `created_user`, `revised_date`, `revised_user`) VALUES ('audit_dtl(list)2', 'audit_dtl(del)', '002', 'Delete', 'N', '2006-03-20 15:39:54', 'AJM', '2007-06-23 13:41:47', 'AJM');
REPLACE INTO `mnu_nav_button` (`task_id_snr`, `task_id_jnr`, `sort_seq`, `button_text`, `context_preselect`, `created_date`, `created_user`, `revised_date`, `revised_user`) VALUES ('audit_dtl(list)2', 'audit_dtl(search)', '003', 'Search', 'N', '2003-01-01 12:00:00', 'AJM', '2007-06-23 13:41:47', 'AJM');
REPLACE INTO `mnu_nav_button` (`task_id_snr`, `task_id_jnr`, `sort_seq`, `button_text`, `context_preselect`, `created_date`, `created_user`, `revised_date`, `revised_user`) VALUES ('audit_dtl(list)2', 'audit_tbl(upd4)', '003', 'Generate SQL', 'N', '2007-06-23 13:41:06', 'AJM', NULL, NULL);

REPLACE INTO `mnu_role_task` (`role_id`, `task_id`, `created_date`, `created_user`, `revised_date`, `revised_user`) VALUES ('DEMO', 'audit_dtl(list)2', '2009-07-22 00:57:59', 'AJM', NULL, NULL);

REPLACE INTO `mnu_task` (`task_id`, `task_desc`, `button_text`, `task_type`, `script_id`, `is_disabled`, `pattern_id`, `subsys_id`, `initial_passthru`, `selection_fixed`, `selection_temp`, `settings`, `order_by`, `keep_data`, `log_sql_query`, `screen_refresh`, `use_https`, `max_execution_time`, `task_id_run_at_end`, `task_id_run_at_cancel`, `created_date`, `created_user`, `revised_date`, `revised_user`) VALUES ('audit_dtl(list)3', 'List Audit Details for an Object', 'Audit Trail', 'PROC', 'audit_dtl_list3.php', 'N', 'LIST3', 'AUDIT', NULL, NULL, NULL, NULL, NULL, 'N', 'N', NULL, 'N', NULL, NULL, NULL, '2004-04-08 16:25:44', 'AJM', '2006-01-18 18:04:09', 'AJM');

REPLACE INTO `mnu_nav_button` (`task_id_snr`, `task_id_jnr`, `sort_seq`, `button_text`, `context_preselect`, `created_date`, `created_user`, `revised_date`, `revised_user`) VALUES ('mnu_user(list2)', 'audit_dtl(list)3', '001', 'Audit Trail', 'Y', '2004-04-09 11:59:34', 'AJM', '2007-09-10 15:27:06', 'AJM');
REPLACE INTO `mnu_nav_button` (`task_id_snr`, `task_id_jnr`, `sort_seq`, `button_text`, `context_preselect`, `created_date`, `created_user`, `revised_date`, `revised_user`) VALUES ('gbx_chart_of_accounts_segment(list2)', 'audit_dtl(list)3', '001', 'Audit Trail', 'Y', '2007-01-27 03:59:59', 'NMN', NULL, NULL);
REPLACE INTO `mnu_nav_button` (`task_id_snr`, `task_id_jnr`, `sort_seq`, `button_text`, `context_preselect`, `created_date`, `created_user`, `revised_date`, `revised_user`) VALUES ('dict_table_key(list)', 'audit_dtl(list)3', '004', 'Audit Trail', 'Y', '2005-06-10 09:45:43', 'AJM', NULL, NULL);
REPLACE INTO `mnu_nav_button` (`task_id_snr`, `task_id_jnr`, `sort_seq`, `button_text`, `context_preselect`, `created_date`, `created_user`, `revised_date`, `revised_user`) VALUES ('mnu_task(list2)b', 'audit_dtl(list)3', '004', 'Audit Trail', 'Y', '2004-04-09 11:59:19', 'AJM', '2007-09-10 14:48:19', 'AJM');
REPLACE INTO `mnu_nav_button` (`task_id_snr`, `task_id_jnr`, `sort_seq`, `button_text`, `context_preselect`, `created_date`, `created_user`, `revised_date`, `revised_user`) VALUES ('mnu_task(list2)a', 'audit_dtl(list)3', '004', 'Audit Trail', 'Y', '2004-04-09 11:59:11', 'AJM', '2007-09-10 14:46:07', 'AJM');
REPLACE INTO `mnu_nav_button` (`task_id_snr`, `task_id_jnr`, `sort_seq`, `button_text`, `context_preselect`, `created_date`, `created_user`, `revised_date`, `revised_user`) VALUES ('mnu_nav_button(list2)', 'audit_dtl(list)3', '005', 'Audit Trail', 'Y', '2004-04-09 11:58:57', 'AJM', '2007-08-12 11:16:12', 'AJM');
REPLACE INTO `mnu_nav_button` (`task_id_snr`, `task_id_jnr`, `sort_seq`, `button_text`, `context_preselect`, `created_date`, `created_user`, `revised_date`, `revised_user`) VALUES ('mnu_menu(list2)', 'audit_dtl(list)3', '005', 'Audit Trail', 'Y', '2004-04-09 11:58:45', 'AJM', '2007-08-12 17:28:50', 'AJM');
REPLACE INTO `mnu_nav_button` (`task_id_snr`, `task_id_jnr`, `sort_seq`, `button_text`, `context_preselect`, `created_date`, `created_user`, `revised_date`, `revised_user`) VALUES ('dict_relationship(list)3', 'audit_dtl(list)3', '005', 'Audit Trail', 'Y', '2005-06-11 18:41:56', 'AJM', '2005-06-26 12:37:31', 'AJM');
REPLACE INTO `mnu_nav_button` (`task_id_snr`, `task_id_jnr`, `sort_seq`, `button_text`, `context_preselect`, `created_date`, `created_user`, `revised_date`, `revised_user`) VALUES ('dict_relationship(list)', 'audit_dtl(list)3', '005', 'Audit Trail', 'Y', '2005-06-11 18:38:45', 'AJM', '2005-06-26 12:38:42', 'AJM');
REPLACE INTO `mnu_nav_button` (`task_id_snr`, `task_id_jnr`, `sort_seq`, `button_text`, `context_preselect`, `created_date`, `created_user`, `revised_date`, `revised_user`) VALUES ('wf_arc(list)', 'audit_dtl(list)3', '006', 'Audit Trail', 'Y', '2004-04-12 19:26:31', 'AJM', NULL, NULL);
REPLACE INTO `mnu_nav_button` (`task_id_snr`, `task_id_jnr`, `sort_seq`, `button_text`, `context_preselect`, `created_date`, `created_user`, `revised_date`, `revised_user`) VALUES ('mnu_task_field(list2)', 'audit_dtl(list)3', '006', 'Audit Trail', 'Y', '2004-04-09 11:59:27', 'AJM', '2008-02-27 16:32:26', 'AJM');
REPLACE INTO `mnu_nav_button` (`task_id_snr`, `task_id_jnr`, `sort_seq`, `button_text`, `context_preselect`, `created_date`, `created_user`, `revised_date`, `revised_user`) VALUES ('wf_place(list)', 'audit_dtl(list)3', '006', 'Audit Trail', 'Y', '2004-04-12 19:01:02', 'AJM', NULL, NULL);
REPLACE INTO `mnu_nav_button` (`task_id_snr`, `task_id_jnr`, `sort_seq`, `button_text`, `context_preselect`, `created_date`, `created_user`, `revised_date`, `revised_user`) VALUES ('mnu_todo(list2)', 'audit_dtl(list)3', '008', 'Audit Trail', 'Y', '2005-07-30 19:32:02', 'AJM', '2010-07-24 11:10:52', 'AJM');
REPLACE INTO `mnu_nav_button` (`task_id_snr`, `task_id_jnr`, `sort_seq`, `button_text`, `context_preselect`, `created_date`, `created_user`, `revised_date`, `revised_user`) VALUES ('mnu_language(list1)', 'audit_dtl(list)3', '006', 'Audit Trail', 'Y', '2008-01-03 11:34:36', 'AJM', NULL, NULL);
REPLACE INTO `mnu_nav_button` (`task_id_snr`, `task_id_jnr`, `sort_seq`, `button_text`, `context_preselect`, `created_date`, `created_user`, `revised_date`, `revised_user`) VALUES ('gbx_company_group(list2)', 'audit_dtl(list)3', '006', 'Audit Trail', 'Y', '2007-05-30 10:49:23', 'DIC', NULL, NULL);
REPLACE INTO `mnu_nav_button` (`task_id_snr`, `task_id_jnr`, `sort_seq`, `button_text`, `context_preselect`, `created_date`, `created_user`, `revised_date`, `revised_user`) VALUES ('dict_column(list)2', 'audit_dtl(list)3', '006', 'Audit Trail', 'Y', '2005-03-12 23:43:28', 'AJM', '2005-03-12 23:43:43', 'AJM');
REPLACE INTO `mnu_nav_button` (`task_id_snr`, `task_id_jnr`, `sort_seq`, `button_text`, `context_preselect`, `created_date`, `created_user`, `revised_date`, `revised_user`) VALUES ('mnu_account(list1)', 'audit_dtl(list)3', '006', 'Audit Trail', 'Y', '2007-09-13 11:30:43', 'AJM', NULL, NULL);
REPLACE INTO `mnu_nav_button` (`task_id_snr`, `task_id_jnr`, `sort_seq`, `button_text`, `context_preselect`, `created_date`, `created_user`, `revised_date`, `revised_user`) VALUES ('shp_shipment_status(list2)', 'audit_dtl(list)3', '006', 'Audit Trail', 'Y', '2007-04-02 18:38:03', 'AJM', NULL, NULL);
REPLACE INTO `mnu_nav_button` (`task_id_snr`, `task_id_jnr`, `sort_seq`, `button_text`, `context_preselect`, `created_date`, `created_user`, `revised_date`, `revised_user`) VALUES ('dict_relationship(list)2', 'audit_dtl(list)3', '006', 'Audit Trail', 'Y', '2005-06-11 18:39:37', 'AJM', '2005-06-26 12:36:53', 'AJM');
REPLACE INTO `mnu_nav_button` (`task_id_snr`, `task_id_jnr`, `sort_seq`, `button_text`, `context_preselect`, `created_date`, `created_user`, `revised_date`, `revised_user`) VALUES ('dict_table_key(list)2', 'audit_dtl(list)3', '006', 'Audit Trail', 'Y', '2005-03-19 18:22:42', 'AJM', NULL, NULL);
REPLACE INTO `mnu_nav_button` (`task_id_snr`, `task_id_jnr`, `sort_seq`, `button_text`, `context_preselect`, `created_date`, `created_user`, `revised_date`, `revised_user`) VALUES ('ord_invoice_status(list2)', 'audit_dtl(list)3', '006', 'Audit Trail', 'Y', '2007-04-28 16:31:25', 'AJM', NULL, NULL);
REPLACE INTO `mnu_nav_button` (`task_id_snr`, `task_id_jnr`, `sort_seq`, `button_text`, `context_preselect`, `created_date`, `created_user`, `revised_date`, `revised_user`) VALUES ('wf_transition(list)', 'audit_dtl(list)3', '006', 'Audit Trail', 'Y', '2004-04-12 19:01:54', 'AJM', NULL, NULL);
REPLACE INTO `mnu_nav_button` (`task_id_snr`, `task_id_jnr`, `sort_seq`, `button_text`, `context_preselect`, `created_date`, `created_user`, `revised_date`, `revised_user`) VALUES ('mnu_todo(list1)', 'audit_dtl(list)3', '008', 'Audit Trail', 'Y', '2005-07-30 19:32:15', 'AJM', '2010-07-24 11:09:39', 'AJM');
REPLACE INTO `mnu_nav_button` (`task_id_snr`, `task_id_jnr`, `sort_seq`, `button_text`, `context_preselect`, `created_date`, `created_user`, `revised_date`, `revised_user`) VALUES ('wf_case(list)', 'audit_dtl(list)3', '007', 'Audit Trail', 'Y', '2006-02-18 18:37:09', 'AJM', NULL, NULL);
REPLACE INTO `mnu_nav_button` (`task_id_snr`, `task_id_jnr`, `sort_seq`, `button_text`, `context_preselect`, `created_date`, `created_user`, `revised_date`, `revised_user`) VALUES ('wf_case(list)2', 'audit_dtl(list)3', '007', 'Audit Trail', 'Y', '2006-02-18 18:37:27', 'AJM', NULL, NULL);
REPLACE INTO `mnu_nav_button` (`task_id_snr`, `task_id_jnr`, `sort_seq`, `button_text`, `context_preselect`, `created_date`, `created_user`, `revised_date`, `revised_user`) VALUES ('mnu_pattern(list1)', 'audit_dtl(list)3', '007', 'Audit Trail', 'Y', '2004-04-09 11:37:12', 'AJM', '2007-09-10 10:55:34', 'AJM');
REPLACE INTO `mnu_nav_button` (`task_id_snr`, `task_id_jnr`, `sort_seq`, `button_text`, `context_preselect`, `created_date`, `created_user`, `revised_date`, `revised_user`) VALUES ('dict_column(list)', 'audit_dtl(list)3', '007', 'Audit Trail', 'Y', '2005-06-10 12:47:40', 'AJM', '2006-10-01 11:33:40', 'AJM');
REPLACE INTO `mnu_nav_button` (`task_id_snr`, `task_id_jnr`, `sort_seq`, `button_text`, `context_preselect`, `created_date`, `created_user`, `revised_date`, `revised_user`) VALUES ('dict_database(list)2', 'audit_dtl(list)3', '007', 'Audit Trail', 'Y', '2005-03-12 19:08:37', 'AJM', '2005-06-10 17:20:20', 'AJM');
REPLACE INTO `mnu_nav_button` (`task_id_snr`, `task_id_jnr`, `sort_seq`, `button_text`, `context_preselect`, `created_date`, `created_user`, `revised_date`, `revised_user`) VALUES ('dict_table(list)', 'audit_dtl(list)3', '009', 'Audit Trail', 'Y', '2005-06-10 12:43:33', 'AJM', '2006-10-01 11:27:01', 'AJM');
REPLACE INTO `mnu_nav_button` (`task_id_snr`, `task_id_jnr`, `sort_seq`, `button_text`, `context_preselect`, `created_date`, `created_user`, `revised_date`, `revised_user`) VALUES ('dict_database(list)', 'audit_dtl(list)3', '010', 'Audit Trail', 'Y', '2005-03-12 19:07:33', 'AJM', '2005-12-10 12:33:03', 'AJM');
REPLACE INTO `mnu_nav_button` (`task_id_snr`, `task_id_jnr`, `sort_seq`, `button_text`, `context_preselect`, `created_date`, `created_user`, `revised_date`, `revised_user`) VALUES ('mnu_role(list1)', 'audit_dtl(list)3', '010', 'Audit Trail', 'Y', '2004-04-09 11:37:40', 'AJM', '2007-09-10 11:41:47', 'AJM');
REPLACE INTO `mnu_nav_button` (`task_id_snr`, `task_id_jnr`, `sort_seq`, `button_text`, `context_preselect`, `created_date`, `created_user`, `revised_date`, `revised_user`) VALUES ('mnu_user(list1)', 'audit_dtl(list)3', '014', 'Audit Trail', 'Y', '2004-04-09 11:39:20', 'AJM', '2010-07-20 10:56:18', 'AJM');
REPLACE INTO `mnu_nav_button` (`task_id_snr`, `task_id_jnr`, `sort_seq`, `button_text`, `context_preselect`, `created_date`, `created_user`, `revised_date`, `revised_user`) VALUES ('dict_table(list)2', 'audit_dtl(list)3', '011', 'Audit Trail', 'Y', '2005-03-12 23:12:27', 'AJM', '2006-10-01 11:27:45', 'AJM');
REPLACE INTO `mnu_nav_button` (`task_id_snr`, `task_id_jnr`, `sort_seq`, `button_text`, `context_preselect`, `created_date`, `created_user`, `revised_date`, `revised_user`) VALUES ('mnu_subsystem(list1)', 'audit_dtl(list)3', '012', 'Audit Trail', 'Y', '2004-04-09 11:37:58', 'AJM', '2007-09-10 14:01:48', 'AJM');
REPLACE INTO `mnu_nav_button` (`task_id_snr`, `task_id_jnr`, `sort_seq`, `button_text`, `context_preselect`, `created_date`, `created_user`, `revised_date`, `revised_user`) VALUES ('wf_workflow(list)', 'audit_dtl(list)3', '013', 'Audit Trail', 'Y', '2004-04-09 11:57:37', 'AJM', '2004-04-26 14:14:18', 'AJM');
REPLACE INTO `mnu_nav_button` (`task_id_snr`, `task_id_jnr`, `sort_seq`, `button_text`, `context_preselect`, `created_date`, `created_user`, `revised_date`, `revised_user`) VALUES ('mnu_task(list1)b', 'audit_dtl(list)3', '013', 'Audit Trail', 'Y', '2004-04-08 16:27:07', 'AJM', '2007-09-10 14:35:53', 'AJM');
REPLACE INTO `mnu_nav_button` (`task_id_snr`, `task_id_jnr`, `sort_seq`, `button_text`, `context_preselect`, `created_date`, `created_user`, `revised_date`, `revised_user`) VALUES ('mnu_task(list1)a', 'audit_dtl(list)3', '022', 'Audit Trail', 'Y', '2004-04-09 11:38:58', 'AJM', '2009-11-15 18:12:56', 'AJM');
REPLACE INTO `mnu_nav_button` (`task_id_snr`, `task_id_jnr`, `sort_seq`, `button_text`, `context_preselect`, `created_date`, `created_user`, `revised_date`, `revised_user`) VALUES ('mnu_task(list1)', 'audit_dtl(list)3', '024', 'Audit Trail', 'Y', '2004-04-09 11:38:19', 'AJM', '2009-11-15 18:13:28', 'AJM');
REPLACE INTO `mnu_nav_button` (`task_id_snr`, `task_id_jnr`, `sort_seq`, `button_text`, `context_preselect`, `created_date`, `created_user`, `revised_date`, `revised_user`) VALUES ('dict_column(list1)', 'audit_dtl(list)3', '007', 'Audit Trail', 'Y', '2005-06-10 12:47:40', 'AJM', '2009-06-26 11:30:46', 'AJM');
REPLACE INTO `mnu_nav_button` (`task_id_snr`, `task_id_jnr`, `sort_seq`, `button_text`, `context_preselect`, `created_date`, `created_user`, `revised_date`, `revised_user`) VALUES ('dict_column(list2)', 'audit_dtl(list)3', '006', 'Audit Trail', 'Y', '2005-03-12 23:43:28', 'AJM', '2009-06-26 11:31:32', 'AJM');
REPLACE INTO `mnu_nav_button` (`task_id_snr`, `task_id_jnr`, `sort_seq`, `button_text`, `context_preselect`, `created_date`, `created_user`, `revised_date`, `revised_user`) VALUES ('dict_database(list1)', 'audit_dtl(list)3', '010', 'Audit Trail', 'Y', '2005-03-12 19:07:33', 'AJM', '2009-06-26 16:12:49', 'AJM');
REPLACE INTO `mnu_nav_button` (`task_id_snr`, `task_id_jnr`, `sort_seq`, `button_text`, `context_preselect`, `created_date`, `created_user`, `revised_date`, `revised_user`) VALUES ('dict_database(list2)', 'audit_dtl(list)3', '007', 'Audit Trail', 'Y', '2005-03-12 19:08:37', 'AJM', '2009-06-26 16:13:25', 'AJM');
REPLACE INTO `mnu_nav_button` (`task_id_snr`, `task_id_jnr`, `sort_seq`, `button_text`, `context_preselect`, `created_date`, `created_user`, `revised_date`, `revised_user`) VALUES ('dict_relationship(list1)', 'audit_dtl(list)3', '005', 'Audit Trail', 'Y', '2005-06-11 18:38:45', 'AJM', '2009-06-26 17:44:53', 'AJM');
REPLACE INTO `mnu_nav_button` (`task_id_snr`, `task_id_jnr`, `sort_seq`, `button_text`, `context_preselect`, `created_date`, `created_user`, `revised_date`, `revised_user`) VALUES ('dict_relationship(list2)a', 'audit_dtl(list)3', '006', 'Audit Trail', 'Y', '2005-06-11 18:39:37', 'AJM', '2009-06-26 17:47:05', 'AJM');
REPLACE INTO `mnu_nav_button` (`task_id_snr`, `task_id_jnr`, `sort_seq`, `button_text`, `context_preselect`, `created_date`, `created_user`, `revised_date`, `revised_user`) VALUES ('dict_relationship(list2)b', 'audit_dtl(list)3', '005', 'Audit Trail', 'Y', '2005-06-11 18:41:56', 'AJM', '2009-06-26 17:48:15', 'AJM');
REPLACE INTO `mnu_nav_button` (`task_id_snr`, `task_id_jnr`, `sort_seq`, `button_text`, `context_preselect`, `created_date`, `created_user`, `revised_date`, `revised_user`) VALUES ('dict_table_key(list1)', 'audit_dtl(list)3', '004', 'Audit Trail', 'Y', '2005-06-10 09:45:43', 'AJM', '2009-06-26 19:04:29', 'AJM');
REPLACE INTO `mnu_nav_button` (`task_id_snr`, `task_id_jnr`, `sort_seq`, `button_text`, `context_preselect`, `created_date`, `created_user`, `revised_date`, `revised_user`) VALUES ('dict_table_key(list2)', 'audit_dtl(list)3', '006', 'Audit Trail', 'Y', '2005-03-19 18:22:42', 'AJM', '2009-06-26 19:05:23', 'AJM');
REPLACE INTO `mnu_nav_button` (`task_id_snr`, `task_id_jnr`, `sort_seq`, `button_text`, `context_preselect`, `created_date`, `created_user`, `revised_date`, `revised_user`) VALUES ('dict_table(list1)', 'audit_dtl(list)3', '009', 'Audit Trail', 'Y', '2005-06-10 12:43:33', 'AJM', '2009-06-26 18:21:56', 'AJM');
REPLACE INTO `mnu_nav_button` (`task_id_snr`, `task_id_jnr`, `sort_seq`, `button_text`, `context_preselect`, `created_date`, `created_user`, `revised_date`, `revised_user`) VALUES ('dict_table(list2)', 'audit_dtl(list)3', '011', 'Audit Trail', 'Y', '2005-03-12 23:12:27', 'AJM', '2009-06-26 18:23:59', 'AJM');
REPLACE INTO `mnu_nav_button` (`task_id_snr`, `task_id_jnr`, `sort_seq`, `button_text`, `context_preselect`, `created_date`, `created_user`, `revised_date`, `revised_user`) VALUES ('mnu_motd(list1)', 'audit_dtl(list)3', '006', 'Audit Trail', 'Y', '2009-05-05 11:36:59', 'AJM', NULL, NULL);
REPLACE INTO `mnu_nav_button` (`task_id_snr`, `task_id_jnr`, `sort_seq`, `button_text`, `context_preselect`, `created_date`, `created_user`, `revised_date`, `revised_user`) VALUES ('ord_order_item_status_hist(list2)', 'audit_dtl(list)3', '006', 'Audit Trail', 'Y', '2007-03-31 11:42:43', 'AJM', NULL, NULL);
REPLACE INTO `mnu_nav_button` (`task_id_snr`, `task_id_jnr`, `sort_seq`, `button_text`, `context_preselect`, `created_date`, `created_user`, `revised_date`, `revised_user`) VALUES ('ord_order_item_status_type_alt(list2)', 'audit_dtl(list)3', '006', 'Audit Trail', 'Y', '2008-07-07 15:34:42', 'AJM', NULL, NULL);
REPLACE INTO `mnu_nav_button` (`task_id_snr`, `task_id_jnr`, `sort_seq`, `button_text`, `context_preselect`, `created_date`, `created_user`, `revised_date`, `revised_user`) VALUES ('ord_order_item_status_type(list1)', 'audit_dtl(list)3', '007', 'Audit Trail', 'Y', '2007-05-22 15:04:35', 'AJM', '2008-07-07 15:46:22', 'AJM');
REPLACE INTO `mnu_nav_button` (`task_id_snr`, `task_id_jnr`, `sort_seq`, `button_text`, `context_preselect`, `created_date`, `created_user`, `revised_date`, `revised_user`) VALUES ('ord_order_item_t(list1)', 'audit_dtl(list)3', '004', 'Audit Trail', 'Y', '2007-12-12 15:47:52', 'AJM', '2008-02-08 14:54:38', 'AJM');
REPLACE INTO `mnu_nav_button` (`task_id_snr`, `task_id_jnr`, `sort_seq`, `button_text`, `context_preselect`, `created_date`, `created_user`, `revised_date`, `revised_user`) VALUES ('inv_issuance_role_type(list1)', 'audit_dtl(list)3', '006', 'Audit Trail', 'Y', '2007-04-10 15:07:23', 'AJM', NULL, NULL);
REPLACE INTO `mnu_nav_button` (`task_id_snr`, `task_id_jnr`, `sort_seq`, `button_text`, `context_preselect`, `created_date`, `created_user`, `revised_date`, `revised_user`) VALUES ('ord_order_item_t(list2)', 'audit_dtl(list)3', '007', 'Audit Trail', 'Y', '2007-06-24 21:36:16', 'AJM', '2008-02-08 14:55:04', 'AJM');
REPLACE INTO `mnu_nav_button` (`task_id_snr`, `task_id_jnr`, `sort_seq`, `button_text`, `context_preselect`, `created_date`, `created_user`, `revised_date`, `revised_user`) VALUES ('ord_order_item_terms(list2)', 'audit_dtl(list)3', '006', 'Audit Trail', 'Y', '2007-03-31 17:34:21', 'AJM', NULL, NULL);
REPLACE INTO `mnu_nav_button` (`task_id_snr`, `task_id_jnr`, `sort_seq`, `button_text`, `context_preselect`, `created_date`, `created_user`, `revised_date`, `revised_user`) VALUES ('ord_order_notes(list2)', 'audit_dtl(list)3', '006', 'Audit Trail', 'Y', '2007-06-22 10:31:24', 'AJM', NULL, NULL);
REPLACE INTO `mnu_nav_button` (`task_id_snr`, `task_id_jnr`, `sort_seq`, `button_text`, `context_preselect`, `created_date`, `created_user`, `revised_date`, `revised_user`) VALUES ('ord_order_header_s(list2)', 'audit_dtl(list)3', '012', 'Audit Trail', 'Y', '2007-03-09 16:38:26', 'AJM', '2010-08-30 14:23:47', 'AJM');
REPLACE INTO `mnu_nav_button` (`task_id_snr`, `task_id_jnr`, `sort_seq`, `button_text`, `context_preselect`, `created_date`, `created_user`, `revised_date`, `revised_user`) VALUES ('ord_order_role_type(list1)', 'audit_dtl(list)3', '006', 'Audit Trail', 'Y', '2007-03-05 16:49:47', 'AJM', NULL, NULL);
REPLACE INTO `mnu_nav_button` (`task_id_snr`, `task_id_jnr`, `sort_seq`, `button_text`, `context_preselect`, `created_date`, `created_user`, `revised_date`, `revised_user`) VALUES ('ord_order_role(list2)', 'audit_dtl(list)3', '006', 'Audit Trail', 'Y', '2007-03-06 13:52:43', 'AJM', NULL, NULL);
REPLACE INTO `mnu_nav_button` (`task_id_snr`, `task_id_jnr`, `sort_seq`, `button_text`, `context_preselect`, `created_date`, `created_user`, `revised_date`, `revised_user`) VALUES ('inv_inventory_item_variance(list2)', 'audit_dtl(list)3', '006', 'Audit Trail', 'Y', '2006-07-06 17:55:29', 'AJM', '2007-03-04 21:08:03', 'AJM');
REPLACE INTO `mnu_nav_button` (`task_id_snr`, `task_id_jnr`, `sort_seq`, `button_text`, `context_preselect`, `created_date`, `created_user`, `revised_date`, `revised_user`) VALUES ('shp_return_matl_auth_item(list2)', 'audit_dtl(list)3', '006', 'Audit Trail', 'Y', '2010-04-09 16:28:46', 'AJM', NULL, NULL);
REPLACE INTO `mnu_nav_button` (`task_id_snr`, `task_id_jnr`, `sort_seq`, `button_text`, `context_preselect`, `created_date`, `created_user`, `revised_date`, `revised_user`) VALUES ('shp_return_matl_auth_hdr(list1)', 'audit_dtl(list)3', '013', 'Audit Trail', 'Y', '2010-04-09 15:50:43', 'AJM', '2010-05-15 18:23:38', 'AJM');
REPLACE INTO `mnu_nav_button` (`task_id_snr`, `task_id_jnr`, `sort_seq`, `button_text`, `context_preselect`, `created_date`, `created_user`, `revised_date`, `revised_user`) VALUES ('inv_picklist_dtl(list2)wrd2', 'audit_dtl(list)3', '008', 'Audit Trail', 'Y', '2010-04-16 09:40:35', 'AJM', '2011-07-11 10:26:46', 'AJM');
REPLACE INTO `mnu_nav_button` (`task_id_snr`, `task_id_jnr`, `sort_seq`, `button_text`, `context_preselect`, `created_date`, `created_user`, `revised_date`, `revised_user`) VALUES ('py_email_msg(list1)', 'audit_dtl(list)3', '018', 'Audit Trail', 'Y', '2010-04-16 16:22:32', 'AJM', '2010-11-13 08:10:42', 'AJM');
REPLACE INTO `mnu_nav_button` (`task_id_snr`, `task_id_jnr`, `sort_seq`, `button_text`, `context_preselect`, `created_date`, `created_user`, `revised_date`, `revised_user`) VALUES ('py_email_msg(list2)a', 'audit_dtl(list)3', '015', 'Audit Trail', 'Y', '2010-04-28 15:50:43', 'AJM', '2010-07-13 16:31:58', 'AJM');
REPLACE INTO `mnu_nav_button` (`task_id_snr`, `task_id_jnr`, `sort_seq`, `button_text`, `context_preselect`, `created_date`, `created_user`, `revised_date`, `revised_user`) VALUES ('py_email_msg(list2)b', 'audit_dtl(list)3', '015', 'Audit Trail', 'Y', '2010-04-28 15:51:31', 'AJM', '2010-05-20 11:56:49', 'AJM');
REPLACE INTO `mnu_nav_button` (`task_id_snr`, `task_id_jnr`, `sort_seq`, `button_text`, `context_preselect`, `created_date`, `created_user`, `revised_date`, `revised_user`) VALUES ('py_email_msg(list2)c', 'audit_dtl(list)3', '015', 'Audit Trail', 'Y', '2010-04-28 15:52:33', 'AJM', '2010-05-20 11:57:16', 'AJM');
REPLACE INTO `mnu_nav_button` (`task_id_snr`, `task_id_jnr`, `sort_seq`, `button_text`, `context_preselect`, `created_date`, `created_user`, `revised_date`, `revised_user`) VALUES ('acc_credit_note(list1)', 'audit_dtl(list)3', '014', 'Audit Trail', 'Y', '2010-04-28 16:10:59', 'AJM', NULL, NULL);
REPLACE INTO `mnu_nav_button` (`task_id_snr`, `task_id_jnr`, `sort_seq`, `button_text`, `context_preselect`, `created_date`, `created_user`, `revised_date`, `revised_user`) VALUES ('wrk_work_effort(list1)', 'audit_dtl(list)3', '013', 'Audit Trail', 'Y', '2008-03-14 18:39:41', 'AJM', '2008-04-08 10:54:47', 'AJM');
REPLACE INTO `mnu_nav_button` (`task_id_snr`, `task_id_jnr`, `sort_seq`, `button_text`, `context_preselect`, `created_date`, `created_user`, `revised_date`, `revised_user`) VALUES ('wrk_work_effort_type(list1)', 'audit_dtl(list)3', '006', 'Audit Trail', 'Y', '2008-03-16 18:11:07', 'AJM', NULL, NULL);
REPLACE INTO `mnu_nav_button` (`task_id_snr`, `task_id_jnr`, `sort_seq`, `button_text`, `context_preselect`, `created_date`, `created_user`, `revised_date`, `revised_user`) VALUES ('wrk_work_effort_status_type(list1)', 'audit_dtl(list)3', '006', 'Audit Trail', 'Y', '2008-03-15 12:00:58', 'AJM', NULL, NULL);
REPLACE INTO `mnu_nav_button` (`task_id_snr`, `task_id_jnr`, `sort_seq`, `button_text`, `context_preselect`, `created_date`, `created_user`, `revised_date`, `revised_user`) VALUES ('wrk_work_effort_status_hist(list2)', 'audit_dtl(list)3', '006', 'Audit Trail', 'Y', '2008-03-15 18:04:55', 'AJM', NULL, NULL);
REPLACE INTO `mnu_nav_button` (`task_id_snr`, `task_id_jnr`, `sort_seq`, `button_text`, `context_preselect`, `created_date`, `created_user`, `revised_date`, `revised_user`) VALUES ('wrk_work_effort_purpose(list1)', 'audit_dtl(list)3', '006', 'Audit Trail', 'Y', '2008-03-16 18:10:37', 'AJM', NULL, NULL);
REPLACE INTO `mnu_nav_button` (`task_id_snr`, `task_id_jnr`, `sort_seq`, `button_text`, `context_preselect`, `created_date`, `created_user`, `revised_date`, `revised_user`) VALUES ('wrk_work_effort_party(list1)', 'audit_dtl(list)3', '011', 'Audit Trail', 'Y', '2008-03-14 17:28:11', 'AJM', '2008-04-08 11:03:55', 'AJM');
REPLACE INTO `mnu_nav_button` (`task_id_snr`, `task_id_jnr`, `sort_seq`, `button_text`, `context_preselect`, `created_date`, `created_user`, `revised_date`, `revised_user`) VALUES ('wrk_work_effort_assignment(list2)b', 'audit_dtl(list)3', '008', 'Audit Trail', 'Y', '2008-03-14 19:46:54', 'AJM', '2008-03-23 19:22:13', 'AJM');
REPLACE INTO `mnu_nav_button` (`task_id_snr`, `task_id_jnr`, `sort_seq`, `button_text`, `context_preselect`, `created_date`, `created_user`, `revised_date`, `revised_user`) VALUES ('wrk_work_effort_assignment(list2)a', 'audit_dtl(list)3', '008', 'Audit Trail', 'Y', '2008-03-14 19:13:15', 'AJM', '2008-03-23 19:20:45', 'AJM');
REPLACE INTO `mnu_nav_button` (`task_id_snr`, `task_id_jnr`, `sort_seq`, `button_text`, `context_preselect`, `created_date`, `created_user`, `revised_date`, `revised_user`) VALUES ('wrk_timesheet(list2)', 'audit_dtl(list)3', '008', 'Audit Trail', 'Y', '2008-03-21 17:28:06', 'AJM', '2008-04-02 11:38:23', 'AJM');
REPLACE INTO `mnu_nav_button` (`task_id_snr`, `task_id_jnr`, `sort_seq`, `button_text`, `context_preselect`, `created_date`, `created_user`, `revised_date`, `revised_user`) VALUES ('wrk_timesheet(list1)', 'audit_dtl(list)3', '008', 'Audit Trail', 'Y', '2008-04-02 16:33:43', 'AJM', '2008-04-02 17:09:07', 'AJM');
REPLACE INTO `mnu_nav_button` (`task_id_snr`, `task_id_jnr`, `sort_seq`, `button_text`, `context_preselect`, `created_date`, `created_user`, `revised_date`, `revised_user`) VALUES ('wrk_timesheet_role_type(list1)', 'audit_dtl(list)3', '006', 'Audit Trail', 'Y', '2008-03-14 17:10:45', 'AJM', NULL, NULL);
REPLACE INTO `mnu_nav_button` (`task_id_snr`, `task_id_jnr`, `sort_seq`, `button_text`, `context_preselect`, `created_date`, `created_user`, `revised_date`, `revised_user`) VALUES ('wrk_expense(list2)c', 'audit_dtl(list)3', '006', 'Audit Trail', 'Y', '2008-04-04 17:53:45', 'AJM', NULL, NULL);
REPLACE INTO `mnu_nav_button` (`task_id_snr`, `task_id_jnr`, `sort_seq`, `button_text`, `context_preselect`, `created_date`, `created_user`, `revised_date`, `revised_user`) VALUES ('wrk_expense(list2)b', 'audit_dtl(list)3', '006', 'Audit Trail', 'Y', '2008-04-04 17:45:37', 'AJM', NULL, NULL);
REPLACE INTO `mnu_nav_button` (`task_id_snr`, `task_id_jnr`, `sort_seq`, `button_text`, `context_preselect`, `created_date`, `created_user`, `revised_date`, `revised_user`) VALUES ('wrk_expense(list2)a', 'audit_dtl(list)3', '006', 'Audit Trail', 'Y', '2008-04-04 17:32:28', 'AJM', NULL, NULL);
REPLACE INTO `mnu_nav_button` (`task_id_snr`, `task_id_jnr`, `sort_seq`, `button_text`, `context_preselect`, `created_date`, `created_user`, `revised_date`, `revised_user`) VALUES ('wrk_expense(list1)', 'audit_dtl(list)3', '010', 'Audit Trail', 'Y', '2008-04-03 11:28:11', 'AJM', '2008-04-05 19:03:40', 'AJM');
REPLACE INTO `mnu_nav_button` (`task_id_snr`, `task_id_jnr`, `sort_seq`, `button_text`, `context_preselect`, `created_date`, `created_user`, `revised_date`, `revised_user`) VALUES ('wrk_expense_type(list1)', 'audit_dtl(list)3', '007', 'Audit Trail', 'Y', '2008-04-03 11:13:03', 'AJM', '2008-04-04 17:55:05', 'AJM');
REPLACE INTO `mnu_nav_button` (`task_id_snr`, `task_id_jnr`, `sort_seq`, `button_text`, `context_preselect`, `created_date`, `created_user`, `revised_date`, `revised_user`) VALUES ('wrk_assignment_role(list1)', 'audit_dtl(list)3', '006', 'Audit Trail', 'Y', '2008-03-17 11:12:31', 'AJM', NULL, NULL);
REPLACE INTO `mnu_nav_button` (`task_id_snr`, `task_id_jnr`, `sort_seq`, `button_text`, `context_preselect`, `created_date`, `created_user`, `revised_date`, `revised_user`) VALUES ('shp_vehicle(list2)', 'audit_dtl(list)3', '007', 'Audit Trail', 'Y', '2007-04-13 11:29:49', 'AJM', '2007-04-13 18:01:07', 'AJM');
REPLACE INTO `mnu_nav_button` (`task_id_snr`, `task_id_jnr`, `sort_seq`, `button_text`, `context_preselect`, `created_date`, `created_user`, `revised_date`, `revised_user`) VALUES ('shp_vehicle(list1)', 'audit_dtl(list)3', '007', 'Audit Trail', 'Y', '2007-04-12 20:50:50', 'AJM', '2007-04-13 18:00:48', 'AJM');
REPLACE INTO `mnu_nav_button` (`task_id_snr`, `task_id_jnr`, `sort_seq`, `button_text`, `context_preselect`, `created_date`, `created_user`, `revised_date`, `revised_user`) VALUES ('shp_vehicle_type(list1)', 'audit_dtl(list)3', '007', 'Audit Trail', 'Y', '2007-04-12 20:41:33', 'AJM', '2007-04-13 11:31:15', 'AJM');
REPLACE INTO `mnu_nav_button` (`task_id_snr`, `task_id_jnr`, `sort_seq`, `button_text`, `context_preselect`, `created_date`, `created_user`, `revised_date`, `revised_user`) VALUES ('shp_splr_shipment(list2)', 'audit_dtl(list)3', '011', 'Audit Trail', 'Y', '2008-02-12 11:43:20', 'AJM', '2008-02-15 16:56:03', 'AJM');
REPLACE INTO `mnu_nav_button` (`task_id_snr`, `task_id_jnr`, `sort_seq`, `button_text`, `context_preselect`, `created_date`, `created_user`, `revised_date`, `revised_user`) VALUES ('shp_splr_shipment(list1)', 'audit_dtl(list)3', '007', 'Audit Trail', 'Y', '2008-02-20 17:50:46', 'AJM', '2008-02-20 18:20:55', 'AJM');
REPLACE INTO `mnu_nav_button` (`task_id_snr`, `task_id_jnr`, `sort_seq`, `button_text`, `context_preselect`, `created_date`, `created_user`, `revised_date`, `revised_user`) VALUES ('shp_splr_package(list2)s', 'audit_dtl(list)3', '007', 'Audit Trail', 'Y', '2008-02-12 16:05:38', 'AJM', '2008-02-14 16:58:14', 'AJM');
REPLACE INTO `mnu_nav_button` (`task_id_snr`, `task_id_jnr`, `sort_seq`, `button_text`, `context_preselect`, `created_date`, `created_user`, `revised_date`, `revised_user`) VALUES ('shp_splr_package(list2)', 'audit_dtl(list)3', '007', 'Audit Trail', 'Y', '2008-02-12 16:05:38', 'AJM', '2008-02-12 16:45:44', 'AJM');
REPLACE INTO `mnu_nav_button` (`task_id_snr`, `task_id_jnr`, `sort_seq`, `button_text`, `context_preselect`, `created_date`, `created_user`, `revised_date`, `revised_user`) VALUES ('shp_splr_package_content(list2)s', 'audit_dtl(list)3', '006', 'Audit Trail', 'Y', '2008-02-12 16:42:29', 'AJM', NULL, NULL);
REPLACE INTO `mnu_nav_button` (`task_id_snr`, `task_id_jnr`, `sort_seq`, `button_text`, `context_preselect`, `created_date`, `created_user`, `revised_date`, `revised_user`) VALUES ('shp_shipment(list1)drop', 'audit_dtl(list)3', '008', 'Audit Trail', 'Y', '2007-05-03 13:57:21', 'AJM', '2007-05-03 14:04:05', 'AJM');
REPLACE INTO `mnu_nav_button` (`task_id_snr`, `task_id_jnr`, `sort_seq`, `button_text`, `context_preselect`, `created_date`, `created_user`, `revised_date`, `revised_user`) VALUES ('shp_shipment(list1)in1', 'audit_dtl(list)3', '011', 'Audit Trail', 'Y', '2007-05-03 13:55:48', 'AJM', '2008-10-10 20:49:49', 'AJM');
REPLACE INTO `mnu_nav_button` (`task_id_snr`, `task_id_jnr`, `sort_seq`, `button_text`, `context_preselect`, `created_date`, `created_user`, `revised_date`, `revised_user`) VALUES ('shp_shipment(list1)in2', 'audit_dtl(list)3', '008', 'Audit Trail', 'Y', '2007-05-03 13:55:34', 'AJM', '2007-05-03 14:18:14', 'AJM');
REPLACE INTO `mnu_nav_button` (`task_id_snr`, `task_id_jnr`, `sort_seq`, `button_text`, `context_preselect`, `created_date`, `created_user`, `revised_date`, `revised_user`) VALUES ('shp_shipment(list1)in3', 'audit_dtl(list)3', '008', 'Audit Trail', 'Y', '2007-05-03 13:55:24', 'AJM', '2007-05-03 14:18:32', 'AJM');
REPLACE INTO `mnu_nav_button` (`task_id_snr`, `task_id_jnr`, `sort_seq`, `button_text`, `context_preselect`, `created_date`, `created_user`, `revised_date`, `revised_user`) VALUES ('shp_shipment(list1)out1', 'audit_dtl(list)3', '014', 'Audit Trail', 'Y', '2007-05-03 13:55:12', 'AJM', '2010-01-18 11:49:19', 'AJM');
REPLACE INTO `mnu_nav_button` (`task_id_snr`, `task_id_jnr`, `sort_seq`, `button_text`, `context_preselect`, `created_date`, `created_user`, `revised_date`, `revised_user`) VALUES ('shp_shipment(list1)out2', 'audit_dtl(list)3', '010', 'Audit Trail', 'Y', '2007-05-03 13:55:01', 'AJM', '2007-07-03 11:21:21', 'AJM');
REPLACE INTO `mnu_nav_button` (`task_id_snr`, `task_id_jnr`, `sort_seq`, `button_text`, `context_preselect`, `created_date`, `created_user`, `revised_date`, `revised_user`) VALUES ('shp_shipment(list1)out3', 'audit_dtl(list)3', '010', 'Audit Trail', 'Y', '2007-05-03 13:54:48', 'AJM', '2007-07-03 11:22:13', 'AJM');
REPLACE INTO `mnu_nav_button` (`task_id_snr`, `task_id_jnr`, `sort_seq`, `button_text`, `context_preselect`, `created_date`, `created_user`, `revised_date`, `revised_user`) VALUES ('shp_shipment(list2)', 'audit_dtl(list)3', '009', 'Audit Trail', 'Y', '2007-05-24 12:06:16', 'AJM', '2008-08-06 15:05:30', 'AJM');
REPLACE INTO `mnu_nav_button` (`task_id_snr`, `task_id_jnr`, `sort_seq`, `button_text`, `context_preselect`, `created_date`, `created_user`, `revised_date`, `revised_user`) VALUES ('shp_splr_package_content(list2)', 'audit_dtl(list)3', '006', 'Audit Trail', 'Y', '2008-02-12 16:42:29', 'AJM', NULL, NULL);
REPLACE INTO `mnu_nav_button` (`task_id_snr`, `task_id_jnr`, `sort_seq`, `button_text`, `context_preselect`, `created_date`, `created_user`, `revised_date`, `revised_user`) VALUES ('shp_shipment_status_hist(list2)', 'audit_dtl(list)3', '006', 'Audit Trail', 'Y', '2007-04-02 18:38:03', 'AJM', NULL, NULL);
REPLACE INTO `mnu_nav_button` (`task_id_snr`, `task_id_jnr`, `sort_seq`, `button_text`, `context_preselect`, `created_date`, `created_user`, `revised_date`, `revised_user`) VALUES ('pro_prod_feature(list1)', 'audit_dtl(list)3', '009', 'Audit Trail', 'Y', '2004-04-09 11:55:08', 'AJM', '2008-03-06 15:30:50', 'AJM');
REPLACE INTO `mnu_nav_button` (`task_id_snr`, `task_id_jnr`, `sort_seq`, `button_text`, `context_preselect`, `created_date`, `created_user`, `revised_date`, `revised_user`) VALUES ('pro_prod_feature(list2)', 'audit_dtl(list)3', '009', 'Audit Trail', 'Y', '2006-06-27 17:16:57', 'AJM', '2008-09-17 18:59:53', 'AJM');
REPLACE INTO `mnu_nav_button` (`task_id_snr`, `task_id_jnr`, `sort_seq`, `button_text`, `context_preselect`, `created_date`, `created_user`, `revised_date`, `revised_user`) VALUES ('pro_product_alt(list2)', 'audit_dtl(list)3', '006', 'Audit Trail', 'Y', '2008-03-06 14:15:26', 'AJM', NULL, NULL);
REPLACE INTO `mnu_nav_button` (`task_id_snr`, `task_id_jnr`, `sort_seq`, `button_text`, `context_preselect`, `created_date`, `created_user`, `revised_date`, `revised_user`) VALUES ('pro_product_category_alt(list2)', 'audit_dtl(list)3', '006', 'Audit Trail', 'Y', '2008-03-06 14:44:53', 'AJM', NULL, NULL);
REPLACE INTO `mnu_nav_button` (`task_id_snr`, `task_id_jnr`, `sort_seq`, `button_text`, `context_preselect`, `created_date`, `created_user`, `revised_date`, `revised_user`) VALUES ('pro_product_extra_names(list1)', 'audit_dtl(list)3', '006', 'Audit Trail', 'Y', '2007-10-25 19:38:06', 'AJM', NULL, NULL);
REPLACE INTO `mnu_nav_button` (`task_id_snr`, `task_id_jnr`, `sort_seq`, `button_text`, `context_preselect`, `created_date`, `created_user`, `revised_date`, `revised_user`) VALUES ('pro_product_extra_values(list2)', 'audit_dtl(list)3', '006', 'Audit Trail', 'Y', '2007-10-26 13:34:10', 'AJM', NULL, NULL);
REPLACE INTO `mnu_nav_button` (`task_id_snr`, `task_id_jnr`, `sort_seq`, `button_text`, `context_preselect`, `created_date`, `created_user`, `revised_date`, `revised_user`) VALUES ('pro_product_feature_alt(list2)', 'audit_dtl(list)3', '006', 'Audit Trail', 'Y', '2008-03-06 15:26:51', 'AJM', NULL, NULL);
REPLACE INTO `mnu_nav_button` (`task_id_snr`, `task_id_jnr`, `sort_seq`, `button_text`, `context_preselect`, `created_date`, `created_user`, `revised_date`, `revised_user`) VALUES ('pro_product_supplier(list2)a', 'audit_dtl(list)3', '008', 'Audit Trail', 'Y', '2007-02-26 18:21:27', 'AJM', '2007-10-13 13:24:38', 'AJM');
REPLACE INTO `mnu_nav_button` (`task_id_snr`, `task_id_jnr`, `sort_seq`, `button_text`, `context_preselect`, `created_date`, `created_user`, `revised_date`, `revised_user`) VALUES ('pro_product_supplier(list2)b', 'audit_dtl(list)3', '008', 'Audit Trail', 'Y', '2007-02-26 22:46:30', 'AJM', '2007-10-13 13:25:10', 'AJM');
REPLACE INTO `mnu_nav_button` (`task_id_snr`, `task_id_jnr`, `sort_seq`, `button_text`, `context_preselect`, `created_date`, `created_user`, `revised_date`, `revised_user`) VALUES ('pro_product(list1)', 'audit_dtl(list)3', '031', 'Audit Trail', 'Y', '2004-04-09 11:54:41', 'AJM', '2011-12-04 15:16:40', 'AJM');
REPLACE INTO `mnu_nav_button` (`task_id_snr`, `task_id_jnr`, `sort_seq`, `button_text`, `context_preselect`, `created_date`, `created_user`, `revised_date`, `revised_user`) VALUES ('pro_rating_type(list1)', 'audit_dtl(list)3', '006', 'Audit Trail', 'Y', '2007-02-26 17:38:02', 'AJM', '2007-10-13 13:27:21', 'AJM');
REPLACE INTO `mnu_nav_button` (`task_id_snr`, `task_id_jnr`, `sort_seq`, `button_text`, `context_preselect`, `created_date`, `created_user`, `revised_date`, `revised_user`) VALUES ('pro_uom_category(list1)', 'audit_dtl(list)3', '007', 'Audit Trail', 'Y', '2004-04-09 11:55:55', 'AJM', '2007-10-16 15:49:18', 'AJM');
REPLACE INTO `mnu_nav_button` (`task_id_snr`, `task_id_jnr`, `sort_seq`, `button_text`, `context_preselect`, `created_date`, `created_user`, `revised_date`, `revised_user`) VALUES ('pro_uom_conv(list2)', 'audit_dtl(list)3', '006', 'Audit Trail', 'Y', '2004-04-09 11:56:03', 'AJM', '2008-05-03 21:26:14', 'AJM');
REPLACE INTO `mnu_nav_button` (`task_id_snr`, `task_id_jnr`, `sort_seq`, `button_text`, `context_preselect`, `created_date`, `created_user`, `revised_date`, `revised_user`) VALUES ('pro_uom_conv(list2)exch', 'audit_dtl(list)3', '009', 'Audit Trail', 'Y', '2008-05-04 00:51:20', 'AJM', NULL, NULL);
REPLACE INTO `mnu_nav_button` (`task_id_snr`, `task_id_jnr`, `sort_seq`, `button_text`, `context_preselect`, `created_date`, `created_user`, `revised_date`, `revised_user`) VALUES ('pro_uom(list1)', 'audit_dtl(list)3', '007', 'Audit Trail', 'Y', '2004-04-09 11:55:47', 'AJM', '2007-10-16 16:28:19', 'AJM');
REPLACE INTO `mnu_nav_button` (`task_id_snr`, `task_id_jnr`, `sort_seq`, `button_text`, `context_preselect`, `created_date`, `created_user`, `revised_date`, `revised_user`) VALUES ('pro_uom(list2)', 'audit_dtl(list)3', '007', 'Audit Trail', 'Y', '2006-06-27 17:15:50', 'AJM', '2007-10-16 16:29:19', 'AJM');
REPLACE INTO `mnu_nav_button` (`task_id_snr`, `task_id_jnr`, `sort_seq`, `button_text`, `context_preselect`, `created_date`, `created_user`, `revised_date`, `revised_user`) VALUES ('req_request_item(list2)', 'audit_dtl(list)3', '007', 'Audit Trail', 'Y', '2007-01-25 11:49:03', 'AJM', '2007-07-15 18:48:31', 'AJM');
REPLACE INTO `mnu_nav_button` (`task_id_snr`, `task_id_jnr`, `sort_seq`, `button_text`, `context_preselect`, `created_date`, `created_user`, `revised_date`, `revised_user`) VALUES ('req_request_notes(list2)', 'audit_dtl(list)3', '006', 'Audit Trail', 'Y', '2008-02-28 16:00:35', 'AJM', NULL, NULL);
REPLACE INTO `mnu_nav_button` (`task_id_snr`, `task_id_jnr`, `sort_seq`, `button_text`, `context_preselect`, `created_date`, `created_user`, `revised_date`, `revised_user`) VALUES ('req_request_role_type(list1)', 'audit_dtl(list)3', '006', 'Audit Trail', 'Y', '2007-01-17 16:44:37', 'AJM', NULL, NULL);
REPLACE INTO `mnu_nav_button` (`task_id_snr`, `task_id_jnr`, `sort_seq`, `button_text`, `context_preselect`, `created_date`, `created_user`, `revised_date`, `revised_user`) VALUES ('req_request_status_hist(list2)', 'audit_dtl(list)3', '006', 'Audit Trail', 'Y', '2008-03-18 16:45:12', 'AJM', NULL, NULL);
REPLACE INTO `mnu_nav_button` (`task_id_snr`, `task_id_jnr`, `sort_seq`, `button_text`, `context_preselect`, `created_date`, `created_user`, `revised_date`, `revised_user`) VALUES ('req_request_status_type(list1)', 'audit_dtl(list)3', '006', 'Audit Trail', 'Y', '2008-03-18 16:15:38', 'AJM', NULL, NULL);
REPLACE INTO `mnu_nav_button` (`task_id_snr`, `task_id_jnr`, `sort_seq`, `button_text`, `context_preselect`, `created_date`, `created_user`, `revised_date`, `revised_user`) VALUES ('req_request_type(list1)', 'audit_dtl(list)3', '006', 'Audit Trail', 'Y', '2007-01-17 16:09:20', 'AJM', NULL, NULL);
REPLACE INTO `mnu_nav_button` (`task_id_snr`, `task_id_jnr`, `sort_seq`, `button_text`, `context_preselect`, `created_date`, `created_user`, `revised_date`, `revised_user`) VALUES ('req_request(list1)', 'audit_dtl(list)3', '011', 'Audit Trail', 'Y', '2007-01-19 16:53:51', 'AJM', '2008-03-18 16:47:22', 'AJM');
REPLACE INTO `mnu_nav_button` (`task_id_snr`, `task_id_jnr`, `sort_seq`, `button_text`, `context_preselect`, `created_date`, `created_user`, `revised_date`, `revised_user`) VALUES ('req_request(list2)', 'audit_dtl(list)3', '010', 'Audit Trail', 'Y', '2008-05-05 14:09:42', 'AJM', '2008-05-05 15:23:37', 'AJM');
REPLACE INTO `mnu_nav_button` (`task_id_snr`, `task_id_jnr`, `sort_seq`, `button_text`, `context_preselect`, `created_date`, `created_user`, `revised_date`, `revised_user`) VALUES ('req_requirement_party_type(list1)', 'audit_dtl(list)3', '006', 'Audit Trail', 'Y', '2007-09-03 14:44:17', 'AJM', NULL, NULL);
REPLACE INTO `mnu_nav_button` (`task_id_snr`, `task_id_jnr`, `sort_seq`, `button_text`, `context_preselect`, `created_date`, `created_user`, `revised_date`, `revised_user`) VALUES ('req_requirement_request(list2)a', 'audit_dtl(list)3', '005', 'Audit Trail', 'Y', '2007-01-26 15:51:26', 'AJM', '2007-01-26 16:13:44', 'AJM');
REPLACE INTO `mnu_nav_button` (`task_id_snr`, `task_id_jnr`, `sort_seq`, `button_text`, `context_preselect`, `created_date`, `created_user`, `revised_date`, `revised_user`) VALUES ('req_requirement_request(list2)b', 'audit_dtl(list)3', '005', 'Audit Trail', 'Y', '2007-01-26 16:29:48', 'AJM', NULL, NULL);
REPLACE INTO `mnu_nav_button` (`task_id_snr`, `task_id_jnr`, `sort_seq`, `button_text`, `context_preselect`, `created_date`, `created_user`, `revised_date`, `revised_user`) VALUES ('req_requirement_role_type(list1)', 'audit_dtl(list)3', '006', 'Audit Trail', 'Y', '2007-09-03 18:11:30', 'AJM', NULL, NULL);
REPLACE INTO `mnu_nav_button` (`task_id_snr`, `task_id_jnr`, `sort_seq`, `button_text`, `context_preselect`, `created_date`, `created_user`, `revised_date`, `revised_user`) VALUES ('req_requirement_status_hist(list2)', 'audit_dtl(list)3', '006', 'Audit Trail', 'Y', '2008-03-18 18:32:24', 'AJM', NULL, NULL);
REPLACE INTO `mnu_nav_button` (`task_id_snr`, `task_id_jnr`, `sort_seq`, `button_text`, `context_preselect`, `created_date`, `created_user`, `revised_date`, `revised_user`) VALUES ('req_requirement_status_type(list1)', 'audit_dtl(list)3', '006', 'Audit Trail', 'Y', '2008-03-18 18:21:20', 'AJM', NULL, NULL);
REPLACE INTO `mnu_nav_button` (`task_id_snr`, `task_id_jnr`, `sort_seq`, `button_text`, `context_preselect`, `created_date`, `created_user`, `revised_date`, `revised_user`) VALUES ('req_requirement_type(list1)', 'audit_dtl(list)3', '006', 'Audit Trail', 'Y', '2007-01-17 17:10:27', 'AJM', NULL, NULL);
REPLACE INTO `mnu_nav_button` (`task_id_snr`, `task_id_jnr`, `sort_seq`, `button_text`, `context_preselect`, `created_date`, `created_user`, `revised_date`, `revised_user`) VALUES ('req_requirement(list1)', 'audit_dtl(list)3', '010', 'Audit Trail', 'Y', '2007-01-17 18:37:52', 'AJM', '2008-03-18 18:34:27', 'AJM');
REPLACE INTO `mnu_nav_button` (`task_id_snr`, `task_id_jnr`, `sort_seq`, `button_text`, `context_preselect`, `created_date`, `created_user`, `revised_date`, `revised_user`) VALUES ('req_requirement(list2)b', 'audit_dtl(list)3', '010', 'Audit Trail', 'Y', '2008-05-05 16:09:18', 'AJM', '2008-05-05 17:05:03', 'AJM');
REPLACE INTO `mnu_nav_button` (`task_id_snr`, `task_id_jnr`, `sort_seq`, `button_text`, `context_preselect`, `created_date`, `created_user`, `revised_date`, `revised_user`) VALUES ('req_responding_party(list2)', 'audit_dtl(list)3', '006', 'Audit Trail', 'Y', '2007-01-21 20:33:59', 'AJM', NULL, NULL);
REPLACE INTO `mnu_nav_button` (`task_id_snr`, `task_id_jnr`, `sort_seq`, `button_text`, `context_preselect`, `created_date`, `created_user`, `revised_date`, `revised_user`) VALUES ('shp_carrier_shipment_method(list2)', 'audit_dtl(list)3', '006', 'Audit Trail', 'Y', '2007-04-12 18:01:55', 'AJM', NULL, NULL);
REPLACE INTO `mnu_nav_button` (`task_id_snr`, `task_id_jnr`, `sort_seq`, `button_text`, `context_preselect`, `created_date`, `created_user`, `revised_date`, `revised_user`) VALUES ('shp_dispatch_event(list1)', 'audit_dtl(list)3', '008', 'Audit Trail', 'Y', '2007-04-19 18:12:05', 'AJM', '2007-06-21 11:37:15', 'AJM');
REPLACE INTO `mnu_nav_button` (`task_id_snr`, `task_id_jnr`, `sort_seq`, `button_text`, `context_preselect`, `created_date`, `created_user`, `revised_date`, `revised_user`) VALUES ('shp_dispatch_event(list2)b', 'audit_dtl(list)3', '006', 'Audit Trail', 'Y', '2007-04-13 17:44:24', 'AJM', NULL, NULL);
REPLACE INTO `mnu_nav_button` (`task_id_snr`, `task_id_jnr`, `sort_seq`, `button_text`, `context_preselect`, `created_date`, `created_user`, `revised_date`, `revised_user`) VALUES ('shp_dispatch_event(list2)c', 'audit_dtl(list)3', '006', 'Audit Trail', 'Y', '2007-04-13 17:58:28', 'AJM', NULL, NULL);
REPLACE INTO `mnu_nav_button` (`task_id_snr`, `task_id_jnr`, `sort_seq`, `button_text`, `context_preselect`, `created_date`, `created_user`, `revised_date`, `revised_user`) VALUES ('shp_dispatch_event(list2)d', 'audit_dtl(list)3', '006', 'Audit Trail', 'Y', '2007-04-13 18:10:16', 'AJM', NULL, NULL);
REPLACE INTO `mnu_nav_button` (`task_id_snr`, `task_id_jnr`, `sort_seq`, `button_text`, `context_preselect`, `created_date`, `created_user`, `revised_date`, `revised_user`) VALUES ('shp_dispatch_event(list2)e', 'audit_dtl(list)3', '006', 'Audit Trail', 'Y', '2007-04-13 19:49:40', 'AJM', NULL, NULL);
REPLACE INTO `mnu_nav_button` (`task_id_snr`, `task_id_jnr`, `sort_seq`, `button_text`, `context_preselect`, `created_date`, `created_user`, `revised_date`, `revised_user`) VALUES ('shp_dispatch_event(list2)f', 'audit_dtl(list)3', '006', 'Audit Trail', 'Y', '2007-04-14 18:25:29', 'AJM', NULL, NULL);
REPLACE INTO `mnu_nav_button` (`task_id_snr`, `task_id_jnr`, `sort_seq`, `button_text`, `context_preselect`, `created_date`, `created_user`, `revised_date`, `revised_user`) VALUES ('shp_drop_shipment_item(list2)', 'audit_dtl(list)3', '006', 'Audit Trail', 'Y', '2007-04-23 13:48:09', 'AJM', NULL, NULL);
REPLACE INTO `mnu_nav_button` (`task_id_snr`, `task_id_jnr`, `sort_seq`, `button_text`, `context_preselect`, `created_date`, `created_user`, `revised_date`, `revised_user`) VALUES ('shp_item_receipt_role(list2)', 'audit_dtl(list)3', '006', 'Audit Trail', 'Y', '2007-04-08 17:14:26', 'AJM', '2007-07-18 19:55:29', 'AJM');
REPLACE INTO `mnu_nav_button` (`task_id_snr`, `task_id_jnr`, `sort_seq`, `button_text`, `context_preselect`, `created_date`, `created_user`, `revised_date`, `revised_user`) VALUES ('shp_package_in_content(list2)in1', 'audit_dtl(list)3', '008', 'Audit Trail', 'Y', '2007-04-22 16:55:07', 'AJM', '2008-08-07 19:04:43', 'AJM');
REPLACE INTO `mnu_nav_button` (`task_id_snr`, `task_id_jnr`, `sort_seq`, `button_text`, `context_preselect`, `created_date`, `created_user`, `revised_date`, `revised_user`) VALUES ('shp_package_in_content(list2)in2', 'audit_dtl(list)3', '011', 'Audit Trail', 'Y', '2008-08-07 19:20:06', 'AJM', '2010-01-30 17:51:40', 'AJM');
REPLACE INTO `mnu_nav_button` (`task_id_snr`, `task_id_jnr`, `sort_seq`, `button_text`, `context_preselect`, `created_date`, `created_user`, `revised_date`, `revised_user`) VALUES ('shp_package_in_content(list2)in3', 'audit_dtl(list)3', '008', 'Audit Trail', 'Y', '2008-08-07 19:20:06', 'AJM', NULL, NULL);
REPLACE INTO `mnu_nav_button` (`task_id_snr`, `task_id_jnr`, `sort_seq`, `button_text`, `context_preselect`, `created_date`, `created_user`, `revised_date`, `revised_user`) VALUES ('shp_package_out_content(list2)', 'audit_dtl(list)3', '007', 'Audit Trail', 'Y', '2007-04-06 15:01:04', 'AJM', '2007-06-29 18:37:40', 'AJM');
REPLACE INTO `mnu_nav_button` (`task_id_snr`, `task_id_jnr`, `sort_seq`, `button_text`, `context_preselect`, `created_date`, `created_user`, `revised_date`, `revised_user`) VALUES ('shp_package_out_content(list2)out2', 'audit_dtl(list)3', '007', 'Audit Trail', 'Y', '2007-06-29 18:35:23', 'AJM', '2007-06-29 18:38:25', 'AJM');
REPLACE INTO `mnu_nav_button` (`task_id_snr`, `task_id_jnr`, `sort_seq`, `button_text`, `context_preselect`, `created_date`, `created_user`, `revised_date`, `revised_user`) VALUES ('shp_package(list2)', 'audit_dtl(list)3', '008', 'Audit Trail', 'Y', '2007-04-16 20:46:50', 'AJM', '2007-04-22 17:01:32', 'AJM');
REPLACE INTO `mnu_nav_button` (`task_id_snr`, `task_id_jnr`, `sort_seq`, `button_text`, `context_preselect`, `created_date`, `created_user`, `revised_date`, `revised_user`) VALUES ('shp_package(list2)out', 'audit_dtl(list)3', '007', 'Audit Trail', 'Y', '2007-06-29 15:50:16', 'AJM', '2007-08-26 11:42:29', 'AJM');
REPLACE INTO `mnu_nav_button` (`task_id_snr`, `task_id_jnr`, `sort_seq`, `button_text`, `context_preselect`, `created_date`, `created_user`, `revised_date`, `revised_user`) VALUES ('shp_package(list2)out2', 'audit_dtl(list)3', '007', 'Audit Trail', 'Y', '2007-06-29 15:49:08', 'AJM', '2007-06-29 15:51:51', 'AJM');
REPLACE INTO `mnu_nav_button` (`task_id_snr`, `task_id_jnr`, `sort_seq`, `button_text`, `context_preselect`, `created_date`, `created_user`, `revised_date`, `revised_user`) VALUES ('shp_package(list2)out3', 'audit_dtl(list)3', '008', 'Audit Trail', 'Y', '2007-08-25 15:50:08', 'AJM', '2007-08-27 11:44:49', 'AJM');
REPLACE INTO `mnu_nav_button` (`task_id_snr`, `task_id_jnr`, `sort_seq`, `button_text`, `context_preselect`, `created_date`, `created_user`, `revised_date`, `revised_user`) VALUES ('shp_receipt_role_type(list1)', 'audit_dtl(list)3', '006', 'Audit Trail', 'Y', '2007-04-05 20:02:22', 'AJM', '2007-07-18 19:57:06', 'AJM');
REPLACE INTO `mnu_nav_button` (`task_id_snr`, `task_id_jnr`, `sort_seq`, `button_text`, `context_preselect`, `created_date`, `created_user`, `revised_date`, `revised_user`) VALUES ('shp_rejection_reason(list1)', 'audit_dtl(list)3', '006', 'Audit Trail', 'Y', '2007-04-05 20:17:11', 'AJM', NULL, NULL);
REPLACE INTO `mnu_nav_button` (`task_id_snr`, `task_id_jnr`, `sort_seq`, `button_text`, `context_preselect`, `created_date`, `created_user`, `revised_date`, `revised_user`) VALUES ('shp_shipment_dispatch_event(list2)', 'audit_dtl(list)3', '007', 'Audit Trail', 'Y', '2007-04-19 19:40:32', 'AJM', '2007-08-25 14:57:09', 'AJM');
REPLACE INTO `mnu_nav_button` (`task_id_snr`, `task_id_jnr`, `sort_seq`, `button_text`, `context_preselect`, `created_date`, `created_user`, `revised_date`, `revised_user`) VALUES ('shp_shipment_method_type(list1)', 'audit_dtl(list)3', '008', 'Audit Trail', 'Y', '2007-04-12 15:51:14', 'AJM', '2007-04-13 17:47:22', 'AJM');
REPLACE INTO `mnu_nav_button` (`task_id_snr`, `task_id_jnr`, `sort_seq`, `button_text`, `context_preselect`, `created_date`, `created_user`, `revised_date`, `revised_user`) VALUES ('acc_invoice_item_adjustment(list2)', 'audit_dtl(list)3', '007', 'Audit Trail', 'Y', '2007-04-29 18:20:04', 'AJM', '2008-09-11 08:52:41', 'AJM');
REPLACE INTO `mnu_nav_button` (`task_id_snr`, `task_id_jnr`, `sort_seq`, `button_text`, `context_preselect`, `created_date`, `created_user`, `revised_date`, `revised_user`) VALUES ('acc_invoice_item_terms(list2)', 'audit_dtl(list)3', '006', 'Audit Trail', 'Y', '2007-05-01 11:51:03', 'AJM', NULL, NULL);
REPLACE INTO `mnu_nav_button` (`task_id_snr`, `task_id_jnr`, `sort_seq`, `button_text`, `context_preselect`, `created_date`, `created_user`, `revised_date`, `revised_user`) VALUES ('acc_invoice_item(list2)', 'audit_dtl(list)3', '012', 'Audit Trail', 'Y', '2007-04-27 16:55:29', 'AJM', '2008-09-11 08:40:58', 'AJM');
REPLACE INTO `mnu_nav_button` (`task_id_snr`, `task_id_jnr`, `sort_seq`, `button_text`, `context_preselect`, `created_date`, `created_user`, `revised_date`, `revised_user`) VALUES ('acc_invoice_notes(list2)', 'audit_dtl(list)3', '006', 'Audit Trail', 'Y', '2008-09-24 14:27:16', 'AJM', NULL, NULL);
REPLACE INTO `mnu_nav_button` (`task_id_snr`, `task_id_jnr`, `sort_seq`, `button_text`, `context_preselect`, `created_date`, `created_user`, `revised_date`, `revised_user`) VALUES ('acc_invoice_role_type(list1)', 'audit_dtl(list)3', '006', 'Audit Trail', 'Y', '2007-04-26 18:11:49', 'AJM', NULL, NULL);
REPLACE INTO `mnu_nav_button` (`task_id_snr`, `task_id_jnr`, `sort_seq`, `button_text`, `context_preselect`, `created_date`, `created_user`, `revised_date`, `revised_user`) VALUES ('acc_invoice_role(list2)', 'audit_dtl(list)3', '006', 'Audit Trail', 'Y', '2007-04-28 11:45:46', 'AJM', NULL, NULL);
REPLACE INTO `mnu_nav_button` (`task_id_snr`, `task_id_jnr`, `sort_seq`, `button_text`, `context_preselect`, `created_date`, `created_user`, `revised_date`, `revised_user`) VALUES ('acc_invoice_status_hist(list2)', 'audit_dtl(list)3', '006', 'Audit Trail', 'Y', '2007-04-28 16:31:25', 'AJM', NULL, NULL);
REPLACE INTO `mnu_nav_button` (`task_id_snr`, `task_id_jnr`, `sort_seq`, `button_text`, `context_preselect`, `created_date`, `created_user`, `revised_date`, `revised_user`) VALUES ('acc_invoice_status_type(list1)', 'audit_dtl(list)3', '006', 'Audit Trail', 'Y', '2007-04-28 16:18:24', 'AJM', NULL, NULL);
REPLACE INTO `mnu_nav_button` (`task_id_snr`, `task_id_jnr`, `sort_seq`, `button_text`, `context_preselect`, `created_date`, `created_user`, `revised_date`, `revised_user`) VALUES ('acc_invoice_terms(list2)', 'audit_dtl(list)3', '006', 'Audit Trail', 'Y', '2007-05-01 11:48:06', 'AJM', NULL, NULL);
REPLACE INTO `mnu_nav_button` (`task_id_snr`, `task_id_jnr`, `sort_seq`, `button_text`, `context_preselect`, `created_date`, `created_user`, `revised_date`, `revised_user`) VALUES ('ord_discount_code(list1)', 'audit_dtl(list)3', '010', 'Audit Trail', 'Y', '2008-09-15 13:40:52', 'AJM', '2008-11-26 19:06:06', 'AJM');
REPLACE INTO `mnu_nav_button` (`task_id_snr`, `task_id_jnr`, `sort_seq`, `button_text`, `context_preselect`, `created_date`, `created_user`, `revised_date`, `revised_user`) VALUES ('ord_item_adjustment_type(list1)', 'audit_dtl(list)3', '008', 'Audit Trail', 'Y', '2007-03-26 17:44:27', 'AJM', '2009-08-25 11:55:31', 'AJM');
REPLACE INTO `mnu_nav_button` (`task_id_snr`, `task_id_jnr`, `sort_seq`, `button_text`, `context_preselect`, `created_date`, `created_user`, `revised_date`, `revised_user`) VALUES ('ord_item_contact_mechanism(list2)', 'audit_dtl(list)3', '007', 'Audit Trail', 'Y', '2007-03-08 16:23:23', 'AJM', '2007-03-10 14:37:58', 'AJM');
REPLACE INTO `mnu_nav_button` (`task_id_snr`, `task_id_jnr`, `sort_seq`, `button_text`, `context_preselect`, `created_date`, `created_user`, `revised_date`, `revised_user`) VALUES ('ord_item_role_type(list1)', 'audit_dtl(list)3', '006', 'Audit Trail', 'Y', '2007-03-05 17:14:49', 'AJM', NULL, NULL);
REPLACE INTO `mnu_nav_button` (`task_id_snr`, `task_id_jnr`, `sort_seq`, `button_text`, `context_preselect`, `created_date`, `created_user`, `revised_date`, `revised_user`) VALUES ('ord_non_conformance_notes(list2)', 'audit_dtl(list)3', '006', 'Audit Trail', 'Y', '2007-12-20 16:19:49', 'AJM', NULL, NULL);
REPLACE INTO `mnu_nav_button` (`task_id_snr`, `task_id_jnr`, `sort_seq`, `button_text`, `context_preselect`, `created_date`, `created_user`, `revised_date`, `revised_user`) VALUES ('ord_non_conformance_report(list1)', 'audit_dtl(list)3', '007', 'Audit Trail', 'Y', '2007-12-18 13:42:17', 'AJM', '2007-12-20 16:23:26', 'AJM');
REPLACE INTO `mnu_nav_button` (`task_id_snr`, `task_id_jnr`, `sort_seq`, `button_text`, `context_preselect`, `created_date`, `created_user`, `revised_date`, `revised_user`) VALUES ('ord_non_conformance_report(list2)a', 'audit_dtl(list)3', '007', 'Audit Trail', 'Y', '2007-12-18 18:20:32', 'AJM', '2007-12-20 16:23:51', 'AJM');
REPLACE INTO `mnu_nav_button` (`task_id_snr`, `task_id_jnr`, `sort_seq`, `button_text`, `context_preselect`, `created_date`, `created_user`, `revised_date`, `revised_user`) VALUES ('ord_non_conformance_report(list2)b', 'audit_dtl(list)3', '007', 'Audit Trail', 'Y', '2007-12-20 15:32:47', 'AJM', '2007-12-20 16:24:15', 'AJM');
REPLACE INTO `mnu_nav_button` (`task_id_snr`, `task_id_jnr`, `sort_seq`, `button_text`, `context_preselect`, `created_date`, `created_user`, `revised_date`, `revised_user`) VALUES ('ord_non_conformance_status(list1)', 'audit_dtl(list)3', '006', 'Audit Trail', 'Y', '2007-12-18 13:27:32', 'AJM', NULL, NULL);
REPLACE INTO `mnu_nav_button` (`task_id_snr`, `task_id_jnr`, `sort_seq`, `button_text`, `context_preselect`, `created_date`, `created_user`, `revised_date`, `revised_user`) VALUES ('ord_online_payment(list1)', 'audit_dtl(list)3', '010', 'Audit Trail', 'Y', '2007-11-19 14:08:49', 'AJM', '2009-10-20 10:43:11', 'AJM');
REPLACE INTO `mnu_nav_button` (`task_id_snr`, `task_id_jnr`, `sort_seq`, `button_text`, `context_preselect`, `created_date`, `created_user`, `revised_date`, `revised_user`) VALUES ('ord_online_payment(list2)', 'audit_dtl(list)3', '014', 'Audit Trail', 'Y', '2007-11-19 14:25:16', 'AJM', '2011-04-16 16:11:23', 'AJM');
REPLACE INTO `mnu_nav_button` (`task_id_snr`, `task_id_jnr`, `sort_seq`, `button_text`, `context_preselect`, `created_date`, `created_user`, `revised_date`, `revised_user`) VALUES ('ord_order_adjustment_type(list1)', 'audit_dtl(list)3', '008', 'Audit Trail', 'Y', '2007-03-14 11:25:02', 'AJM', '2009-08-25 11:59:26', 'AJM');
REPLACE INTO `mnu_nav_button` (`task_id_snr`, `task_id_jnr`, `sort_seq`, `button_text`, `context_preselect`, `created_date`, `created_user`, `revised_date`, `revised_user`) VALUES ('ord_order_adjustment(list2)', 'audit_dtl(list)3', '007', 'Audit Trail', 'Y', '2007-03-14 11:51:45', 'AJM', '2007-11-24 11:20:08', 'AJM');
REPLACE INTO `mnu_nav_button` (`task_id_snr`, `task_id_jnr`, `sort_seq`, `button_text`, `context_preselect`, `created_date`, `created_user`, `revised_date`, `revised_user`) VALUES ('ord_order_adjustment(list2)b', 'audit_dtl(list)3', '007', 'Audit Trail', 'Y', '2008-09-16 15:42:18', 'AJM', '2008-09-16 15:55:13', 'AJM');
REPLACE INTO `mnu_nav_button` (`task_id_snr`, `task_id_jnr`, `sort_seq`, `button_text`, `context_preselect`, `created_date`, `created_user`, `revised_date`, `revised_user`) VALUES ('ord_order_contact_mechanism(list2)', 'audit_dtl(list)3', '007', 'Audit Trail', 'Y', '2007-03-08 14:26:59', 'AJM', '2007-03-10 14:04:06', 'AJM');
REPLACE INTO `mnu_nav_button` (`task_id_snr`, `task_id_jnr`, `sort_seq`, `button_text`, `context_preselect`, `created_date`, `created_user`, `revised_date`, `revised_user`) VALUES ('ord_order_header_p(list1)', 'audit_dtl(list)3', '017', 'Audit Trail', 'Y', '2007-03-05 18:07:52', 'AJM', '2010-09-16 14:55:31', 'AJM');
REPLACE INTO `mnu_nav_button` (`task_id_snr`, `task_id_jnr`, `sort_seq`, `button_text`, `context_preselect`, `created_date`, `created_user`, `revised_date`, `revised_user`) VALUES ('pro_price_component(list1)', 'audit_dtl(list)3', '007', 'Audit Trail', 'Y', '2007-03-03 14:50:04', 'AJM', '2007-07-27 17:32:46', 'AJM');
REPLACE INTO `mnu_nav_button` (`task_id_snr`, `task_id_jnr`, `sort_seq`, `button_text`, `context_preselect`, `created_date`, `created_user`, `revised_date`, `revised_user`) VALUES ('pro_price_component_l(list2)', 'audit_dtl(list)3', '007', 'Audit Trail', 'Y', '2007-03-26 19:41:51', 'AJM', '2007-07-27 17:39:54', 'AJM');
REPLACE INTO `mnu_nav_button` (`task_id_snr`, `task_id_jnr`, `sort_seq`, `button_text`, `context_preselect`, `created_date`, `created_user`, `revised_date`, `revised_user`) VALUES ('pro_price_component_k(list2)', 'audit_dtl(list)3', '007', 'Audit Trail', 'Y', '2007-03-25 17:56:14', 'AJM', '2007-07-27 17:39:30', 'AJM');
REPLACE INTO `mnu_nav_button` (`task_id_snr`, `task_id_jnr`, `sort_seq`, `button_text`, `context_preselect`, `created_date`, `created_user`, `revised_date`, `revised_user`) VALUES ('pro_price_component_j(list2)', 'audit_dtl(list)3', '007', 'Audit Trail', 'Y', '2007-03-25 17:44:42', 'AJM', '2007-07-27 17:39:09', 'AJM');
REPLACE INTO `mnu_nav_button` (`task_id_snr`, `task_id_jnr`, `sort_seq`, `button_text`, `context_preselect`, `created_date`, `created_user`, `revised_date`, `revised_user`) VALUES ('pro_price_component_i(list2)', 'audit_dtl(list)3', '007', 'Audit Trail', 'Y', '2007-03-21 10:26:44', 'AJM', '2007-07-27 17:38:43', 'AJM');
REPLACE INTO `mnu_nav_button` (`task_id_snr`, `task_id_jnr`, `sort_seq`, `button_text`, `context_preselect`, `created_date`, `created_user`, `revised_date`, `revised_user`) VALUES ('pro_price_component_h(list2)', 'audit_dtl(list)3', '007', 'Audit Trail', 'Y', '2007-03-03 16:17:41', 'AJM', '2007-07-27 17:38:23', 'AJM');
REPLACE INTO `mnu_nav_button` (`task_id_snr`, `task_id_jnr`, `sort_seq`, `button_text`, `context_preselect`, `created_date`, `created_user`, `revised_date`, `revised_user`) VALUES ('pro_price_component_g(list2)', 'audit_dtl(list)3', '007', 'Audit Trail', 'Y', '2007-03-02 15:28:31', 'AJM', '2007-07-27 17:37:35', 'AJM');
REPLACE INTO `mnu_nav_button` (`task_id_snr`, `task_id_jnr`, `sort_seq`, `button_text`, `context_preselect`, `created_date`, `created_user`, `revised_date`, `revised_user`) VALUES ('pro_price_component_f(list2)', 'audit_dtl(list)3', '006', 'Audit Trail', 'Y', '2007-03-02 10:04:56', 'AJM', '2007-07-27 17:40:42', 'AJM');
REPLACE INTO `mnu_nav_button` (`task_id_snr`, `task_id_jnr`, `sort_seq`, `button_text`, `context_preselect`, `created_date`, `created_user`, `revised_date`, `revised_user`) VALUES ('pro_price_component_e(list2)', 'audit_dtl(list)3', '007', 'Audit Trail', 'Y', '2007-03-01 10:53:52', 'AJM', '2007-07-27 17:36:48', 'AJM');
REPLACE INTO `mnu_nav_button` (`task_id_snr`, `task_id_jnr`, `sort_seq`, `button_text`, `context_preselect`, `created_date`, `created_user`, `revised_date`, `revised_user`) VALUES ('pro_price_component_d(list2)', 'audit_dtl(list)3', '007', 'Audit Trail', 'Y', '2007-02-28 14:26:31', 'AJM', '2007-07-27 17:35:45', 'AJM');
REPLACE INTO `mnu_nav_button` (`task_id_snr`, `task_id_jnr`, `sort_seq`, `button_text`, `context_preselect`, `created_date`, `created_user`, `revised_date`, `revised_user`) VALUES ('pro_price_component_c(list2)', 'audit_dtl(list)3', '007', 'Audit Trail', 'Y', '2004-04-09 11:53:57', 'AJM', '2007-07-27 17:35:23', 'AJM');
REPLACE INTO `mnu_nav_button` (`task_id_snr`, `task_id_jnr`, `sort_seq`, `button_text`, `context_preselect`, `created_date`, `created_user`, `revised_date`, `revised_user`) VALUES ('pro_price_component_b(list2)', 'audit_dtl(list)3', '007', 'Audit Trail', 'Y', '2004-04-09 12:00:44', 'AJM', '2007-07-27 17:34:48', 'AJM');
REPLACE INTO `mnu_nav_button` (`task_id_snr`, `task_id_jnr`, `sort_seq`, `button_text`, `context_preselect`, `created_date`, `created_user`, `revised_date`, `revised_user`) VALUES ('pro_party_price_exclusion(multi2)', 'audit_dtl(list)3', '005', 'Audit Trail', 'Y', '2007-07-28 11:00:32', 'AJM', NULL, NULL);
REPLACE INTO `mnu_nav_button` (`task_id_snr`, `task_id_jnr`, `sort_seq`, `button_text`, `context_preselect`, `created_date`, `created_user`, `revised_date`, `revised_user`) VALUES ('pro_good_id(list2)', 'audit_dtl(list)3', '005', 'Audit Trail', 'Y', '2004-04-09 12:00:28', 'AJM', '2007-10-16 10:43:31', 'AJM');
REPLACE INTO `mnu_nav_button` (`task_id_snr`, `task_id_jnr`, `sort_seq`, `button_text`, `context_preselect`, `created_date`, `created_user`, `revised_date`, `revised_user`) VALUES ('pro_good_id_type(list1)', 'audit_dtl(list)3', '006', 'Audit Trail', 'Y', '2004-04-09 11:40:37', 'AJM', '2007-10-16 10:20:24', 'AJM');
REPLACE INTO `mnu_nav_button` (`task_id_snr`, `task_id_jnr`, `sort_seq`, `button_text`, `context_preselect`, `created_date`, `created_user`, `revised_date`, `revised_user`) VALUES ('py_role_type(list1)', 'audit_dtl(list)3', '007', 'Audit Trail', 'Y', '2007-02-04 15:29:58', 'AJM', '2007-02-04 15:52:28', 'AJM');
REPLACE INTO `mnu_nav_button` (`task_id_snr`, `task_id_jnr`, `sort_seq`, `button_text`, `context_preselect`, `created_date`, `created_user`, `revised_date`, `revised_user`) VALUES ('py_role_subtype(list2)', 'audit_dtl(list)3', '006', 'Audit Trail', 'Y', '2007-02-04 15:50:58', 'AJM', NULL, NULL);
REPLACE INTO `mnu_nav_button` (`task_id_snr`, `task_id_jnr`, `sort_seq`, `button_text`, `context_preselect`, `created_date`, `created_user`, `revised_date`, `revised_user`) VALUES ('py_relationship_type(list1)', 'audit_dtl(list)3', '006', 'Audit Trail', 'Y', '2007-02-09 17:07:20', 'AJM', NULL, NULL);
REPLACE INTO `mnu_nav_button` (`task_id_snr`, `task_id_jnr`, `sort_seq`, `button_text`, `context_preselect`, `created_date`, `created_user`, `revised_date`, `revised_user`) VALUES ('py_relationship_status(list1)', 'audit_dtl(list)3', '006', 'Audit Trail', 'Y', '2007-02-09 17:23:35', 'AJM', NULL, NULL);
REPLACE INTO `mnu_nav_button` (`task_id_snr`, `task_id_jnr`, `sort_seq`, `button_text`, `context_preselect`, `created_date`, `created_user`, `revised_date`, `revised_user`) VALUES ('py_relationship_priority(list1)', 'audit_dtl(list)3', '006', 'Audit Trail', 'Y', '2007-02-09 17:15:21', 'AJM', NULL, NULL);
REPLACE INTO `mnu_nav_button` (`task_id_snr`, `task_id_jnr`, `sort_seq`, `button_text`, `context_preselect`, `created_date`, `created_user`, `revised_date`, `revised_user`) VALUES ('py_postal_address(list1)', 'audit_dtl(list)3', '007', 'Audit Trail', 'Y', '2007-02-14 14:07:32', 'AJM', '2007-02-16 23:30:44', 'AJM');
REPLACE INTO `mnu_nav_button` (`task_id_snr`, `task_id_jnr`, `sort_seq`, `button_text`, `context_preselect`, `created_date`, `created_user`, `revised_date`, `revised_user`) VALUES ('py_person(list1)', 'audit_dtl(list)3', '020', 'Audit Trail', 'Y', '2007-02-01 16:49:36', 'AJM', '2010-10-18 14:21:14', 'AJM');
REPLACE INTO `mnu_nav_button` (`task_id_snr`, `task_id_jnr`, `sort_seq`, `button_text`, `context_preselect`, `created_date`, `created_user`, `revised_date`, `revised_user`) VALUES ('py_party(list1)supplier', 'audit_dtl(list)3', '022', 'Audit Trail', 'Y', '2007-12-14 11:25:21', 'AJM', '2010-10-18 14:19:34', 'AJM');
REPLACE INTO `mnu_nav_button` (`task_id_snr`, `task_id_jnr`, `sort_seq`, `button_text`, `context_preselect`, `created_date`, `created_user`, `revised_date`, `revised_user`) VALUES ('py_party(list1)customer', 'audit_dtl(list)3', '020', 'Audit Trail', 'Y', '2007-12-14 11:45:57', 'AJM', '2010-10-18 14:18:01', 'AJM');
REPLACE INTO `mnu_nav_button` (`task_id_snr`, `task_id_jnr`, `sort_seq`, `button_text`, `context_preselect`, `created_date`, `created_user`, `revised_date`, `revised_user`) VALUES ('py_party(list1)', 'audit_dtl(list)3', '021', 'Audit Trail', 'Y', '2007-01-31 10:55:00', 'AJM', '2010-10-18 14:16:23', 'AJM');
REPLACE INTO `mnu_nav_button` (`task_id_snr`, `task_id_jnr`, `sort_seq`, `button_text`, `context_preselect`, `created_date`, `created_user`, `revised_date`, `revised_user`) VALUES ('py_party_subclass(list2)', 'audit_dtl(list)3', '008', 'Audit Trail', 'Y', '2007-02-01 16:01:15', 'AJM', '2010-05-23 12:00:48', 'AJM');
REPLACE INTO `mnu_nav_button` (`task_id_snr`, `task_id_jnr`, `sort_seq`, `button_text`, `context_preselect`, `created_date`, `created_user`, `revised_date`, `revised_user`) VALUES ('py_party_relationship(list2)', 'audit_dtl(list)3', '010', 'Audit Trail', 'Y', '2007-02-06 17:45:00', 'AJM', '2007-02-17 16:15:04', 'AJM');
REPLACE INTO `mnu_nav_button` (`task_id_snr`, `task_id_jnr`, `sort_seq`, `button_text`, `context_preselect`, `created_date`, `created_user`, `revised_date`, `revised_user`) VALUES ('py_party_relationship(list1)', 'audit_dtl(list)3', '009', 'Audit Trail', 'Y', '2007-02-09 18:34:45', 'AJM', '2007-02-17 16:14:29', 'AJM');
REPLACE INTO `mnu_nav_button` (`task_id_snr`, `task_id_jnr`, `sort_seq`, `button_text`, `context_preselect`, `created_date`, `created_user`, `revised_date`, `revised_user`) VALUES ('py_party_identity_type(list1)', 'audit_dtl(list)3', '006', 'Audit Trail', 'Y', '2008-12-21 16:55:36', 'AJM', NULL, NULL);
REPLACE INTO `mnu_nav_button` (`task_id_snr`, `task_id_jnr`, `sort_seq`, `button_text`, `context_preselect`, `created_date`, `created_user`, `revised_date`, `revised_user`) VALUES ('py_party_identification(list2)', 'audit_dtl(list)3', '006', 'Audit Trail', 'Y', '2008-12-21 17:05:55', 'AJM', NULL, NULL);
REPLACE INTO `mnu_nav_button` (`task_id_snr`, `task_id_jnr`, `sort_seq`, `button_text`, `context_preselect`, `created_date`, `created_user`, `revised_date`, `revised_user`) VALUES ('py_party_extra_values(list2)', 'audit_dtl(list)3', '006', 'Audit Trail', 'Y', '2008-03-26 13:57:51', 'AJM', NULL, NULL);
REPLACE INTO `mnu_nav_button` (`task_id_snr`, `task_id_jnr`, `sort_seq`, `button_text`, `context_preselect`, `created_date`, `created_user`, `revised_date`, `revised_user`) VALUES ('py_party_extra_names(list1)', 'audit_dtl(list)3', '006', 'Audit Trail', 'Y', '2008-03-26 11:46:41', 'AJM', NULL, NULL);
REPLACE INTO `mnu_nav_button` (`task_id_snr`, `task_id_jnr`, `sort_seq`, `button_text`, `context_preselect`, `created_date`, `created_user`, `revised_date`, `revised_user`) VALUES ('py_party_contact_mechanism(list2)a', 'audit_dtl(list)3', '012', 'Audit Trail', 'Y', '2007-02-21 11:20:19', 'AJM', '2008-06-09 11:30:20', 'AJM');
REPLACE INTO `mnu_nav_button` (`task_id_snr`, `task_id_jnr`, `sort_seq`, `button_text`, `context_preselect`, `created_date`, `created_user`, `revised_date`, `revised_user`) VALUES ('py_party_class(list1)', 'audit_dtl(list)3', '007', 'Audit Trail', 'Y', '2007-02-01 15:51:59', 'AJM', '2007-02-01 16:02:05', 'AJM');
REPLACE INTO `mnu_nav_button` (`task_id_snr`, `task_id_jnr`, `sort_seq`, `button_text`, `context_preselect`, `created_date`, `created_user`, `revised_date`, `revised_user`) VALUES ('py_organisation(list1)', 'audit_dtl(list)3', '025', 'Audit Trail', 'Y', '2007-02-01 16:49:11', 'AJM', '2010-10-18 14:22:58', 'AJM');
REPLACE INTO `mnu_nav_button` (`task_id_snr`, `task_id_jnr`, `sort_seq`, `button_text`, `context_preselect`, `created_date`, `created_user`, `revised_date`, `revised_user`) VALUES ('py_org_type(list1)', 'audit_dtl(list)3', '007', 'Audit Trail', 'Y', '2007-01-30 17:08:53', 'AJM', '2007-02-04 11:29:33', 'AJM');
REPLACE INTO `mnu_nav_button` (`task_id_snr`, `task_id_jnr`, `sort_seq`, `button_text`, `context_preselect`, `created_date`, `created_user`, `revised_date`, `revised_user`) VALUES ('py_org_subtype(list2)', 'audit_dtl(list)3', '006', 'Audit Trail', 'Y', '2007-02-04 11:26:40', 'AJM', NULL, NULL);
REPLACE INTO `mnu_nav_button` (`task_id_snr`, `task_id_jnr`, `sort_seq`, `button_text`, `context_preselect`, `created_date`, `created_user`, `revised_date`, `revised_user`) VALUES ('py_geographic_area(list2)', 'audit_dtl(list)3', '012', 'Audit Trail', 'Y', '2007-02-11 22:46:37', 'AJM', '2011-04-30 14:09:01', 'AJM');
REPLACE INTO `mnu_nav_button` (`task_id_snr`, `task_id_jnr`, `sort_seq`, `button_text`, `context_preselect`, `created_date`, `created_user`, `revised_date`, `revised_user`) VALUES ('py_geographic_area(list1)', 'audit_dtl(list)3', '012', 'Audit Trail', 'Y', '2007-02-13 16:21:02', 'AJM', '2010-09-11 21:12:03', 'AJM');
REPLACE INTO `mnu_nav_button` (`task_id_snr`, `task_id_jnr`, `sort_seq`, `button_text`, `context_preselect`, `created_date`, `created_user`, `revised_date`, `revised_user`) VALUES ('py_geographic_area_type(list1)', 'audit_dtl(list)3', '008', 'Audit Trail', 'Y', '2007-02-11 22:35:28', 'AJM', '2009-12-06 15:01:56', 'AJM');
REPLACE INTO `mnu_nav_button` (`task_id_snr`, `task_id_jnr`, `sort_seq`, `button_text`, `context_preselect`, `created_date`, `created_user`, `revised_date`, `revised_user`) VALUES ('py_geographic_area_alt(list2)', 'audit_dtl(list)3', '006', 'Audit Trail', 'Y', '2008-11-04 15:50:43', 'AJM', NULL, NULL);
REPLACE INTO `mnu_nav_button` (`task_id_snr`, `task_id_jnr`, `sort_seq`, `button_text`, `context_preselect`, `created_date`, `created_user`, `revised_date`, `revised_user`) VALUES ('py_contact_mechanism(list2)a', 'audit_dtl(list)3', '007', 'Audit Trail', 'Y', '2007-02-20 13:59:21', 'AJM', '2007-03-24 17:27:19', 'AJM');
REPLACE INTO `mnu_nav_button` (`task_id_snr`, `task_id_jnr`, `sort_seq`, `button_text`, `context_preselect`, `created_date`, `created_user`, `revised_date`, `revised_user`) VALUES ('ord_sale_type(list1)', 'audit_dtl(list)3', '007', 'Audit Trail', 'Y', '2007-03-02 14:23:05', 'AJM', '2007-03-05 16:21:36', 'AJM');
REPLACE INTO `mnu_nav_button` (`task_id_snr`, `task_id_jnr`, `sort_seq`, `button_text`, `context_preselect`, `created_date`, `created_user`, `revised_date`, `revised_user`) VALUES ('ord_reserved_item(list2)b', 'audit_dtl(list)3', '006', 'Audit Trail', 'Y', '2008-08-18 11:40:24', 'AJM', '2008-12-08 18:49:47', 'AJM');
REPLACE INTO `mnu_nav_button` (`task_id_snr`, `task_id_jnr`, `sort_seq`, `button_text`, `context_preselect`, `created_date`, `created_user`, `revised_date`, `revised_user`) VALUES ('ord_reserved_item(list2)a', 'audit_dtl(list)3', '008', 'Audit Trail', 'Y', '2008-08-18 10:56:44', 'AJM', '2008-12-08 18:49:29', 'AJM');
REPLACE INTO `mnu_nav_button` (`task_id_snr`, `task_id_jnr`, `sort_seq`, `button_text`, `context_preselect`, `created_date`, `created_user`, `revised_date`, `revised_user`) VALUES ('ord_reserved_item(list1)', 'audit_dtl(list)3', '009', 'Audit Trail', 'Y', '2008-08-15 17:37:21', 'AJM', '2010-02-27 17:02:58', 'AJM');
REPLACE INTO `mnu_nav_button` (`task_id_snr`, `task_id_jnr`, `sort_seq`, `button_text`, `context_preselect`, `created_date`, `created_user`, `revised_date`, `revised_user`) VALUES ('ord_quantity_break(list1)', 'audit_dtl(list)3', '007', 'Audit Trail', 'Y', '2007-02-28 18:20:02', 'AJM', '2007-07-24 10:59:25', 'AJM');
REPLACE INTO `mnu_nav_button` (`task_id_snr`, `task_id_jnr`, `sort_seq`, `button_text`, `context_preselect`, `created_date`, `created_user`, `revised_date`, `revised_user`) VALUES ('ord_purchase_order_build(list1)', 'audit_dtl(list)3', '008', 'Audit Trail', 'Y', '2008-06-02 15:20:16', 'AJM', '2011-09-12 16:07:53', 'AJM');
REPLACE INTO `mnu_nav_button` (`task_id_snr`, `task_id_jnr`, `sort_seq`, `button_text`, `context_preselect`, `created_date`, `created_user`, `revised_date`, `revised_user`) VALUES ('ord_order_terms(list2)', 'audit_dtl(list)3', '006', 'Audit Trail', 'Y', '2007-03-31 16:51:32', 'AJM', NULL, NULL);
REPLACE INTO `mnu_nav_button` (`task_id_snr`, `task_id_jnr`, `sort_seq`, `button_text`, `context_preselect`, `created_date`, `created_user`, `revised_date`, `revised_user`) VALUES ('ord_order_status_type(list1)', 'audit_dtl(list)3', '007', 'Audit Trail', 'Y', '2007-03-30 15:19:58', 'AJM', '2008-07-07 15:41:56', 'AJM');
REPLACE INTO `mnu_nav_button` (`task_id_snr`, `task_id_jnr`, `sort_seq`, `button_text`, `context_preselect`, `created_date`, `created_user`, `revised_date`, `revised_user`) VALUES ('ord_order_status_type_alt(list2)', 'audit_dtl(list)3', '006', 'Audit Trail', 'Y', '2008-07-07 15:33:34', 'AJM', NULL, NULL);
REPLACE INTO `mnu_nav_button` (`task_id_snr`, `task_id_jnr`, `sort_seq`, `button_text`, `context_preselect`, `created_date`, `created_user`, `revised_date`, `revised_user`) VALUES ('ord_order_status_rules(list1)', 'audit_dtl(list)3', '006', 'Audit Trail', 'Y', '2007-05-23 10:43:58', 'AJM', NULL, NULL);
REPLACE INTO `mnu_nav_button` (`task_id_snr`, `task_id_jnr`, `sort_seq`, `button_text`, `context_preselect`, `created_date`, `created_user`, `revised_date`, `revised_user`) VALUES ('ord_order_status_hist(list2)', 'audit_dtl(list)3', '006', 'Audit Trail', 'Y', '2007-03-30 16:02:05', 'AJM', NULL, NULL);
REPLACE INTO `mnu_nav_button` (`task_id_snr`, `task_id_jnr`, `sort_seq`, `button_text`, `context_preselect`, `created_date`, `created_user`, `revised_date`, `revised_user`) VALUES ('ord_order_item_s(list2)', 'audit_dtl(list)3', '017', 'Audit Trail', 'Y', '2007-03-05 18:05:38', 'AJM', '2008-10-10 16:27:37', 'AJM');
REPLACE INTO `mnu_nav_button` (`task_id_snr`, `task_id_jnr`, `sort_seq`, `button_text`, `context_preselect`, `created_date`, `created_user`, `revised_date`, `revised_user`) VALUES ('py_email_mailbox(list1)', 'audit_dtl(list)3', '006', 'Audit Trail', 'Y', '2010-05-19 18:07:12', 'AJM', NULL, NULL);
REPLACE INTO `mnu_nav_button` (`task_id_snr`, `task_id_jnr`, `sort_seq`, `button_text`, `context_preselect`, `created_date`, `created_user`, `revised_date`, `revised_user`) VALUES ('py_email_signature(list1)', 'audit_dtl(list)3', '006', 'Audit Trail', 'Y', '2010-05-20 17:44:54', 'AJM', NULL, NULL);
REPLACE INTO `mnu_nav_button` (`task_id_snr`, `task_id_jnr`, `sort_seq`, `button_text`, `context_preselect`, `created_date`, `created_user`, `revised_date`, `revised_user`) VALUES ('ord_order_item_s(list1)sample', 'audit_dtl(list)3', '012', 'Audit Trail', 'Y', '2008-05-25 14:57:44', 'AJM', '2008-07-16 16:27:48', 'AJM');
REPLACE INTO `mnu_nav_button` (`task_id_snr`, `task_id_jnr`, `sort_seq`, `button_text`, `context_preselect`, `created_date`, `created_user`, `revised_date`, `revised_user`) VALUES ('ord_order_item_s(list1)', 'audit_dtl(list)3', '012', 'Audit Trail', 'Y', '2007-12-12 15:48:25', 'AJM', '2008-08-18 11:44:34', 'AJM');
REPLACE INTO `mnu_nav_button` (`task_id_snr`, `task_id_jnr`, `sort_seq`, `button_text`, `context_preselect`, `created_date`, `created_user`, `revised_date`, `revised_user`) VALUES ('inv_picklist_dtl(list2)wrd1', 'audit_dtl(list)3', '008', 'Audit Trail', 'Y', '2010-04-16 09:40:35', 'AJM', '2011-07-11 10:26:13', 'AJM');
REPLACE INTO `mnu_nav_button` (`task_id_snr`, `task_id_jnr`, `sort_seq`, `button_text`, `context_preselect`, `created_date`, `created_user`, `revised_date`, `revised_user`) VALUES ('ord_order_item_role(list2)', 'audit_dtl(list)3', '006', 'Audit Trail', 'Y', '2007-03-08 15:46:42', 'AJM', NULL, NULL);
REPLACE INTO `mnu_nav_button` (`task_id_snr`, `task_id_jnr`, `sort_seq`, `button_text`, `context_preselect`, `created_date`, `created_user`, `revised_date`, `revised_user`) VALUES ('py_geographic_area_alias(list2)', 'audit_dtl(list)3', '006', 'Audit Trail', 'Y', '2010-09-11 21:05:06', 'AJM', NULL, NULL);
REPLACE INTO `mnu_nav_button` (`task_id_snr`, `task_id_jnr`, `sort_seq`, `button_text`, `context_preselect`, `created_date`, `created_user`, `revised_date`, `revised_user`) VALUES ('ord_order_item_p(list2)', 'audit_dtl(list)3', '013', 'Audit Trail', 'Y', '2007-06-25 14:14:13', 'AJM', '2011-10-10 17:49:06', 'AJM');
REPLACE INTO `mnu_nav_button` (`task_id_snr`, `task_id_jnr`, `sort_seq`, `button_text`, `context_preselect`, `created_date`, `created_user`, `revised_date`, `revised_user`) VALUES ('ord_order_item_p(list1)', 'audit_dtl(list)3', '010', 'Audit Trail', 'Y', '2007-12-12 15:07:18', 'AJM', '2008-06-24 16:42:27', 'AJM');
REPLACE INTO `mnu_nav_button` (`task_id_snr`, `task_id_jnr`, `sort_seq`, `button_text`, `context_preselect`, `created_date`, `created_user`, `revised_date`, `revised_user`) VALUES ('ord_order_item_adjustment(list2)', 'audit_dtl(list)3', '006', 'Audit Trail', 'Y', '2007-03-19 17:31:26', 'AJM', NULL, NULL);
REPLACE INTO `mnu_nav_button` (`task_id_snr`, `task_id_jnr`, `sort_seq`, `button_text`, `context_preselect`, `created_date`, `created_user`, `revised_date`, `revised_user`) VALUES ('ord_order_header_t(list1)tba', 'audit_dtl(list)3', '012', 'Audit Trail', 'Y', '2007-06-26 13:48:27', 'AJM', '2007-06-28 17:19:02', 'AJM');
REPLACE INTO `mnu_nav_button` (`task_id_snr`, `task_id_jnr`, `sort_seq`, `button_text`, `context_preselect`, `created_date`, `created_user`, `revised_date`, `revised_user`) VALUES ('ord_order_header_t(list1)status', 'audit_dtl(list)3', '014', 'Audit Trail', 'Y', '2007-06-24 18:46:54', 'AJM', '2008-06-26 10:13:11', 'AJM');
REPLACE INTO `mnu_nav_button` (`task_id_snr`, `task_id_jnr`, `sort_seq`, `button_text`, `context_preselect`, `created_date`, `created_user`, `revised_date`, `revised_user`) VALUES ('ord_order_header_t(list1)inactive', 'audit_dtl(list)3', '012', 'Audit Trail', 'Y', '2007-06-26 13:48:27', 'AJM', '2007-06-26 14:13:40', 'AJM');
REPLACE INTO `mnu_nav_button` (`task_id_snr`, `task_id_jnr`, `sort_seq`, `button_text`, `context_preselect`, `created_date`, `created_user`, `revised_date`, `revised_user`) VALUES ('ord_order_header_t(list1)', 'audit_dtl(list)3', '016', 'Audit Trail', 'Y', '2007-06-24 18:46:54', 'AJM', '2010-04-28 16:07:00', 'AJM');
REPLACE INTO `mnu_nav_button` (`task_id_snr`, `task_id_jnr`, `sort_seq`, `button_text`, `context_preselect`, `created_date`, `created_user`, `revised_date`, `revised_user`) VALUES ('ord_order_header_s(list1)tba', 'audit_dtl(list)3', '018', 'Audit Trail', 'Y', '2007-03-05 17:30:14', 'AJM', '2008-06-02 09:50:19', 'AJM');
REPLACE INTO `mnu_nav_button` (`task_id_snr`, `task_id_jnr`, `sort_seq`, `button_text`, `context_preselect`, `created_date`, `created_user`, `revised_date`, `revised_user`) VALUES ('ord_order_header_s(list1)status', 'audit_dtl(list)3', '026', 'Audit Trail', 'Y', '2007-03-05 17:30:14', 'AJM', '2011-07-09 11:45:42', 'AJM');
REPLACE INTO `mnu_nav_button` (`task_id_snr`, `task_id_jnr`, `sort_seq`, `button_text`, `context_preselect`, `created_date`, `created_user`, `revised_date`, `revised_user`) VALUES ('ord_order_header_s(list1)inactive', 'audit_dtl(list)3', '015', 'Audit Trail', 'Y', '2007-03-05 17:30:14', 'AJM', '2007-06-22 11:24:52', 'AJM');
REPLACE INTO `mnu_nav_button` (`task_id_snr`, `task_id_jnr`, `sort_seq`, `button_text`, `context_preselect`, `created_date`, `created_user`, `revised_date`, `revised_user`) VALUES ('ord_order_header_s(list1)', 'audit_dtl(list)3', '032', 'Audit Trail', 'Y', '2007-03-05 17:30:14', 'AJM', '2011-07-09 11:43:47', 'AJM');
REPLACE INTO `mnu_nav_button` (`task_id_snr`, `task_id_jnr`, `sort_seq`, `button_text`, `context_preselect`, `created_date`, `created_user`, `revised_date`, `revised_user`) VALUES ('ord_order_header_p(list1)tba', 'audit_dtl(list)3', '012', 'Audit Trail', 'Y', '2007-06-26 13:48:27', 'AJM', '2007-06-26 18:12:55', 'AJM');
REPLACE INTO `mnu_nav_button` (`task_id_snr`, `task_id_jnr`, `sort_seq`, `button_text`, `context_preselect`, `created_date`, `created_user`, `revised_date`, `revised_user`) VALUES ('ord_order_header_p(list1)status', 'audit_dtl(list)3', '014', 'Audit Trail', 'Y', '2007-03-05 18:07:52', 'AJM', '2008-06-26 10:12:35', 'AJM');
REPLACE INTO `mnu_nav_button` (`task_id_snr`, `task_id_jnr`, `sort_seq`, `button_text`, `context_preselect`, `created_date`, `created_user`, `revised_date`, `revised_user`) VALUES ('ord_order_header_p(list1)inactive', 'audit_dtl(list)3', '012', 'Audit Trail', 'Y', '2007-06-26 13:48:27', 'AJM', '2007-06-26 13:52:12', 'AJM');
REPLACE INTO `mnu_nav_button` (`task_id_snr`, `task_id_jnr`, `sort_seq`, `button_text`, `context_preselect`, `created_date`, `created_user`, `revised_date`, `revised_user`) VALUES ('acc_email_text_alt(list2)', 'audit_dtl(list)3', '006', 'Audit Trail', 'Y', '2008-10-04 15:17:32', 'AJM', NULL, NULL);
REPLACE INTO `mnu_nav_button` (`task_id_snr`, `task_id_jnr`, `sort_seq`, `button_text`, `context_preselect`, `created_date`, `created_user`, `revised_date`, `revised_user`) VALUES ('acc_credit_note_item(list2)', 'audit_dtl(list)3', '011', 'Audit Trail', 'Y', '2009-01-24 09:35:28', 'AJM', '2011-07-18 10:34:41', 'AJM');
REPLACE INTO `mnu_nav_button` (`task_id_snr`, `task_id_jnr`, `sort_seq`, `button_text`, `context_preselect`, `created_date`, `created_user`, `revised_date`, `revised_user`) VALUES ('acc_credit_note_adjustment(list2)', 'audit_dtl(list)3', '007', 'Audit Trail', 'Y', '2009-01-24 09:17:40', 'AJM', NULL, NULL);
REPLACE INTO `mnu_nav_button` (`task_id_snr`, `task_id_jnr`, `sort_seq`, `button_text`, `context_preselect`, `created_date`, `created_user`, `revised_date`, `revised_user`) VALUES ('inv_stockcheck_hdr(list1)', 'audit_dtl(list)3', '009', 'Audit Trail', 'Y', '2007-07-01 15:03:08', 'AJM', '2007-07-05 17:46:40', 'AJM');
REPLACE INTO `mnu_nav_button` (`task_id_snr`, `task_id_jnr`, `sort_seq`, `button_text`, `context_preselect`, `created_date`, `created_user`, `revised_date`, `revised_user`) VALUES ('inv_stockcheck_dtl(list2)', 'audit_dtl(list)3', '007', 'Audit Trail', 'Y', '2007-07-01 16:30:07', 'AJM', '2007-07-01 17:46:57', 'AJM');
REPLACE INTO `mnu_nav_button` (`task_id_snr`, `task_id_jnr`, `sort_seq`, `button_text`, `context_preselect`, `created_date`, `created_user`, `revised_date`, `revised_user`) VALUES ('inv_reorder_guideline(list2)a', 'audit_dtl(list)3', '008', 'Audit Trail', 'Y', '2007-02-27 14:58:11', 'AJM', '2007-03-04 20:40:38', 'AJM');
REPLACE INTO `mnu_nav_button` (`task_id_snr`, `task_id_jnr`, `sort_seq`, `button_text`, `context_preselect`, `created_date`, `created_user`, `revised_date`, `revised_user`) VALUES ('inv_picklist_hdr(list1)wrd2', 'audit_dtl(list)3', '012', 'Audit Trail', 'Y', '2007-05-23 14:03:50', 'AJM', '2007-05-24 13:20:47', 'AJM');
REPLACE INTO `mnu_nav_button` (`task_id_snr`, `task_id_jnr`, `sort_seq`, `button_text`, `context_preselect`, `created_date`, `created_user`, `revised_date`, `revised_user`) VALUES ('inv_picklist_hdr(list1)wrd1', 'audit_dtl(list)3', '012', 'Audit Trail', 'Y', '2007-05-23 14:03:50', 'AJM', '2007-05-24 13:20:47', 'AJM');
REPLACE INTO `mnu_nav_button` (`task_id_snr`, `task_id_jnr`, `sort_seq`, `button_text`, `context_preselect`, `created_date`, `created_user`, `revised_date`, `revised_user`) VALUES ('inv_picklist_hdr(list1)', 'audit_dtl(list)3', '013', 'Audit Trail', 'Y', '2007-05-23 14:03:50', 'AJM', '2008-09-10 15:40:21', 'AJM');
REPLACE INTO `mnu_nav_button` (`task_id_snr`, `task_id_jnr`, `sort_seq`, `button_text`, `context_preselect`, `created_date`, `created_user`, `revised_date`, `revised_user`) VALUES ('inv_picklist_dtl(list2)a', 'audit_dtl(list)3', '008', 'Audit Trail', 'Y', '2007-06-21 18:37:38', 'AJM', '2011-07-11 10:25:42', 'AJM');
REPLACE INTO `mnu_nav_button` (`task_id_snr`, `task_id_jnr`, `sort_seq`, `button_text`, `context_preselect`, `created_date`, `created_user`, `revised_date`, `revised_user`) VALUES ('inv_picklist_dtl(list2)', 'audit_dtl(list)3', '009', 'Audit Trail', 'Y', '2007-05-23 15:24:35', 'AJM', '2011-07-11 10:25:09', 'AJM');
REPLACE INTO `mnu_nav_button` (`task_id_snr`, `task_id_jnr`, `sort_seq`, `button_text`, `context_preselect`, `created_date`, `created_user`, `revised_date`, `revised_user`) VALUES ('inv_lot(list1)', 'audit_dtl(list)3', '006', 'Audit Trail', 'Y', '2006-07-02 15:39:22', 'AJM', '2007-03-04 21:11:31', 'AJM');
REPLACE INTO `mnu_nav_button` (`task_id_snr`, `task_id_jnr`, `sort_seq`, `button_text`, `context_preselect`, `created_date`, `created_user`, `revised_date`, `revised_user`) VALUES ('inv_item_receipt(list2)in3', 'audit_dtl(list)3', '007', 'Audit Trail', 'Y', '2008-08-07 18:15:52', 'AJM', '2008-08-13 19:19:35', 'AJM');
REPLACE INTO `mnu_nav_button` (`task_id_snr`, `task_id_jnr`, `sort_seq`, `button_text`, `context_preselect`, `created_date`, `created_user`, `revised_date`, `revised_user`) VALUES ('inv_item_receipt(list2)in2', 'audit_dtl(list)3', '008', 'Audit Trail', 'Y', '2008-08-07 18:15:52', 'AJM', '2008-08-13 19:20:44', 'AJM');
REPLACE INTO `mnu_nav_button` (`task_id_snr`, `task_id_jnr`, `sort_seq`, `button_text`, `context_preselect`, `created_date`, `created_user`, `revised_date`, `revised_user`) VALUES ('inv_item_receipt(list2)in1', 'audit_dtl(list)3', '007', 'Audit Trail', 'Y', '2007-04-06 18:15:52', 'AJM', '2008-08-13 19:20:11', 'AJM');
REPLACE INTO `mnu_nav_button` (`task_id_snr`, `task_id_jnr`, `sort_seq`, `button_text`, `context_preselect`, `created_date`, `created_user`, `revised_date`, `revised_user`) VALUES ('inv_item_receipt(list2)d', 'audit_dtl(list)3', '007', 'Audit Trail', 'Y', '2007-04-07 16:47:58', 'AJM', '2007-04-08 17:17:49', 'AJM');
REPLACE INTO `mnu_nav_button` (`task_id_snr`, `task_id_jnr`, `sort_seq`, `button_text`, `context_preselect`, `created_date`, `created_user`, `revised_date`, `revised_user`) VALUES ('inv_item_receipt(list2)c', 'audit_dtl(list)3', '007', 'Audit Trail', 'Y', '2007-04-07 15:05:23', 'AJM', '2007-04-08 17:17:26', 'AJM');
REPLACE INTO `mnu_nav_button` (`task_id_snr`, `task_id_jnr`, `sort_seq`, `button_text`, `context_preselect`, `created_date`, `created_user`, `revised_date`, `revised_user`) VALUES ('inv_item_receipt(list2)b', 'audit_dtl(list)3', '007', 'Audit Trail', 'Y', '2007-04-07 14:48:51', 'AJM', '2007-04-08 17:17:05', 'AJM');
REPLACE INTO `mnu_nav_button` (`task_id_snr`, `task_id_jnr`, `sort_seq`, `button_text`, `context_preselect`, `created_date`, `created_user`, `revised_date`, `revised_user`) VALUES ('inv_item_issuance(list2)c', 'audit_dtl(list)3', '007', 'Audit Trail', 'Y', '2007-04-10 17:28:25', 'AJM', '2007-04-16 15:17:38', 'AJM');
REPLACE INTO `mnu_nav_button` (`task_id_snr`, `task_id_jnr`, `sort_seq`, `button_text`, `context_preselect`, `created_date`, `created_user`, `revised_date`, `revised_user`) VALUES ('inv_item_issuance(list2)a', 'audit_dtl(list)3', '011', 'Audit Trail', 'Y', '2007-04-10 17:19:56', 'AJM', '2010-01-26 10:30:31', 'AJM');
REPLACE INTO `mnu_nav_button` (`task_id_snr`, `task_id_jnr`, `sort_seq`, `button_text`, `context_preselect`, `created_date`, `created_user`, `revised_date`, `revised_user`) VALUES ('inv_inventory_variance_reason(list1)', 'audit_dtl(list)3', '006', 'Audit Trail', 'Y', '2006-07-02 13:43:27', 'AJM', '2007-03-04 21:02:16', 'AJM');
REPLACE INTO `mnu_nav_button` (`task_id_snr`, `task_id_jnr`, `sort_seq`, `button_text`, `context_preselect`, `created_date`, `created_user`, `revised_date`, `revised_user`) VALUES ('inv_inventory_item(list2)b', 'audit_dtl(list)3', '012', 'Audit Trail', 'Y', '2006-07-04 16:47:28', 'AJM', '2008-09-20 20:48:16', 'AJM');
REPLACE INTO `mnu_nav_button` (`task_id_snr`, `task_id_jnr`, `sort_seq`, `button_text`, `context_preselect`, `created_date`, `created_user`, `revised_date`, `revised_user`) VALUES ('inv_inventory_item(list2)a', 'audit_dtl(list)3', '012', 'Audit Trail', 'Y', '2006-07-03 17:08:50', 'AJM', '2008-09-20 20:52:25', 'AJM');
REPLACE INTO `mnu_nav_button` (`task_id_snr`, `task_id_jnr`, `sort_seq`, `button_text`, `context_preselect`, `created_date`, `created_user`, `revised_date`, `revised_user`) VALUES ('inv_inventory_item(list1)', 'audit_dtl(list)3', '015', 'Audit Trail', 'Y', '2006-07-03 10:25:29', 'AJM', '2008-11-30 14:04:08', 'AJM');
REPLACE INTO `mnu_nav_button` (`task_id_snr`, `task_id_jnr`, `sort_seq`, `button_text`, `context_preselect`, `created_date`, `created_user`, `revised_date`, `revised_user`) VALUES ('pro_prod_feature_interact(list2)', 'audit_dtl(list)3', '006', 'Audit Trail', 'Y', '2004-04-09 12:01:14', 'AJM', '2007-11-12 14:35:54', 'AJM');
REPLACE INTO `mnu_nav_button` (`task_id_snr`, `task_id_jnr`, `sort_seq`, `button_text`, `context_preselect`, `created_date`, `created_user`, `revised_date`, `revised_user`) VALUES ('pro_prod_feature_applicability(list2)a', 'audit_dtl(list)3', '013', 'Audit Trail', 'Y', '2004-04-09 12:01:07', 'AJM', '2010-07-27 13:41:06', 'AJM');
REPLACE INTO `mnu_nav_button` (`task_id_snr`, `task_id_jnr`, `sort_seq`, `button_text`, `context_preselect`, `created_date`, `created_user`, `revised_date`, `revised_user`) VALUES ('pro_prod_feature_applicability(list2)b', 'audit_dtl(list)3', '009', 'Audit Trail', 'Y', '2007-10-12 20:18:12', 'AJM', '2008-05-12 14:26:41', 'AJM');
REPLACE INTO `mnu_nav_button` (`task_id_snr`, `task_id_jnr`, `sort_seq`, `button_text`, `context_preselect`, `created_date`, `created_user`, `revised_date`, `revised_user`) VALUES ('pro_prod_feature_cat_applic(list2)a', 'audit_dtl(list)3', '010', 'Audit Trail', 'Y', '2007-11-11 20:25:32', 'AJM', '2010-07-08 18:25:14', 'AJM');
REPLACE INTO `mnu_nav_button` (`task_id_snr`, `task_id_jnr`, `sort_seq`, `button_text`, `context_preselect`, `created_date`, `created_user`, `revised_date`, `revised_user`) VALUES ('pro_prod_cat_rollup(list2)a', 'audit_dtl(list)3', '003', 'Audit Trail', 'Y', '2004-04-09 12:00:58', 'AJM', '2007-10-13 07:51:59', 'AJM');
REPLACE INTO `mnu_nav_button` (`task_id_snr`, `task_id_jnr`, `sort_seq`, `button_text`, `context_preselect`, `created_date`, `created_user`, `revised_date`, `revised_user`) VALUES ('pro_prod_category(list1)', 'audit_dtl(list)3', '012', 'Audit Trail', 'Y', '2004-04-09 11:54:53', 'AJM', '2008-03-06 14:52:12', 'AJM');
REPLACE INTO `mnu_nav_button` (`task_id_snr`, `task_id_jnr`, `sort_seq`, `button_text`, `context_preselect`, `created_date`, `created_user`, `revised_date`, `revised_user`) VALUES ('acc_invoice_header(list2)', 'audit_dtl(list)3', '006', 'Audit Trail', 'Y', '2008-09-30 11:33:53', 'AJM', NULL, NULL);
REPLACE INTO `mnu_nav_button` (`task_id_snr`, `task_id_jnr`, `sort_seq`, `button_text`, `context_preselect`, `created_date`, `created_user`, `revised_date`, `revised_user`) VALUES ('acc_invoice_header(list1)', 'audit_dtl(list)3', '017', 'Audit Trail', 'Y', '2007-04-26 19:40:57', 'AJM', '2010-04-28 16:09:34', 'AJM');
REPLACE INTO `mnu_nav_button` (`task_id_snr`, `task_id_jnr`, `sort_seq`, `button_text`, `context_preselect`, `created_date`, `created_user`, `revised_date`, `revised_user`) VALUES ('acc_email_text(list1)', 'audit_dtl(list)3', '007', 'Audit Trail', 'Y', '2008-10-04 15:14:32', 'AJM', '2008-10-04 15:18:48', 'AJM');
REPLACE INTO `mnu_nav_button` (`task_id_snr`, `task_id_jnr`, `sort_seq`, `button_text`, `context_preselect`, `created_date`, `created_user`, `revised_date`, `revised_user`) VALUES ('acc_invoice_adjustment(list2)', 'audit_dtl(list)3', '007', 'Audit Trail', 'Y', '2007-04-29 17:32:56', 'AJM', '2008-09-11 08:21:31', 'AJM');
REPLACE INTO `mnu_nav_button` (`task_id_snr`, `task_id_jnr`, `sort_seq`, `button_text`, `context_preselect`, `created_date`, `created_user`, `revised_date`, `revised_user`) VALUES ('py_email_queue(list1)', 'audit_dtl(list)3', '006', 'Audit Trail', 'Y', '2010-07-12 15:11:40', 'AJM', NULL, NULL);
REPLACE INTO `mnu_nav_button` (`task_id_snr`, `task_id_jnr`, `sort_seq`, `button_text`, `context_preselect`, `created_date`, `created_user`, `revised_date`, `revised_user`) VALUES ('py_email_msg(multi4)', 'audit_dtl(list)3', '017', 'Audit Trail', 'Y', '2010-07-12 16:22:32', 'AJM', '2010-10-07 15:38:55', 'AJM');
REPLACE INTO `mnu_nav_button` (`task_id_snr`, `task_id_jnr`, `sort_seq`, `button_text`, `context_preselect`, `created_date`, `created_user`, `revised_date`, `revised_user`) VALUES ('py_party_notes(list2)', 'audit_dtl(list)3', '006', 'Audit Trail', 'Y', '2010-07-13 11:03:39', 'AJM', NULL, NULL);
REPLACE INTO `mnu_nav_button` (`task_id_snr`, `task_id_jnr`, `sort_seq`, `button_text`, `context_preselect`, `created_date`, `created_user`, `revised_date`, `revised_user`) VALUES ('py_email_attachment(list2)', 'audit_dtl(list)3', '006', 'Audit Trail', 'Y', '2010-05-07 18:03:12', 'AJM', NULL, NULL);
REPLACE INTO `mnu_nav_button` (`task_id_snr`, `task_id_jnr`, `sort_seq`, `button_text`, `context_preselect`, `created_date`, `created_user`, `revised_date`, `revised_user`) VALUES ('py_party_contact_mechanism_c(list2)', 'audit_dtl(list)3', '009', 'Audit Trail', 'Y', '2007-03-15 22:37:06', 'AJM', '2007-03-16 10:18:37', 'AJM');
REPLACE INTO `mnu_nav_button` (`task_id_snr`, `task_id_jnr`, `sort_seq`, `button_text`, `context_preselect`, `created_date`, `created_user`, `revised_date`, `revised_user`) VALUES ('pro_prod_feature_category_alt(list2)', 'audit_dtl(list)3', '006', 'Audit Trail', 'Y', '2008-09-17 17:43:02', 'AJM', '2008-09-17 17:49:25', 'AJM');
REPLACE INTO `mnu_nav_button` (`task_id_snr`, `task_id_jnr`, `sort_seq`, `button_text`, `context_preselect`, `created_date`, `created_user`, `revised_date`, `revised_user`) VALUES ('pro_prod_feature_cat_applic(list2)b', 'audit_dtl(list)3', '006', 'Audit Trail', 'Y', '2007-11-12 11:47:16', 'AJM', NULL, NULL);
REPLACE INTO `mnu_nav_button` (`task_id_snr`, `task_id_jnr`, `sort_seq`, `button_text`, `context_preselect`, `created_date`, `created_user`, `revised_date`, `revised_user`) VALUES ('pro_prod_cat_level(list1)', 'audit_dtl(list)3', '006', 'Audit Trail', 'Y', '2007-10-10 15:25:24', 'AJM', NULL, NULL);
REPLACE INTO `mnu_nav_button` (`task_id_snr`, `task_id_jnr`, `sort_seq`, `button_text`, `context_preselect`, `created_date`, `created_user`, `revised_date`, `revised_user`) VALUES ('mnu_favourite(list2)', 'audit_dtl(list)3', '009', 'Audit Trail', 'Y', '2010-07-20 10:31:00', 'AJM', '2010-07-20 15:55:21', 'AJM');
REPLACE INTO `mnu_nav_button` (`task_id_snr`, `task_id_jnr`, `sort_seq`, `button_text`, `context_preselect`, `created_date`, `created_user`, `revised_date`, `revised_user`) VALUES ('pro_prod_feature_category(list1)', 'audit_dtl(list)3', '009', 'Audit Trail', 'Y', '2004-04-09 11:55:15', 'AJM', '2008-09-17 17:47:12', 'AJM');
REPLACE INTO `mnu_nav_button` (`task_id_snr`, `task_id_jnr`, `sort_seq`, `button_text`, `context_preselect`, `created_date`, `created_user`, `revised_date`, `revised_user`) VALUES ('pro_preference_type(list1)', 'audit_dtl(list)3', '006', 'Audit Trail', 'Y', '2007-02-26 17:37:36', 'AJM', '2007-10-13 10:31:34', 'AJM');
REPLACE INTO `mnu_nav_button` (`task_id_snr`, `task_id_jnr`, `sort_seq`, `button_text`, `context_preselect`, `created_date`, `created_user`, `revised_date`, `revised_user`) VALUES ('pro_price_component_a(list2)', 'audit_dtl(list)3', '007', 'Audit Trail', 'Y', '2004-04-09 12:00:35', 'AJM', '2007-07-27 17:34:21', 'AJM');
REPLACE INTO `mnu_nav_button` (`task_id_snr`, `task_id_jnr`, `sort_seq`, `button_text`, `context_preselect`, `created_date`, `created_user`, `revised_date`, `revised_user`) VALUES ('ord_term_type(list1)', 'audit_dtl(list)3', '006', 'Audit Trail', 'Y', '2007-03-31 16:10:50', 'AJM', NULL, NULL);
REPLACE INTO `mnu_nav_button` (`task_id_snr`, `task_id_jnr`, `sort_seq`, `button_text`, `context_preselect`, `created_date`, `created_user`, `revised_date`, `revised_user`) VALUES ('ord_value_break(list1)', 'audit_dtl(list)3', '007', 'Audit Trail', 'Y', '2007-02-28 20:09:50', 'AJM', '2007-07-24 10:57:35', 'AJM');
REPLACE INTO `mnu_nav_button` (`task_id_snr`, `task_id_jnr`, `sort_seq`, `button_text`, `context_preselect`, `created_date`, `created_user`, `revised_date`, `revised_user`) VALUES ('py_contact_mech_purpose_type(list1)', 'audit_dtl(list)3', '006', 'Audit Trail', 'Y', '2007-02-20 17:50:03', 'AJM', NULL, NULL);
REPLACE INTO `mnu_nav_button` (`task_id_snr`, `task_id_jnr`, `sort_seq`, `button_text`, `context_preselect`, `created_date`, `created_user`, `revised_date`, `revised_user`) VALUES ('py_contact_mechanism_type(list1)', 'audit_dtl(list)3', '007', 'Audit Trail', 'Y', '2007-02-20 11:27:56', 'AJM', '2007-02-20 14:00:22', 'AJM');
REPLACE INTO `mnu_nav_button` (`task_id_snr`, `task_id_jnr`, `sort_seq`, `button_text`, `context_preselect`, `created_date`, `created_user`, `revised_date`, `revised_user`) VALUES ('py_contact_mechanism(list1)', 'audit_dtl(list)3', '010', 'Audit Trail', 'Y', '2007-02-20 17:26:08', 'AJM', '2007-03-23 20:13:30', 'AJM');
REPLACE INTO `mnu_nav_button` (`task_id_snr`, `task_id_jnr`, `sort_seq`, `button_text`, `context_preselect`, `created_date`, `created_user`, `revised_date`, `revised_user`) VALUES ('inv_inventory_item_status(list1)', 'audit_dtl(list)3', '006', 'Audit Trail', 'Y', '2006-07-02 14:50:06', 'AJM', '2007-03-04 21:04:37', 'AJM');
REPLACE INTO `mnu_nav_button` (`task_id_snr`, `task_id_jnr`, `sort_seq`, `button_text`, `context_preselect`, `created_date`, `created_user`, `revised_date`, `revised_user`) VALUES ('inv_facility(list1)', 'audit_dtl(list)3', '014', 'Audit Trail', 'Y', '2006-06-30 17:43:33', 'AJM', '2007-06-21 17:36:41', 'AJM');
REPLACE INTO `mnu_nav_button` (`task_id_snr`, `task_id_jnr`, `sort_seq`, `button_text`, `context_preselect`, `created_date`, `created_user`, `revised_date`, `revised_user`) VALUES ('inv_facility_type(list1)', 'audit_dtl(list)3', '006', 'Audit Trail', 'Y', '2006-06-30 16:10:56', 'AJM', '2007-03-04 20:49:20', 'AJM');
REPLACE INTO `mnu_nav_button` (`task_id_snr`, `task_id_jnr`, `sort_seq`, `button_text`, `context_preselect`, `created_date`, `created_user`, `revised_date`, `revised_user`) VALUES ('inv_facility_role(list2)', 'audit_dtl(list)3', '006', 'Audit Trail', 'Y', '2007-02-25 14:58:57', 'AJM', '2007-03-04 19:11:56', 'AJM');
REPLACE INTO `mnu_nav_button` (`task_id_snr`, `task_id_jnr`, `sort_seq`, `button_text`, `context_preselect`, `created_date`, `created_user`, `revised_date`, `revised_user`) VALUES ('inv_facility_role_type(list1)', 'audit_dtl(list)3', '006', 'Audit Trail', 'Y', '2007-02-25 14:15:34', 'AJM', '2007-03-04 19:10:23', 'AJM');
REPLACE INTO `mnu_nav_button` (`task_id_snr`, `task_id_jnr`, `sort_seq`, `button_text`, `context_preselect`, `created_date`, `created_user`, `revised_date`, `revised_user`) VALUES ('inv_facility_contact_mechanism(list2)b', 'audit_dtl(list)3', '006', 'Audit Trail', 'Y', '2007-02-25 18:17:43', 'AJM', '2007-03-04 19:07:57', 'AJM');
REPLACE INTO `mnu_nav_button` (`task_id_snr`, `task_id_jnr`, `sort_seq`, `button_text`, `context_preselect`, `created_date`, `created_user`, `revised_date`, `revised_user`) VALUES ('inv_facility_contact_mechanism(list2)a', 'audit_dtl(list)3', '006', 'Audit Trail', 'Y', '2007-02-25 16:12:04', 'AJM', '2007-03-04 19:07:42', 'AJM');
REPLACE INTO `mnu_nav_button` (`task_id_snr`, `task_id_jnr`, `sort_seq`, `button_text`, `context_preselect`, `created_date`, `created_user`, `revised_date`, `revised_user`) VALUES ('inv_container(list2)', 'audit_dtl(list)3', '006', 'Audit Trail', 'Y', '2007-04-18 11:50:10', 'AJM', NULL, NULL);
REPLACE INTO `mnu_nav_button` (`task_id_snr`, `task_id_jnr`, `sort_seq`, `button_text`, `context_preselect`, `created_date`, `created_user`, `revised_date`, `revised_user`) VALUES ('inv_container(list1)', 'audit_dtl(list)3', '006', 'Audit Trail', 'Y', '2006-06-30 18:20:22', 'AJM', '2007-03-04 20:46:18', 'AJM');
REPLACE INTO `mnu_nav_button` (`task_id_snr`, `task_id_jnr`, `sort_seq`, `button_text`, `context_preselect`, `created_date`, `created_user`, `revised_date`, `revised_user`) VALUES ('inv_container_type(list1)', 'audit_dtl(list)3', '006', 'Audit Trail', 'Y', '2006-06-30 17:43:12', 'AJM', '2007-03-04 20:44:22', 'AJM');
REPLACE INTO `mnu_nav_button` (`task_id_snr`, `task_id_jnr`, `sort_seq`, `button_text`, `context_preselect`, `created_date`, `created_user`, `revised_date`, `revised_user`) VALUES ('mnu_user_ip_address(list2)', 'audit_dtl(list)3', '006', 'Audit Trail', 'Y', '2009-11-15 18:22:13', 'AJM', NULL, NULL);
REPLACE INTO `mnu_nav_button` (`task_id_snr`, `task_id_jnr`, `sort_seq`, `button_text`, `context_preselect`, `created_date`, `created_user`, `revised_date`, `revised_user`) VALUES ('mnu_task_ip_address(list2)', 'audit_dtl(list)3', '006', 'Audit Trail', 'Y', '2009-11-15 18:07:32', 'AJM', NULL, NULL);
REPLACE INTO `mnu_nav_button` (`task_id_snr`, `task_id_jnr`, `sort_seq`, `button_text`, `context_preselect`, `created_date`, `created_user`, `revised_date`, `revised_user`) VALUES ('pro_prod_cat_class(list2)b', 'audit_dtl(list)3', '006', 'Audit Trail', 'Y', '2007-03-20 18:32:41', 'AJM', NULL, NULL);
REPLACE INTO `mnu_nav_button` (`task_id_snr`, `task_id_jnr`, `sort_seq`, `button_text`, `context_preselect`, `created_date`, `created_user`, `revised_date`, `revised_user`) VALUES ('pro_prod_cat_class(list2)a', 'audit_dtl(list)3', '009', 'Audit Trail', 'Y', '2004-04-09 12:00:51', 'AJM', '2007-03-21 09:11:33', 'AJM');
REPLACE INTO `mnu_nav_button` (`task_id_snr`, `task_id_jnr`, `sort_seq`, `button_text`, `context_preselect`, `created_date`, `created_user`, `revised_date`, `revised_user`) VALUES ('ord_order_header_s(list1)dispatch', 'audit_dtl(list)3', '015', 'Audit Trail', 'Y', '2008-07-23 10:39:47', 'AJM', '2011-07-09 11:47:14', 'AJM');
REPLACE INTO `mnu_nav_button` (`task_id_snr`, `task_id_jnr`, `sort_seq`, `button_text`, `context_preselect`, `created_date`, `created_user`, `revised_date`, `revised_user`) VALUES ('pro_compatible_products(list2)', 'audit_dtl(list)3', '006', 'Audit Trail', 'Y', '2010-06-21 15:46:43', 'AJM', NULL, NULL);
REPLACE INTO `mnu_nav_button` (`task_id_snr`, `task_id_jnr`, `sort_seq`, `button_text`, `context_preselect`, `created_date`, `created_user`, `revised_date`, `revised_user`) VALUES ('acc_invoice_header(list2)b', 'audit_dtl(list)3', '009', 'Audit Trail', 'Y', '2009-08-19 16:41:42', 'AJM', '2009-10-28 16:36:29', 'AJM');
REPLACE INTO `mnu_nav_button` (`task_id_snr`, `task_id_jnr`, `sort_seq`, `button_text`, `context_preselect`, `created_date`, `created_user`, `revised_date`, `revised_user`) VALUES ('ord_order_adjustment_type_alt(list2)', 'audit_dtl(list)3', '006', 'Audit Trail', 'Y', '2009-08-25 11:49:43', 'AJM', NULL, NULL);
REPLACE INTO `mnu_nav_button` (`task_id_snr`, `task_id_jnr`, `sort_seq`, `button_text`, `context_preselect`, `created_date`, `created_user`, `revised_date`, `revised_user`) VALUES ('ord_item_adjustment_type_alt(list2)', 'audit_dtl(list)3', '006', 'Audit Trail', 'Y', '2009-08-25 11:50:36', 'AJM', NULL, NULL);
REPLACE INTO `mnu_nav_button` (`task_id_snr`, `task_id_jnr`, `sort_seq`, `button_text`, `context_preselect`, `created_date`, `created_user`, `revised_date`, `revised_user`) VALUES ('wrd_categories(list1)', 'audit_dtl(list)3', '007', 'Audit Trail', 'Y', '2007-09-21 17:38:24', 'AJM', '2007-10-04 12:01:02', 'AJM');
REPLACE INTO `mnu_nav_button` (`task_id_snr`, `task_id_jnr`, `sort_seq`, `button_text`, `context_preselect`, `created_date`, `created_user`, `revised_date`, `revised_user`) VALUES ('wrd_categories(list2)a', 'audit_dtl(list)3', '007', 'Audit Trail', 'Y', '2007-10-04 11:39:43', 'AJM', '2007-10-04 12:01:23', 'AJM');
REPLACE INTO `mnu_nav_button` (`task_id_snr`, `task_id_jnr`, `sort_seq`, `button_text`, `context_preselect`, `created_date`, `created_user`, `revised_date`, `revised_user`) VALUES ('wrd_categories(list2)b', 'audit_dtl(list)3', '007', 'Audit Trail', 'Y', '2007-10-04 11:50:36', 'AJM', '2007-10-04 12:01:43', 'AJM');
REPLACE INTO `mnu_nav_button` (`task_id_snr`, `task_id_jnr`, `sort_seq`, `button_text`, `context_preselect`, `created_date`, `created_user`, `revised_date`, `revised_user`) VALUES ('wrd_clarity(list1)', 'audit_dtl(list)3', '007', 'Audit Trail', 'Y', '2007-10-07 11:49:22', 'AJM', '2007-10-08 16:08:11', 'AJM');
REPLACE INTO `mnu_nav_button` (`task_id_snr`, `task_id_jnr`, `sort_seq`, `button_text`, `context_preselect`, `created_date`, `created_user`, `revised_date`, `revised_user`) VALUES ('wrd_colour(list1)', 'audit_dtl(list)3', '007', 'Audit Trail', 'Y', '2007-10-07 11:56:18', 'AJM', '2007-10-08 16:24:52', 'AJM');
REPLACE INTO `mnu_nav_button` (`task_id_snr`, `task_id_jnr`, `sort_seq`, `button_text`, `context_preselect`, `created_date`, `created_user`, `revised_date`, `revised_user`) VALUES ('wrd_customers(list1)', 'audit_dtl(list)3', '007', 'Audit Trail', 'Y', '2007-10-08 16:48:27', 'AJM', '2007-10-08 18:00:17', 'AJM');
REPLACE INTO `mnu_nav_button` (`task_id_snr`, `task_id_jnr`, `sort_seq`, `button_text`, `context_preselect`, `created_date`, `created_user`, `revised_date`, `revised_user`) VALUES ('wrd_cut_info(list2)', 'audit_dtl(list)3', '006', 'Audit Trail', 'Y', '2007-10-08 11:27:57', 'AJM', NULL, NULL);
REPLACE INTO `mnu_nav_button` (`task_id_snr`, `task_id_jnr`, `sort_seq`, `button_text`, `context_preselect`, `created_date`, `created_user`, `revised_date`, `revised_user`) VALUES ('wrd_cut(list1)', 'audit_dtl(list)3', '008', 'Audit Trail', 'Y', '2007-10-07 12:01:30', 'AJM', '2007-10-08 11:29:24', 'AJM');
REPLACE INTO `mnu_nav_button` (`task_id_snr`, `task_id_jnr`, `sort_seq`, `button_text`, `context_preselect`, `created_date`, `created_user`, `revised_date`, `revised_user`) VALUES ('wrd_depth(list1)', 'audit_dtl(list)3', '007', 'Audit Trail', 'Y', '2007-10-04 21:50:31', 'AJM', '2007-10-05 17:48:51', 'AJM');
REPLACE INTO `mnu_nav_button` (`task_id_snr`, `task_id_jnr`, `sort_seq`, `button_text`, `context_preselect`, `created_date`, `created_user`, `revised_date`, `revised_user`) VALUES ('wrd_finish_list(list1)', 'audit_dtl(list)3', '007', 'Audit Trail', 'Y', '2007-10-05 12:03:13', 'AJM', '2007-10-05 16:14:11', 'AJM');
REPLACE INTO `mnu_nav_button` (`task_id_snr`, `task_id_jnr`, `sort_seq`, `button_text`, `context_preselect`, `created_date`, `created_user`, `revised_date`, `revised_user`) VALUES ('wrd_finish(list2)a', 'audit_dtl(list)3', '006', 'Audit Trail', 'Y', '2007-10-05 16:12:45', 'AJM', NULL, NULL);
REPLACE INTO `mnu_nav_button` (`task_id_snr`, `task_id_jnr`, `sort_seq`, `button_text`, `context_preselect`, `created_date`, `created_user`, `revised_date`, `revised_user`) VALUES ('wrd_item_list(list1)', 'audit_dtl(list)3', '007', 'Audit Trail', 'Y', '2007-10-08 20:18:52', 'AJM', '2007-10-09 11:50:57', 'AJM');
REPLACE INTO `mnu_nav_button` (`task_id_snr`, `task_id_jnr`, `sort_seq`, `button_text`, `context_preselect`, `created_date`, `created_user`, `revised_date`, `revised_user`) VALUES ('wrd_item_stone(list2)', 'audit_dtl(list)3', '006', 'Audit Trail', 'Y', '2007-10-09 11:49:09', 'AJM', NULL, NULL);
REPLACE INTO `mnu_nav_button` (`task_id_snr`, `task_id_jnr`, `sort_seq`, `button_text`, `context_preselect`, `created_date`, `created_user`, `revised_date`, `revised_user`) VALUES ('wrd_lists(list1)', 'audit_dtl(list)3', '007', 'Audit Trail', 'Y', '2007-09-21 17:46:24', 'AJM', '2007-10-04 11:46:50', 'AJM');
REPLACE INTO `mnu_nav_button` (`task_id_snr`, `task_id_jnr`, `sort_seq`, `button_text`, `context_preselect`, `created_date`, `created_user`, `revised_date`, `revised_user`) VALUES ('wrd_metal_list(list1)', 'audit_dtl(list)3', '007', 'Audit Trail', 'Y', '2007-10-05 12:01:45', 'AJM', '2007-10-05 14:39:14', 'AJM');
REPLACE INTO `mnu_nav_button` (`task_id_snr`, `task_id_jnr`, `sort_seq`, `button_text`, `context_preselect`, `created_date`, `created_user`, `revised_date`, `revised_user`) VALUES ('wrd_metals(list2)a', 'audit_dtl(list)3', '006', 'Audit Trail', 'Y', '2007-10-05 14:36:53', 'AJM', NULL, NULL);
REPLACE INTO `mnu_nav_button` (`task_id_snr`, `task_id_jnr`, `sort_seq`, `button_text`, `context_preselect`, `created_date`, `created_user`, `revised_date`, `revised_user`) VALUES ('wrd_order_items(list2)', 'audit_dtl(list)3', '007', 'Audit Trail', 'Y', '2007-10-08 18:14:21', 'AJM', '2007-10-09 11:51:35', 'AJM');
REPLACE INTO `mnu_nav_button` (`task_id_snr`, `task_id_jnr`, `sort_seq`, `button_text`, `context_preselect`, `created_date`, `created_user`, `revised_date`, `revised_user`) VALUES ('wrd_orders(list1)', 'audit_dtl(list)3', '008', 'Audit Trail', 'Y', '2007-10-08 17:00:46', 'AJM', '2007-10-14 10:54:14', 'AJM');
REPLACE INTO `mnu_nav_button` (`task_id_snr`, `task_id_jnr`, `sort_seq`, `button_text`, `context_preselect`, `created_date`, `created_user`, `revised_date`, `revised_user`) VALUES ('wrd_orders(list2)', 'audit_dtl(list)3', '008', 'Audit Trail', 'Y', '2007-10-08 17:58:18', 'AJM', '2007-10-14 10:54:44', 'AJM');
REPLACE INTO `mnu_nav_button` (`task_id_snr`, `task_id_jnr`, `sort_seq`, `button_text`, `context_preselect`, `created_date`, `created_user`, `revised_date`, `revised_user`) VALUES ('wrd_payment_methods(list1)', 'audit_dtl(list)3', '006', 'Audit Trail', 'Y', '2007-10-14 10:47:30', 'AJM', NULL, NULL);
REPLACE INTO `mnu_nav_button` (`task_id_snr`, `task_id_jnr`, `sort_seq`, `button_text`, `context_preselect`, `created_date`, `created_user`, `revised_date`, `revised_user`) VALUES ('wrd_payment(list2)', 'audit_dtl(list)3', '006', 'Audit Trail', 'Y', '2007-10-14 10:52:25', 'AJM', NULL, NULL);
REPLACE INTO `mnu_nav_button` (`task_id_snr`, `task_id_jnr`, `sort_seq`, `button_text`, `context_preselect`, `created_date`, `created_user`, `revised_date`, `revised_user`) VALUES ('wrd_product_cut(list2)a', 'audit_dtl(list)3', '006', 'Audit Trail', 'Y', '2007-10-08 11:12:35', 'AJM', NULL, NULL);
REPLACE INTO `mnu_nav_button` (`task_id_snr`, `task_id_jnr`, `sort_seq`, `button_text`, `context_preselect`, `created_date`, `created_user`, `revised_date`, `revised_user`) VALUES ('wrd_product_cut(list2)b', 'audit_dtl(list)3', '006', 'Audit Trail', 'Y', '2007-10-08 11:19:35', 'AJM', NULL, NULL);
REPLACE INTO `mnu_nav_button` (`task_id_snr`, `task_id_jnr`, `sort_seq`, `button_text`, `context_preselect`, `created_date`, `created_user`, `revised_date`, `revised_user`) VALUES ('wrd_product_factors(list2)', 'audit_dtl(list)3', '006', 'Audit Trail', 'Y', '2007-10-24 17:53:43', 'AJM', NULL, NULL);
REPLACE INTO `mnu_nav_button` (`task_id_snr`, `task_id_jnr`, `sort_seq`, `button_text`, `context_preselect`, `created_date`, `created_user`, `revised_date`, `revised_user`) VALUES ('wrd_product_info(list2)', 'audit_dtl(list)3', '006', 'Audit Trail', 'Y', '2007-10-23 18:59:54', 'AJM', NULL, NULL);
REPLACE INTO `mnu_nav_button` (`task_id_snr`, `task_id_jnr`, `sort_seq`, `button_text`, `context_preselect`, `created_date`, `created_user`, `revised_date`, `revised_user`) VALUES ('wrd_product_stone_weight(list2)a', 'audit_dtl(list)3', '006', 'Audit Trail', 'Y', '2007-10-05 18:44:57', 'AJM', NULL, NULL);
REPLACE INTO `mnu_nav_button` (`task_id_snr`, `task_id_jnr`, `sort_seq`, `button_text`, `context_preselect`, `created_date`, `created_user`, `revised_date`, `revised_user`) VALUES ('wrd_products(list1)', 'audit_dtl(list)3', '014', 'Audit Trail', 'Y', '2007-10-04 19:59:53', 'AJM', '2007-10-08 11:38:53', 'AJM');
REPLACE INTO `mnu_nav_button` (`task_id_snr`, `task_id_jnr`, `sort_seq`, `button_text`, `context_preselect`, `created_date`, `created_user`, `revised_date`, `revised_user`) VALUES ('wrd_products(list2)a', 'audit_dtl(list)3', '006', 'Audit Trail', 'Y', '2007-10-05 17:21:28', 'AJM', NULL, NULL);
REPLACE INTO `mnu_nav_button` (`task_id_snr`, `task_id_jnr`, `sort_seq`, `button_text`, `context_preselect`, `created_date`, `created_user`, `revised_date`, `revised_user`) VALUES ('wrd_products(list2)b', 'audit_dtl(list)3', '006', 'Audit Trail', 'Y', '2007-10-05 17:47:33', 'AJM', NULL, NULL);
REPLACE INTO `mnu_nav_button` (`task_id_snr`, `task_id_jnr`, `sort_seq`, `button_text`, `context_preselect`, `created_date`, `created_user`, `revised_date`, `revised_user`) VALUES ('wrd_profile_variables(list1)', 'audit_dtl(list)3', '006', 'Audit Trail', 'Y', '2008-03-23 16:13:43', 'AJM', NULL, NULL);
REPLACE INTO `mnu_nav_button` (`task_id_snr`, `task_id_jnr`, `sort_seq`, `button_text`, `context_preselect`, `created_date`, `created_user`, `revised_date`, `revised_user`) VALUES ('wrd_profile(list1)', 'audit_dtl(list)3', '007', 'Audit Trail', 'Y', '2007-10-05 11:06:59', 'AJM', '2007-10-05 17:22:51', 'AJM');
REPLACE INTO `mnu_nav_button` (`task_id_snr`, `task_id_jnr`, `sort_seq`, `button_text`, `context_preselect`, `created_date`, `created_user`, `revised_date`, `revised_user`) VALUES ('wrd_ring_size(list1)', 'audit_dtl(list)3', '006', 'Audit Trail', 'Y', '2007-10-14 10:43:42', 'AJM', NULL, NULL);
REPLACE INTO `mnu_nav_button` (`task_id_snr`, `task_id_jnr`, `sort_seq`, `button_text`, `context_preselect`, `created_date`, `created_user`, `revised_date`, `revised_user`) VALUES ('wrd_section(list1)', 'audit_dtl(list)3', '007', 'Audit Trail', 'Y', '2007-09-21 18:36:01', 'AJM', '2007-10-04 11:51:52', 'AJM');
REPLACE INTO `mnu_nav_button` (`task_id_snr`, `task_id_jnr`, `sort_seq`, `button_text`, `context_preselect`, `created_date`, `created_user`, `revised_date`, `revised_user`) VALUES ('wrd_shapes_list(list1)', 'audit_dtl(list)3', '007', 'Audit Trail', 'Y', '2007-10-05 12:03:50', 'AJM', '2007-10-05 16:25:52', 'AJM');
REPLACE INTO `mnu_nav_button` (`task_id_snr`, `task_id_jnr`, `sort_seq`, `button_text`, `context_preselect`, `created_date`, `created_user`, `revised_date`, `revised_user`) VALUES ('wrd_shapes(list2)a', 'audit_dtl(list)3', '006', 'Audit Trail', 'Y', '2007-10-05 16:24:20', 'AJM', NULL, NULL);
REPLACE INTO `mnu_nav_button` (`task_id_snr`, `task_id_jnr`, `sort_seq`, `button_text`, `context_preselect`, `created_date`, `created_user`, `revised_date`, `revised_user`) VALUES ('wrd_sizes(list1)', 'audit_dtl(list)3', '006', 'Audit Trail', 'Y', '2007-10-08 20:39:01', 'AJM', NULL, NULL);
REPLACE INTO `mnu_nav_button` (`task_id_snr`, `task_id_jnr`, `sort_seq`, `button_text`, `context_preselect`, `created_date`, `created_user`, `revised_date`, `revised_user`) VALUES ('wrd_status(list1)', 'audit_dtl(list)3', '006', 'Audit Trail', 'Y', '2007-10-08 17:22:04', 'AJM', NULL, NULL);
REPLACE INTO `mnu_nav_button` (`task_id_snr`, `task_id_jnr`, `sort_seq`, `button_text`, `context_preselect`, `created_date`, `created_user`, `revised_date`, `revised_user`) VALUES ('wrd_stone_price(list1)', 'audit_dtl(list)3', '006', 'Audit Trail', 'Y', '2007-10-08 16:32:04', 'AJM', NULL, NULL);
REPLACE INTO `mnu_nav_button` (`task_id_snr`, `task_id_jnr`, `sort_seq`, `button_text`, `context_preselect`, `created_date`, `created_user`, `revised_date`, `revised_user`) VALUES ('wrd_stone_price(list2)a', 'audit_dtl(list)3', '006', 'Audit Trail', 'Y', '2007-10-08 16:05:12', 'AJM', NULL, NULL);
REPLACE INTO `mnu_nav_button` (`task_id_snr`, `task_id_jnr`, `sort_seq`, `button_text`, `context_preselect`, `created_date`, `created_user`, `revised_date`, `revised_user`) VALUES ('wrd_stone_price(list2)b', 'audit_dtl(list)3', '006', 'Audit Trail', 'Y', '2007-10-08 16:23:30', 'AJM', NULL, NULL);
REPLACE INTO `mnu_nav_button` (`task_id_snr`, `task_id_jnr`, `sort_seq`, `button_text`, `context_preselect`, `created_date`, `created_user`, `revised_date`, `revised_user`) VALUES ('wrd_stone_weight(list1)', 'audit_dtl(list)3', '007', 'Audit Trail', 'Y', '2007-10-05 18:37:36', 'AJM', '2007-10-05 18:46:54', 'AJM');
REPLACE INTO `mnu_nav_button` (`task_id_snr`, `task_id_jnr`, `sort_seq`, `button_text`, `context_preselect`, `created_date`, `created_user`, `revised_date`, `revised_user`) VALUES ('wrd_stones_list(list2)a', 'audit_dtl(list)3', '006', 'Audit Trail', 'Y', '2007-10-07 15:52:10', 'AJM', NULL, NULL);
REPLACE INTO `mnu_nav_button` (`task_id_snr`, `task_id_jnr`, `sort_seq`, `button_text`, `context_preselect`, `created_date`, `created_user`, `revised_date`, `revised_user`) VALUES ('wrd_stones_list(list2)b', 'audit_dtl(list)3', '006', 'Audit Trail', 'Y', '2007-10-08 11:36:36', 'AJM', NULL, NULL);
REPLACE INTO `mnu_nav_button` (`task_id_snr`, `task_id_jnr`, `sort_seq`, `button_text`, `context_preselect`, `created_date`, `created_user`, `revised_date`, `revised_user`) VALUES ('wrd_stones(list1)', 'audit_dtl(list)3', '007', 'Audit Trail', 'Y', '2007-10-07 15:33:39', 'AJM', '2007-10-07 15:54:25', 'AJM');
REPLACE INTO `mnu_nav_button` (`task_id_snr`, `task_id_jnr`, `sort_seq`, `button_text`, `context_preselect`, `created_date`, `created_user`, `revised_date`, `revised_user`) VALUES ('wrd_sub_cat_list(list2)a', 'audit_dtl(list)3', '006', 'Audit Trail', 'Y', '2007-10-06 08:41:04', 'AJM', '2007-10-06 11:02:26', 'AJM');
REPLACE INTO `mnu_nav_button` (`task_id_snr`, `task_id_jnr`, `sort_seq`, `button_text`, `context_preselect`, `created_date`, `created_user`, `revised_date`, `revised_user`) VALUES ('wrd_sub_cat_list(list2)b', 'audit_dtl(list)3', '006', 'Audit Trail', 'Y', '2007-10-06 11:06:10', 'AJM', NULL, NULL);
REPLACE INTO `mnu_nav_button` (`task_id_snr`, `task_id_jnr`, `sort_seq`, `button_text`, `context_preselect`, `created_date`, `created_user`, `revised_date`, `revised_user`) VALUES ('wrd_sub_categories(list2)', 'audit_dtl(list)3', '007', 'Audit Trail', 'Y', '2007-10-04 11:59:27', 'AJM', '2007-10-06 08:43:08', 'AJM');
REPLACE INTO `mnu_nav_button` (`task_id_snr`, `task_id_jnr`, `sort_seq`, `button_text`, `context_preselect`, `created_date`, `created_user`, `revised_date`, `revised_user`) VALUES ('wrd_width_list(list1)', 'audit_dtl(list)3', '007', 'Audit Trail', 'Y', '2007-10-04 21:54:05', 'AJM', '2007-10-05 15:43:33', 'AJM');
REPLACE INTO `mnu_nav_button` (`task_id_snr`, `task_id_jnr`, `sort_seq`, `button_text`, `context_preselect`, `created_date`, `created_user`, `revised_date`, `revised_user`) VALUES ('wrd_width(list2)a', 'audit_dtl(list)3', '006', 'Audit Trail', 'Y', '2007-10-05 15:42:10', 'AJM', NULL, NULL);
REPLACE INTO `mnu_nav_button` (`task_id_snr`, `task_id_jnr`, `sort_seq`, `button_text`, `context_preselect`, `created_date`, `created_user`, `revised_date`, `revised_user`) VALUES ('ord_order_extra_values(list2)', 'audit_dtl(list)3', '006', 'Audit Trail', 'Y', '2009-12-03 14:16:48', 'AJM', NULL, NULL);
REPLACE INTO `mnu_nav_button` (`task_id_snr`, `task_id_jnr`, `sort_seq`, `button_text`, `context_preselect`, `created_date`, `created_user`, `revised_date`, `revised_user`) VALUES ('ord_order_extra_names(list1)', 'audit_dtl(list)3', '006', 'Audit Trail', 'Y', '2009-12-03 14:12:04', 'AJM', NULL, NULL);
REPLACE INTO `mnu_nav_button` (`task_id_snr`, `task_id_jnr`, `sort_seq`, `button_text`, `context_preselect`, `created_date`, `created_user`, `revised_date`, `revised_user`) VALUES ('ord_online_payment_status(list1)', 'audit_dtl(list)3', '006', 'Audit Trail', 'Y', '2009-10-20 10:06:37', 'AJM', NULL, NULL);
REPLACE INTO `mnu_nav_button` (`task_id_snr`, `task_id_jnr`, `sort_seq`, `button_text`, `context_preselect`, `created_date`, `created_user`, `revised_date`, `revised_user`) VALUES ('py_geographic_area_type_alt(list2)', 'audit_dtl(list)3', '006', 'Audit Trail', 'Y', '2009-12-06 14:57:32', 'AJM', NULL, NULL);
REPLACE INTO `mnu_nav_button` (`task_id_snr`, `task_id_jnr`, `sort_seq`, `button_text`, `context_preselect`, `created_date`, `created_user`, `revised_date`, `revised_user`) VALUES ('ord_online_payment_gateway(list1)', 'audit_dtl(list)3', '006', 'Audit Trail', 'Y', '2009-12-07 15:40:31', 'AJM', NULL, NULL);
REPLACE INTO `mnu_nav_button` (`task_id_snr`, `task_id_jnr`, `sort_seq`, `button_text`, `context_preselect`, `created_date`, `created_user`, `revised_date`, `revised_user`) VALUES ('shp_fedex_shipment(list1)', 'audit_dtl(list)3', '008', 'Audit Trail', 'Y', '2010-01-18 10:32:47', 'AJM', '2010-01-29 15:36:48', 'AJM');
REPLACE INTO `mnu_nav_button` (`task_id_snr`, `task_id_jnr`, `sort_seq`, `button_text`, `context_preselect`, `created_date`, `created_user`, `revised_date`, `revised_user`) VALUES ('inv_inventory_item_variance(list1)', 'audit_dtl(list)3', '006', 'Audit Trail', 'Y', '2010-03-01 11:22:11', 'AJM', NULL, NULL);
REPLACE INTO `mnu_nav_button` (`task_id_snr`, `task_id_jnr`, `sort_seq`, `button_text`, `context_preselect`, `created_date`, `created_user`, `revised_date`, `revised_user`) VALUES ('py_email_case(list1)', 'audit_dtl(list)3', '009', 'Audit Trail', 'Y', '2010-10-17 11:28:13', 'AJM', '2010-10-21 15:19:46', 'AJM');
REPLACE INTO `mnu_nav_button` (`task_id_snr`, `task_id_jnr`, `sort_seq`, `button_text`, `context_preselect`, `created_date`, `created_user`, `revised_date`, `revised_user`) VALUES ('py_email_case(list2)a', 'audit_dtl(list)3', '008', 'Audit Trail', 'Y', '2010-10-17 14:01:13', 'AJM', '2010-10-21 15:20:38', 'AJM');
REPLACE INTO `mnu_nav_button` (`task_id_snr`, `task_id_jnr`, `sort_seq`, `button_text`, `context_preselect`, `created_date`, `created_user`, `revised_date`, `revised_user`) VALUES ('py_email_msg(list2)d', 'audit_dtl(list)3', '018', 'Audit Trail', 'Y', '2010-10-17 18:57:47', 'AJM', '2010-11-13 07:57:20', 'AJM');
REPLACE INTO `mnu_nav_button` (`task_id_snr`, `task_id_jnr`, `sort_seq`, `button_text`, `context_preselect`, `created_date`, `created_user`, `revised_date`, `revised_user`) VALUES ('py_email_case(list2)b', 'audit_dtl(list)3', '007', 'Audit Trail', 'Y', '2010-10-18 14:12:02', 'AJM', '2010-10-21 15:21:24', 'AJM');
REPLACE INTO `mnu_nav_button` (`task_id_snr`, `task_id_jnr`, `sort_seq`, `button_text`, `context_preselect`, `created_date`, `created_user`, `revised_date`, `revised_user`) VALUES ('py_email_case(multi4)', 'audit_dtl(list)3', '008', 'Audit Trail', 'Y', '2010-10-19 11:13:14', 'AJM', '2010-10-21 15:22:06', 'AJM');
REPLACE INTO `mnu_nav_button` (`task_id_snr`, `task_id_jnr`, `sort_seq`, `button_text`, `context_preselect`, `created_date`, `created_user`, `revised_date`, `revised_user`) VALUES ('acc_credit_note_item_adjustment(list2)', 'audit_dtl(list)3', '007', 'Audit Trail', 'Y', '2011-07-05 15:24:34', 'AJM', '2011-07-05 15:25:57', 'AJM');
REPLACE INTO `mnu_nav_button` (`task_id_snr`, `task_id_jnr`, `sort_seq`, `button_text`, `context_preselect`, `created_date`, `created_user`, `revised_date`, `revised_user`) VALUES ('ord_basket(list1)', 'audit_dtl(list)3', '007', 'Audit Trail', 'Y', '2011-07-13 14:27:23', 'AJM', '2011-07-13 14:47:55', 'AJM');
REPLACE INTO `mnu_nav_button` (`task_id_snr`, `task_id_jnr`, `sort_seq`, `button_text`, `context_preselect`, `created_date`, `created_user`, `revised_date`, `revised_user`) VALUES ('ord_basket_item(list2)', 'audit_dtl(list)3', '007', 'Audit Trail', 'Y', '2011-07-13 14:45:26', 'AJM', '2011-07-13 14:52:39', 'AJM');
REPLACE INTO `mnu_nav_button` (`task_id_snr`, `task_id_jnr`, `sort_seq`, `button_text`, `context_preselect`, `created_date`, `created_user`, `revised_date`, `revised_user`) VALUES ('pro_product_component(list2)a', 'audit_dtl(list)3', '009', 'Audit Trail', 'Y', '2011-11-29 10:30:45', 'AJM', '2011-11-29 13:02:06', 'AJM');
REPLACE INTO `mnu_nav_button` (`task_id_snr`, `task_id_jnr`, `sort_seq`, `button_text`, `context_preselect`, `created_date`, `created_user`, `revised_date`, `revised_user`) VALUES ('pro_product_component(list2)b', 'audit_dtl(list)3', '009', 'Audit Trail', 'Y', '2011-11-29 14:39:43', 'AJM', NULL, NULL);
REPLACE INTO `mnu_nav_button` (`task_id_snr`, `task_id_jnr`, `sort_seq`, `button_text`, `context_preselect`, `created_date`, `created_user`, `revised_date`, `revised_user`) VALUES ('con_content_type(list1)', 'audit_dtl(list)3', '007', 'Audit Trail', 'Y', '2012-01-24 08:44:35', 'AJM', '2012-01-24 09:41:59', 'AJM');
REPLACE INTO `mnu_nav_button` (`task_id_snr`, `task_id_jnr`, `sort_seq`, `button_text`, `context_preselect`, `created_date`, `created_user`, `revised_date`, `revised_user`) VALUES ('con_content(list2)', 'audit_dtl(list)3', '006', 'Audit Trail', 'Y', '2012-01-24 09:40:03', 'AJM', NULL, NULL);
REPLACE INTO `mnu_nav_button` (`task_id_snr`, `task_id_jnr`, `sort_seq`, `button_text`, `context_preselect`, `created_date`, `created_user`, `revised_date`, `revised_user`) VALUES ('con_content_alt(list2)', 'audit_dtl(list)3', '006', 'Audit Trail', 'Y', '2012-01-12 18:59:59', 'AJM', NULL, NULL);
REPLACE INTO `mnu_nav_button` (`task_id_snr`, `task_id_jnr`, `sort_seq`, `button_text`, `context_preselect`, `created_date`, `created_user`, `revised_date`, `revised_user`) VALUES ('con_content(list1)', 'audit_dtl(list)3', '007', 'Audit Trail', 'Y', '2012-01-12 18:50:12', 'AJM', '2012-01-12 19:02:51', 'AJM');

REPLACE INTO `mnu_role_task` (`role_id`, `task_id`, `created_date`, `created_user`, `revised_date`, `revised_user`) VALUES ('DEMO', 'audit_dtl(list)3', '2009-07-22 00:57:59', 'AJM', NULL, NULL);

REPLACE INTO `mnu_task` (`task_id`, `task_desc`, `button_text`, `task_type`, `script_id`, `is_disabled`, `pattern_id`, `subsys_id`, `initial_passthru`, `selection_fixed`, `selection_temp`, `settings`, `order_by`, `keep_data`, `log_sql_query`, `screen_refresh`, `use_https`, `max_execution_time`, `task_id_run_at_end`, `task_id_run_at_cancel`, `created_date`, `created_user`, `revised_date`, `revised_user`) VALUES ('audit_dtl(list)3exact', 'List Audit Details for an Object (exact match)', 'Audit Trail', 'PROC', 'audit_dtl_list3.php', 'N', 'LIST3', 'AUDIT', NULL, NULL, NULL, 'pattern=exact', NULL, 'N', 'N', NULL, 'N', NULL, NULL, NULL, '2004-07-21 16:54:14', 'AJM', '2006-06-20 14:53:08', 'AJM');

REPLACE INTO `mnu_nav_button` (`task_id_snr`, `task_id_jnr`, `sort_seq`, `button_text`, `context_preselect`, `created_date`, `created_user`, `revised_date`, `revised_user`) VALUES ('dict_database(list)2', 'audit_dtl(list)3exact', '007', 'Audit Trail (exact)', 'Y', '2005-03-12 19:08:37', 'AJM', '2005-03-12 22:54:26', 'AJM');
REPLACE INTO `mnu_nav_button` (`task_id_snr`, `task_id_jnr`, `sort_seq`, `button_text`, `context_preselect`, `created_date`, `created_user`, `revised_date`, `revised_user`) VALUES ('dict_database(list)', 'audit_dtl(list)3exact', '011', 'Audit Trail (exact)', 'Y', '2005-03-12 19:07:33', 'AJM', '2005-12-10 12:33:03', 'AJM');
REPLACE INTO `mnu_nav_button` (`task_id_snr`, `task_id_jnr`, `sort_seq`, `button_text`, `context_preselect`, `created_date`, `created_user`, `revised_date`, `revised_user`) VALUES ('dict_table(list)2', 'audit_dtl(list)3exact', '012', 'Audit Trail (exact)', 'Y', '2005-03-12 23:45:26', 'AJM', '2006-10-01 11:27:45', 'AJM');
REPLACE INTO `mnu_nav_button` (`task_id_snr`, `task_id_jnr`, `sort_seq`, `button_text`, `context_preselect`, `created_date`, `created_user`, `revised_date`, `revised_user`) VALUES ('wf_workflow(list)', 'audit_dtl(list)3exact', '014', 'Audit Trail (2)', 'Y', '2004-07-21 16:56:01', 'AJM', '2004-07-21 16:56:42', 'AJM');
REPLACE INTO `mnu_nav_button` (`task_id_snr`, `task_id_jnr`, `sort_seq`, `button_text`, `context_preselect`, `created_date`, `created_user`, `revised_date`, `revised_user`) VALUES ('dict_database(list1)', 'audit_dtl(list)3exact', '011', 'Audit Trail (exact)', 'Y', '2005-03-12 19:07:33', 'AJM', '2009-06-26 16:12:49', 'AJM');
REPLACE INTO `mnu_nav_button` (`task_id_snr`, `task_id_jnr`, `sort_seq`, `button_text`, `context_preselect`, `created_date`, `created_user`, `revised_date`, `revised_user`) VALUES ('dict_database(list2)', 'audit_dtl(list)3exact', '007', 'Audit Trail (exact)', 'Y', '2005-03-12 19:08:37', 'AJM', '2009-06-26 16:13:25', 'AJM');
REPLACE INTO `mnu_nav_button` (`task_id_snr`, `task_id_jnr`, `sort_seq`, `button_text`, `context_preselect`, `created_date`, `created_user`, `revised_date`, `revised_user`) VALUES ('dict_table(list2)', 'audit_dtl(list)3exact', '012', 'Audit Trail (exact)', 'Y', '2005-03-12 23:45:26', 'AJM', '2009-06-26 18:23:59', 'AJM');

REPLACE INTO `mnu_role_task` (`role_id`, `task_id`, `created_date`, `created_user`, `revised_date`, `revised_user`) VALUES ('DEMO', 'audit_dtl(list)3exact', '2009-07-22 00:57:59', 'AJM', NULL, NULL);

REPLACE INTO `mnu_task` (`task_id`, `task_desc`, `button_text`, `task_type`, `script_id`, `is_disabled`, `pattern_id`, `subsys_id`, `initial_passthru`, `selection_fixed`, `selection_temp`, `settings`, `order_by`, `keep_data`, `log_sql_query`, `screen_refresh`, `use_https`, `max_execution_time`, `task_id_run_at_end`, `task_id_run_at_cancel`, `created_date`, `created_user`, `revised_date`, `revised_user`) VALUES ('audit_dtl(search)', 'Search Audit Detail', 'Search', 'PROC', 'audit_dtl_search.php', 'N', 'SRCH', 'AUDIT', NULL, NULL, NULL, NULL, NULL, 'N', 'N', NULL, 'N', NULL, NULL, NULL, '2003-01-01 12:00:00', 'AJM', '2006-01-17 20:28:38', 'AJM');

REPLACE INTO `mnu_nav_button` (`task_id_snr`, `task_id_jnr`, `sort_seq`, `button_text`, `context_preselect`, `created_date`, `created_user`, `revised_date`, `revised_user`) VALUES ('audit_dtl(list)2', 'audit_dtl(search)', '003', 'Search', 'N', '2003-01-01 12:00:00', 'AJM', '2007-06-23 13:41:47', 'AJM');

REPLACE INTO `mnu_role_task` (`role_id`, `task_id`, `created_date`, `created_user`, `revised_date`, `revised_user`) VALUES ('DEMO', 'audit_dtl(search)', '2009-07-22 00:58:00', 'AJM', NULL, NULL);

REPLACE INTO `mnu_task` (`task_id`, `task_desc`, `button_text`, `task_type`, `script_id`, `is_disabled`, `pattern_id`, `subsys_id`, `initial_passthru`, `selection_fixed`, `selection_temp`, `settings`, `order_by`, `keep_data`, `log_sql_query`, `screen_refresh`, `use_https`, `max_execution_time`, `task_id_run_at_end`, `task_id_run_at_cancel`, `created_date`, `created_user`, `revised_date`, `revised_user`) VALUES ('audit_logon_errors(del)', 'Delete Audit Logon Errors', 'Delete', 'PROC', 'audit_logon_errors_del.php', 'N', 'DEL1', 'AUDIT', NULL, NULL, NULL, NULL, NULL, 'N', 'N', NULL, 'N', NULL, NULL, NULL, '2010-07-31 20:11:14', 'AJM', NULL, NULL);

REPLACE INTO `mnu_nav_button` (`task_id_snr`, `task_id_jnr`, `sort_seq`, `button_text`, `context_preselect`, `created_date`, `created_user`, `revised_date`, `revised_user`) VALUES ('audit_logon_errors(list)', 'audit_logon_errors(del)', '002', 'Delete', 'Y', '2010-07-31 20:11:39', 'AJM', '2010-07-31 20:19:05', 'AJM');

REPLACE INTO `mnu_task` (`task_id`, `task_desc`, `button_text`, `task_type`, `script_id`, `is_disabled`, `pattern_id`, `subsys_id`, `initial_passthru`, `selection_fixed`, `selection_temp`, `settings`, `order_by`, `keep_data`, `log_sql_query`, `screen_refresh`, `use_https`, `max_execution_time`, `task_id_run_at_end`, `task_id_run_at_cancel`, `created_date`, `created_user`, `revised_date`, `revised_user`) VALUES ('audit_logon_errors(list)', 'List Logon Errors', 'Logon Errors', 'PROC', 'audit_logon_errors_list.php', 'N', 'LIST1', 'AUDIT', NULL, NULL, NULL, NULL, NULL, 'N', 'N', NULL, 'N', NULL, NULL, NULL, '2006-03-08 14:52:07', 'AJM', NULL, NULL);

REPLACE INTO `mnu_nav_button` (`task_id_snr`, `task_id_jnr`, `sort_seq`, `button_text`, `context_preselect`, `created_date`, `created_user`, `revised_date`, `revised_user`) VALUES ('audit_logon_errors(list)', 'audit_logon_errors(del)', '002', 'Delete', 'Y', '2010-07-31 20:11:39', 'AJM', '2010-07-31 20:19:05', 'AJM');
REPLACE INTO `mnu_nav_button` (`task_id_snr`, `task_id_jnr`, `sort_seq`, `button_text`, `context_preselect`, `created_date`, `created_user`, `revised_date`, `revised_user`) VALUES ('audit_logon_errors(list)', 'audit_logon_errors(search)', '001', 'Search', 'N', '2006-03-08 15:27:28', 'AJM', '2010-07-31 20:19:05', 'AJM');

REPLACE INTO `mnu_nav_button` (`task_id_snr`, `task_id_jnr`, `sort_seq`, `button_text`, `context_preselect`, `created_date`, `created_user`, `revised_date`, `revised_user`) VALUES ('menu', 'audit_logon_errors(list)', '003', 'Logon Errors', 'N', '2006-03-08 14:52:45', 'AJM', NULL, NULL);

REPLACE INTO `mnu_role_task` (`role_id`, `task_id`, `created_date`, `created_user`, `revised_date`, `revised_user`) VALUES ('DEMO', 'audit_logon_errors(list)', '2009-07-22 00:58:00', 'AJM', NULL, NULL);

REPLACE INTO `mnu_task` (`task_id`, `task_desc`, `button_text`, `task_type`, `script_id`, `is_disabled`, `pattern_id`, `subsys_id`, `initial_passthru`, `selection_fixed`, `selection_temp`, `settings`, `order_by`, `keep_data`, `log_sql_query`, `screen_refresh`, `use_https`, `max_execution_time`, `task_id_run_at_end`, `task_id_run_at_cancel`, `created_date`, `created_user`, `revised_date`, `revised_user`) VALUES ('audit_logon_errors(search)', 'Search Logon Errors', 'Search', 'PROC', 'audit_logon_errors_search.php', 'N', 'SRCH', 'AUDIT', NULL, NULL, NULL, NULL, NULL, 'N', 'N', NULL, 'N', NULL, NULL, NULL, '2006-03-08 15:27:14', 'AJM', NULL, NULL);

REPLACE INTO `mnu_nav_button` (`task_id_snr`, `task_id_jnr`, `sort_seq`, `button_text`, `context_preselect`, `created_date`, `created_user`, `revised_date`, `revised_user`) VALUES ('audit_logon_errors(list)', 'audit_logon_errors(search)', '001', 'Search', 'N', '2006-03-08 15:27:28', 'AJM', '2010-07-31 20:19:05', 'AJM');

REPLACE INTO `mnu_role_task` (`role_id`, `task_id`, `created_date`, `created_user`, `revised_date`, `revised_user`) VALUES ('DEMO', 'audit_logon_errors(search)', '2009-07-22 00:58:00', 'AJM', NULL, NULL);

REPLACE INTO `mnu_task` (`task_id`, `task_desc`, `button_text`, `task_type`, `script_id`, `is_disabled`, `pattern_id`, `subsys_id`, `initial_passthru`, `selection_fixed`, `selection_temp`, `settings`, `order_by`, `keep_data`, `log_sql_query`, `screen_refresh`, `use_https`, `max_execution_time`, `task_id_run_at_end`, `task_id_run_at_cancel`, `created_date`, `created_user`, `revised_date`, `revised_user`) VALUES ('audit_ssn(batch)delete', 'Delete Audit data', 'Delete', 'PROC', 'audit_ssn(batch)delete.php', 'N', 'BATCH', 'AUDIT', NULL, NULL, NULL, NULL, NULL, NULL, 'N', NULL, NULL, NULL, NULL, NULL, '2012-01-24 16:12:38', 'AJM', '2012-01-24 16:27:06', 'AJM');

REPLACE INTO `mnu_nav_button` (`task_id_snr`, `task_id_jnr`, `sort_seq`, `button_text`, `context_preselect`, `created_date`, `created_user`, `revised_date`, `revised_user`) VALUES ('mnu_control(upd3)', 'audit_ssn(batch)delete', '001', 'Delete Audit data', 'N', '2012-01-24 16:29:15', 'AJM', '2012-01-24 16:30:07', 'AJM');

REPLACE INTO `mnu_task` (`task_id`, `task_desc`, `button_text`, `task_type`, `script_id`, `is_disabled`, `pattern_id`, `subsys_id`, `initial_passthru`, `selection_fixed`, `selection_temp`, `settings`, `order_by`, `keep_data`, `log_sql_query`, `screen_refresh`, `use_https`, `max_execution_time`, `task_id_run_at_end`, `task_id_run_at_cancel`, `created_date`, `created_user`, `revised_date`, `revised_user`) VALUES ('audit_tbl(upd4)', 'Generate SQL', 'Generate SQL', 'PROC', 'audit_tbl(upd4).php', 'N', 'UPD4', 'AUDIT', NULL, NULL, NULL, NULL, NULL, 'N', 'N', NULL, 'N', NULL, NULL, NULL, '2007-06-23 13:39:36', 'AJM', NULL, NULL);

REPLACE INTO `mnu_nav_button` (`task_id_snr`, `task_id_jnr`, `sort_seq`, `button_text`, `context_preselect`, `created_date`, `created_user`, `revised_date`, `revised_user`) VALUES ('audit_dtl(list)2', 'audit_tbl(upd4)', '003', 'Generate SQL', 'N', '2007-06-23 13:41:06', 'AJM', NULL, NULL);

REPLACE INTO `mnu_menu` (`menu_id`, `task_id_jnr`, `sort_seq`, `button_text`, `created_date`, `created_user`, `revised_date`, `revised_user`) VALUES ('main_menu', 'audit_dtl(list)2', '004', 'Audit', '2003-01-01 12:00:00', 'AJM', '2005-06-12 12:17:52', 'AJM');

REPLACE INTO `help_text` (`task_id`, `help_text`, `created_date`, `created_user`, `revised_date`, `revised_user`) VALUES ('audit_dtl(list)2', 'This will list entries from the Audit Log.

Refer to <a href=\"%root%/audit_dtl(list)2.html\">List Audit Details</a> for full details.', '2005-06-29 12:41:45', 'AJM', '2005-07-02 15:33:45', 'AJM');
REPLACE INTO `help_text` (`task_id`, `help_text`, `created_date`, `created_user`, `revised_date`, `revised_user`) VALUES ('audit_dtl(list)3', 'This will allow the contents of the Audit Log to be viewed for selected objects.

This version will select those Audit Log entries where the the primary key of the selected object is contained with the PKEY value of the audited occurrence. This will include entries from subordinate (child) tables which contain the same field names within their primary keys.

Refer to <a href=\"%root%/audit_dtl(list)3.html\">List Audit Details for a selected Object</a> for full details.', '2005-06-29 13:03:54', 'AJM', '2005-07-02 15:33:52', 'AJM');
REPLACE INTO `help_text` (`task_id`, `help_text`, `created_date`, `created_user`, `revised_date`, `revised_user`) VALUES ('audit_dtl(list)3exact', 'This will allow the contents of the Audit Log to be viewed for selected objects.

This version will select only those Audit Log entries where the the primary key of the selected object is as exact match with the PKEY value of the audited occurrence. 

Refer to <a href=\"%root%/audit_dtl(list)3.html\">List Audit Details for a selected Object</a> for full details.', '2005-06-29 16:17:59', 'AJM', '2005-07-02 15:34:01', 'AJM');
REPLACE INTO `help_text` (`task_id`, `help_text`, `created_date`, `created_user`, `revised_date`, `revised_user`) VALUES ('audit_dtl(search)', 'This will allow selection criteria to be entered before passing control back to the List Audit Detail screen.

Refer to <a href=\"%root%/audit_dtl(search).html\">Search Audit Details</a> for full details.', '2005-06-29 12:37:59', 'AJM', '2005-07-02 15:34:07', 'AJM');
REPLACE INTO `help_text` (`task_id`, `help_text`, `created_date`, `created_user`, `revised_date`, `revised_user`) VALUES ('audit_logon_errors(list)', 'This will show the details of any logon attemps which failed.

Refer to <a href=\"%root%/audit_logon_errors(list).html\">List Logon Errors</a> for full details.', '2006-04-07 11:26:07', 'AJM', NULL, NULL);

-- finished
