-- file created on May 5, 2017, 9:26 am
    
REPLACE INTO `mnu_subsystem` (`subsys_id`, `subsys_name`, `subsys_desc`, `subsys_dir`, `task_prefix`, `created_date`, `created_user`, `revised_date`, `revised_user`) VALUES ('PRODUCT', 'Product & Inventory', NULL, 'product', 'pro_', '2003-01-01 12:00:00', 'AJM', '2014-04-20 12:15:25', 'AJM');

REPLACE INTO `mnu_role` (`role_id`, `role_name`, `role_desc`, `start_task_id`, `global_access`, `is_external_auth_off`, `created_date`, `created_user`, `revised_date`, `revised_user`) VALUES ('DEMO', 'Demonstration Class', NULL, 'main_menu', 'N', 'N', '2003-01-01 12:00:00', 'AJM', '2009-07-22 00:55:33', 'AJM');
REPLACE INTO `mnu_role` (`role_id`, `role_name`, `role_desc`, `start_task_id`, `global_access`, `is_external_auth_off`, `created_date`, `created_user`, `revised_date`, `revised_user`) VALUES ('PROTO', 'Prototype Aplplications', NULL, 'proto', 'N', 'N', '2016-10-06 13:46:36', 'AJM', '2016-10-06 13:47:53', 'AJM');

REPLACE INTO `mnu_task` (`task_id`, `task_name`, `task_desc`, `button_text`, `task_type`, `script_id`, `is_disabled`, `pattern_id`, `subsys_id`, `initial_passthru`, `selection_fixed`, `selection_temp`, `settings`, `order_by`, `keep_data`, `log_sql_query`, `screen_refresh`, `use_https`, `max_execution_time`, `task_id_run_at_end`, `task_id_run_at_cancel`, `created_date`, `created_user`, `revised_date`, `revised_user`) VALUES ('pr_feature', 'Features', NULL, 'Features', 'MENU', 'menu.php', 'N', 'MENU', 'PRODUCT', NULL, NULL, NULL, NULL, NULL, 'N', 'N', NULL, 'N', NULL, NULL, NULL, '2006-06-28 19:53:51', 'AJM', NULL, NULL);

REPLACE INTO `mnu_role_task` (`role_id`, `task_id`, `created_date`, `created_user`, `revised_date`, `revised_user`) VALUES ('DEMO', 'pr_feature', '2015-11-03 10:02:05', 'AJM', NULL, NULL);

REPLACE INTO `mnu_task` (`task_id`, `task_name`, `task_desc`, `button_text`, `task_type`, `script_id`, `is_disabled`, `pattern_id`, `subsys_id`, `initial_passthru`, `selection_fixed`, `selection_temp`, `settings`, `order_by`, `keep_data`, `log_sql_query`, `screen_refresh`, `use_https`, `max_execution_time`, `task_id_run_at_end`, `task_id_run_at_cancel`, `created_date`, `created_user`, `revised_date`, `revised_user`) VALUES ('pr_inventory', 'Product Inventory Menu', NULL, 'Inventory', 'MENU', 'menu.php', 'N', 'MENU', 'PRODUCT', NULL, NULL, NULL, NULL, NULL, 'N', 'N', NULL, 'N', NULL, NULL, NULL, '2006-06-30 16:12:06', 'AJM', '2006-07-02 13:44:22', 'AJM');

REPLACE INTO `mnu_role_task` (`role_id`, `task_id`, `created_date`, `created_user`, `revised_date`, `revised_user`) VALUES ('DEMO', 'pr_inventory', '2015-11-03 10:02:05', 'AJM', NULL, NULL);

REPLACE INTO `mnu_task` (`task_id`, `task_name`, `task_desc`, `button_text`, `task_type`, `script_id`, `is_disabled`, `pattern_id`, `subsys_id`, `initial_passthru`, `selection_fixed`, `selection_temp`, `settings`, `order_by`, `keep_data`, `log_sql_query`, `screen_refresh`, `use_https`, `max_execution_time`, `task_id_run_at_end`, `task_id_run_at_cancel`, `created_date`, `created_user`, `revised_date`, `revised_user`) VALUES ('pr_uom', 'Unit of Measure', NULL, 'UOM', 'MENU', 'menu.php', 'N', 'MENU', 'PRODUCT', NULL, NULL, NULL, NULL, NULL, 'N', 'N', NULL, 'N', NULL, NULL, NULL, '2006-06-28 19:28:53', 'AJM', NULL, NULL);

REPLACE INTO `mnu_role_task` (`role_id`, `task_id`, `created_date`, `created_user`, `revised_date`, `revised_user`) VALUES ('DEMO', 'pr_uom', '2015-11-03 10:02:05', 'AJM', NULL, NULL);

REPLACE INTO `mnu_task` (`task_id`, `task_name`, `task_desc`, `button_text`, `task_type`, `script_id`, `is_disabled`, `pattern_id`, `subsys_id`, `initial_passthru`, `selection_fixed`, `selection_temp`, `settings`, `order_by`, `keep_data`, `log_sql_query`, `screen_refresh`, `use_https`, `max_execution_time`, `task_id_run_at_end`, `task_id_run_at_cancel`, `created_date`, `created_user`, `revised_date`, `revised_user`) VALUES ('pro_container_type(add)', 'Add Container Type', NULL, 'New', 'PROC', 'container_type.add.php', 'N', 'ADD1', 'PRODUCT', NULL, NULL, NULL, NULL, NULL, 'N', 'N', NULL, 'N', NULL, NULL, NULL, '2006-06-30 17:39:51', 'AJM', NULL, NULL);

REPLACE INTO `mnu_role_task` (`role_id`, `task_id`, `created_date`, `created_user`, `revised_date`, `revised_user`) VALUES ('DEMO', 'pro_container_type(add)', '2015-11-03 10:06:37', 'AJM', NULL, NULL);
REPLACE INTO `mnu_role_task` (`role_id`, `task_id`, `created_date`, `created_user`, `revised_date`, `revised_user`) VALUES ('PRODUCT', 'pro_container_type(add)', '2014-04-19 06:13:37', 'AJM', NULL, NULL);
REPLACE INTO `mnu_role_task` (`role_id`, `task_id`, `created_date`, `created_user`, `revised_date`, `revised_user`) VALUES ('PROTO', 'pro_container_type(add)', '2014-04-20 11:44:45', 'AJM', NULL, NULL);

REPLACE INTO `mnu_task` (`task_id`, `task_name`, `task_desc`, `button_text`, `task_type`, `script_id`, `is_disabled`, `pattern_id`, `subsys_id`, `initial_passthru`, `selection_fixed`, `selection_temp`, `settings`, `order_by`, `keep_data`, `log_sql_query`, `screen_refresh`, `use_https`, `max_execution_time`, `task_id_run_at_end`, `task_id_run_at_cancel`, `created_date`, `created_user`, `revised_date`, `revised_user`) VALUES ('pro_container_type(del)', 'Delete Container Type', NULL, 'Delete', 'PROC', 'container_type.del.php', 'N', 'DEL1', 'PRODUCT', NULL, NULL, NULL, NULL, NULL, 'N', 'N', NULL, 'N', NULL, NULL, NULL, '2006-06-30 17:40:21', 'AJM', NULL, NULL);

REPLACE INTO `mnu_role_task` (`role_id`, `task_id`, `created_date`, `created_user`, `revised_date`, `revised_user`) VALUES ('DEMO', 'pro_container_type(del)', '2015-11-03 10:06:37', 'AJM', NULL, NULL);
REPLACE INTO `mnu_role_task` (`role_id`, `task_id`, `created_date`, `created_user`, `revised_date`, `revised_user`) VALUES ('PRODUCT', 'pro_container_type(del)', '2014-04-19 06:13:37', 'AJM', NULL, NULL);
REPLACE INTO `mnu_role_task` (`role_id`, `task_id`, `created_date`, `created_user`, `revised_date`, `revised_user`) VALUES ('PROTO', 'pro_container_type(del)', '2014-04-20 11:44:46', 'AJM', NULL, NULL);

REPLACE INTO `mnu_task` (`task_id`, `task_name`, `task_desc`, `button_text`, `task_type`, `script_id`, `is_disabled`, `pattern_id`, `subsys_id`, `initial_passthru`, `selection_fixed`, `selection_temp`, `settings`, `order_by`, `keep_data`, `log_sql_query`, `screen_refresh`, `use_https`, `max_execution_time`, `task_id_run_at_end`, `task_id_run_at_cancel`, `created_date`, `created_user`, `revised_date`, `revised_user`) VALUES ('pro_container_type(enq)', 'Enquire Container Type', NULL, 'Read', 'PROC', 'container_type.enq.php', 'N', 'ENQ1', 'PRODUCT', NULL, NULL, NULL, NULL, NULL, 'N', 'N', NULL, 'N', NULL, NULL, NULL, '2006-06-30 17:40:52', 'AJM', NULL, NULL);

REPLACE INTO `mnu_role_task` (`role_id`, `task_id`, `created_date`, `created_user`, `revised_date`, `revised_user`) VALUES ('DEMO', 'pro_container_type(enq)', '2015-11-03 10:06:38', 'AJM', NULL, NULL);
REPLACE INTO `mnu_role_task` (`role_id`, `task_id`, `created_date`, `created_user`, `revised_date`, `revised_user`) VALUES ('PRODUCT', 'pro_container_type(enq)', '2014-04-19 06:15:25', 'AJM', NULL, NULL);
REPLACE INTO `mnu_role_task` (`role_id`, `task_id`, `created_date`, `created_user`, `revised_date`, `revised_user`) VALUES ('PROTO', 'pro_container_type(enq)', '2014-04-20 11:44:46', 'AJM', NULL, NULL);

REPLACE INTO `mnu_task` (`task_id`, `task_name`, `task_desc`, `button_text`, `task_type`, `script_id`, `is_disabled`, `pattern_id`, `subsys_id`, `initial_passthru`, `selection_fixed`, `selection_temp`, `settings`, `order_by`, `keep_data`, `log_sql_query`, `screen_refresh`, `use_https`, `max_execution_time`, `task_id_run_at_end`, `task_id_run_at_cancel`, `created_date`, `created_user`, `revised_date`, `revised_user`) VALUES ('pro_container_type(list)', 'List Container Type', NULL, 'Container Type', 'PROC', 'container_type.list.php', 'N', 'LIST1', 'PRODUCT', NULL, NULL, NULL, NULL, 'container_type_desc', 'N', 'N', NULL, 'N', NULL, NULL, NULL, '2006-06-30 17:39:08', 'AJM', '2006-06-30 17:42:23', 'AJM');

REPLACE INTO `mnu_nav_button` (`task_id_snr`, `task_id_jnr`, `sort_seq`, `button_text`, `context_preselect`, `created_date`, `created_user`, `revised_date`, `revised_user`) VALUES ('pro_container_type(list)', 'audit_dtl(list)3', '006', 'Audit Trail', 'Y', '2006-06-30 17:43:12', 'AJM', NULL, NULL);
REPLACE INTO `mnu_nav_button` (`task_id_snr`, `task_id_jnr`, `sort_seq`, `button_text`, `context_preselect`, `created_date`, `created_user`, `revised_date`, `revised_user`) VALUES ('pro_container_type(list)', 'pro_container_type(add)', '001', 'New', 'N', '2006-06-30 17:42:43', 'AJM', NULL, NULL);
REPLACE INTO `mnu_nav_button` (`task_id_snr`, `task_id_jnr`, `sort_seq`, `button_text`, `context_preselect`, `created_date`, `created_user`, `revised_date`, `revised_user`) VALUES ('pro_container_type(list)', 'pro_container_type(del)', '004', 'Delete', 'Y', '2006-06-30 17:42:43', 'AJM', '2006-07-02 23:50:16', 'AJM');
REPLACE INTO `mnu_nav_button` (`task_id_snr`, `task_id_jnr`, `sort_seq`, `button_text`, `context_preselect`, `created_date`, `created_user`, `revised_date`, `revised_user`) VALUES ('pro_container_type(list)', 'pro_container_type(enq)', '002', 'Read', 'Y', '2006-06-30 17:42:43', 'AJM', '2006-06-30 17:43:04', 'AJM');
REPLACE INTO `mnu_nav_button` (`task_id_snr`, `task_id_jnr`, `sort_seq`, `button_text`, `context_preselect`, `created_date`, `created_user`, `revised_date`, `revised_user`) VALUES ('pro_container_type(list)', 'pro_container_type(search)', '005', 'Search', 'N', '2006-06-30 17:42:43', 'AJM', '2006-06-30 17:43:04', 'AJM');
REPLACE INTO `mnu_nav_button` (`task_id_snr`, `task_id_jnr`, `sort_seq`, `button_text`, `context_preselect`, `created_date`, `created_user`, `revised_date`, `revised_user`) VALUES ('pro_container_type(list)', 'pro_container_type(upd)', '003', 'Update', 'Y', '2006-06-30 17:42:43', 'AJM', '2006-07-02 23:50:16', 'AJM');

REPLACE INTO `mnu_role_task` (`role_id`, `task_id`, `created_date`, `created_user`, `revised_date`, `revised_user`) VALUES ('DEMO', 'pro_container_type(list)', '2015-11-03 10:06:38', 'AJM', NULL, NULL);
REPLACE INTO `mnu_role_task` (`role_id`, `task_id`, `created_date`, `created_user`, `revised_date`, `revised_user`) VALUES ('PRODUCT', 'pro_container_type(list)', '2014-04-19 06:15:25', 'AJM', NULL, NULL);
REPLACE INTO `mnu_role_task` (`role_id`, `task_id`, `created_date`, `created_user`, `revised_date`, `revised_user`) VALUES ('PROTO', 'pro_container_type(list)', '2014-04-20 11:44:46', 'AJM', NULL, NULL);

REPLACE INTO `mnu_task` (`task_id`, `task_name`, `task_desc`, `button_text`, `task_type`, `script_id`, `is_disabled`, `pattern_id`, `subsys_id`, `initial_passthru`, `selection_fixed`, `selection_temp`, `settings`, `order_by`, `keep_data`, `log_sql_query`, `screen_refresh`, `use_https`, `max_execution_time`, `task_id_run_at_end`, `task_id_run_at_cancel`, `created_date`, `created_user`, `revised_date`, `revised_user`) VALUES ('pro_container_type(search)', 'Search Container Type', NULL, 'Search', 'PROC', 'container_type.search.php', 'N', 'SRCH', 'PRODUCT', NULL, NULL, NULL, NULL, NULL, 'N', 'N', NULL, 'N', NULL, NULL, NULL, '2006-06-30 17:41:25', 'AJM', NULL, NULL);

REPLACE INTO `mnu_role_task` (`role_id`, `task_id`, `created_date`, `created_user`, `revised_date`, `revised_user`) VALUES ('DEMO', 'pro_container_type(search)', '2015-11-03 10:06:38', 'AJM', NULL, NULL);
REPLACE INTO `mnu_role_task` (`role_id`, `task_id`, `created_date`, `created_user`, `revised_date`, `revised_user`) VALUES ('PRODUCT', 'pro_container_type(search)', '2014-04-19 06:15:26', 'AJM', NULL, NULL);
REPLACE INTO `mnu_role_task` (`role_id`, `task_id`, `created_date`, `created_user`, `revised_date`, `revised_user`) VALUES ('PROTO', 'pro_container_type(search)', '2014-04-20 11:44:47', 'AJM', NULL, NULL);

REPLACE INTO `mnu_task` (`task_id`, `task_name`, `task_desc`, `button_text`, `task_type`, `script_id`, `is_disabled`, `pattern_id`, `subsys_id`, `initial_passthru`, `selection_fixed`, `selection_temp`, `settings`, `order_by`, `keep_data`, `log_sql_query`, `screen_refresh`, `use_https`, `max_execution_time`, `task_id_run_at_end`, `task_id_run_at_cancel`, `created_date`, `created_user`, `revised_date`, `revised_user`) VALUES ('pro_container_type(upd)', 'Update Container Type', NULL, 'Update', 'PROC', 'container_type.upd.php', 'N', 'UPD1', 'PRODUCT', NULL, NULL, NULL, NULL, NULL, 'N', 'N', NULL, 'N', NULL, NULL, NULL, '2006-06-30 17:41:53', 'AJM', NULL, NULL);

REPLACE INTO `mnu_role_task` (`role_id`, `task_id`, `created_date`, `created_user`, `revised_date`, `revised_user`) VALUES ('DEMO', 'pro_container_type(upd)', '2015-11-03 10:06:38', 'AJM', NULL, NULL);
REPLACE INTO `mnu_role_task` (`role_id`, `task_id`, `created_date`, `created_user`, `revised_date`, `revised_user`) VALUES ('PRODUCT', 'pro_container_type(upd)', '2014-04-19 06:15:26', 'AJM', NULL, NULL);
REPLACE INTO `mnu_role_task` (`role_id`, `task_id`, `created_date`, `created_user`, `revised_date`, `revised_user`) VALUES ('PROTO', 'pro_container_type(upd)', '2014-04-20 11:44:47', 'AJM', NULL, NULL);

REPLACE INTO `mnu_task` (`task_id`, `task_name`, `task_desc`, `button_text`, `task_type`, `script_id`, `is_disabled`, `pattern_id`, `subsys_id`, `initial_passthru`, `selection_fixed`, `selection_temp`, `settings`, `order_by`, `keep_data`, `log_sql_query`, `screen_refresh`, `use_https`, `max_execution_time`, `task_id_run_at_end`, `task_id_run_at_cancel`, `created_date`, `created_user`, `revised_date`, `revised_user`) VALUES ('pro_container(add)', 'Add Container', NULL, 'New', 'PROC', 'container.add.php', 'N', 'ADD1', 'PRODUCT', NULL, NULL, NULL, NULL, NULL, 'N', 'N', NULL, 'N', NULL, NULL, NULL, '2006-06-30 18:17:50', 'AJM', NULL, NULL);

REPLACE INTO `mnu_role_task` (`role_id`, `task_id`, `created_date`, `created_user`, `revised_date`, `revised_user`) VALUES ('DEMO', 'pro_container(add)', '2015-11-03 10:06:38', 'AJM', NULL, NULL);
REPLACE INTO `mnu_role_task` (`role_id`, `task_id`, `created_date`, `created_user`, `revised_date`, `revised_user`) VALUES ('PRODUCT', 'pro_container(add)', '2014-04-19 06:13:34', 'AJM', NULL, NULL);
REPLACE INTO `mnu_role_task` (`role_id`, `task_id`, `created_date`, `created_user`, `revised_date`, `revised_user`) VALUES ('PROTO', 'pro_container(add)', '2014-04-20 11:44:47', 'AJM', NULL, NULL);

REPLACE INTO `mnu_task` (`task_id`, `task_name`, `task_desc`, `button_text`, `task_type`, `script_id`, `is_disabled`, `pattern_id`, `subsys_id`, `initial_passthru`, `selection_fixed`, `selection_temp`, `settings`, `order_by`, `keep_data`, `log_sql_query`, `screen_refresh`, `use_https`, `max_execution_time`, `task_id_run_at_end`, `task_id_run_at_cancel`, `created_date`, `created_user`, `revised_date`, `revised_user`) VALUES ('pro_container(del)', 'Delete Container', NULL, 'Delete', 'PROC', 'container.del.php', 'N', 'DEL1', 'PRODUCT', NULL, NULL, NULL, NULL, NULL, 'N', 'N', NULL, 'N', NULL, NULL, NULL, '2006-06-30 18:18:18', 'AJM', NULL, NULL);

REPLACE INTO `mnu_role_task` (`role_id`, `task_id`, `created_date`, `created_user`, `revised_date`, `revised_user`) VALUES ('DEMO', 'pro_container(del)', '2015-11-03 10:06:38', 'AJM', NULL, NULL);
REPLACE INTO `mnu_role_task` (`role_id`, `task_id`, `created_date`, `created_user`, `revised_date`, `revised_user`) VALUES ('PRODUCT', 'pro_container(del)', '2014-04-19 06:13:35', 'AJM', NULL, NULL);
REPLACE INTO `mnu_role_task` (`role_id`, `task_id`, `created_date`, `created_user`, `revised_date`, `revised_user`) VALUES ('PROTO', 'pro_container(del)', '2014-04-20 11:44:54', 'AJM', NULL, NULL);

REPLACE INTO `mnu_task` (`task_id`, `task_name`, `task_desc`, `button_text`, `task_type`, `script_id`, `is_disabled`, `pattern_id`, `subsys_id`, `initial_passthru`, `selection_fixed`, `selection_temp`, `settings`, `order_by`, `keep_data`, `log_sql_query`, `screen_refresh`, `use_https`, `max_execution_time`, `task_id_run_at_end`, `task_id_run_at_cancel`, `created_date`, `created_user`, `revised_date`, `revised_user`) VALUES ('pro_container(enq)', 'Enquire Container', NULL, 'Read', 'PROC', 'container.enq.php', 'N', 'ENQ1', 'PRODUCT', NULL, NULL, NULL, NULL, NULL, 'N', 'N', NULL, 'N', NULL, NULL, NULL, '2006-06-30 18:18:43', 'AJM', NULL, NULL);

REPLACE INTO `mnu_role_task` (`role_id`, `task_id`, `created_date`, `created_user`, `revised_date`, `revised_user`) VALUES ('DEMO', 'pro_container(enq)', '2015-11-03 10:06:38', 'AJM', NULL, NULL);
REPLACE INTO `mnu_role_task` (`role_id`, `task_id`, `created_date`, `created_user`, `revised_date`, `revised_user`) VALUES ('PRODUCT', 'pro_container(enq)', '2014-04-19 06:13:35', 'AJM', NULL, NULL);
REPLACE INTO `mnu_role_task` (`role_id`, `task_id`, `created_date`, `created_user`, `revised_date`, `revised_user`) VALUES ('PROTO', 'pro_container(enq)', '2014-04-20 11:44:54', 'AJM', NULL, NULL);

REPLACE INTO `mnu_task` (`task_id`, `task_name`, `task_desc`, `button_text`, `task_type`, `script_id`, `is_disabled`, `pattern_id`, `subsys_id`, `initial_passthru`, `selection_fixed`, `selection_temp`, `settings`, `order_by`, `keep_data`, `log_sql_query`, `screen_refresh`, `use_https`, `max_execution_time`, `task_id_run_at_end`, `task_id_run_at_cancel`, `created_date`, `created_user`, `revised_date`, `revised_user`) VALUES ('pro_container(list)', 'List Container', NULL, 'Container', 'PROC', 'container.list.php', 'N', 'LIST1', 'PRODUCT', NULL, NULL, NULL, NULL, 'container_desc', 'Y', 'N', NULL, 'N', NULL, NULL, NULL, '2006-06-30 18:17:15', 'AJM', '2006-07-03 09:53:42', 'AJM');

REPLACE INTO `mnu_nav_button` (`task_id_snr`, `task_id_jnr`, `sort_seq`, `button_text`, `context_preselect`, `created_date`, `created_user`, `revised_date`, `revised_user`) VALUES ('pro_container(list)', 'audit_dtl(list)3', '006', 'Audit Trail', 'Y', '2006-06-30 18:20:22', 'AJM', NULL, NULL);
REPLACE INTO `mnu_nav_button` (`task_id_snr`, `task_id_jnr`, `sort_seq`, `button_text`, `context_preselect`, `created_date`, `created_user`, `revised_date`, `revised_user`) VALUES ('pro_container(list)', 'pro_container(add)', '001', 'New', 'N', '2006-06-30 18:19:59', 'AJM', NULL, NULL);
REPLACE INTO `mnu_nav_button` (`task_id_snr`, `task_id_jnr`, `sort_seq`, `button_text`, `context_preselect`, `created_date`, `created_user`, `revised_date`, `revised_user`) VALUES ('pro_container(list)', 'pro_container(del)', '004', 'Delete', 'Y', '2006-06-30 18:20:00', 'AJM', '2006-07-02 23:50:41', 'AJM');
REPLACE INTO `mnu_nav_button` (`task_id_snr`, `task_id_jnr`, `sort_seq`, `button_text`, `context_preselect`, `created_date`, `created_user`, `revised_date`, `revised_user`) VALUES ('pro_container(list)', 'pro_container(enq)', '002', 'Read', 'Y', '2006-06-30 18:20:00', 'AJM', '2006-06-30 18:20:14', 'AJM');
REPLACE INTO `mnu_nav_button` (`task_id_snr`, `task_id_jnr`, `sort_seq`, `button_text`, `context_preselect`, `created_date`, `created_user`, `revised_date`, `revised_user`) VALUES ('pro_container(list)', 'pro_container(search)', '005', 'Search', 'N', '2006-06-30 18:20:00', 'AJM', '2006-06-30 18:20:14', 'AJM');
REPLACE INTO `mnu_nav_button` (`task_id_snr`, `task_id_jnr`, `sort_seq`, `button_text`, `context_preselect`, `created_date`, `created_user`, `revised_date`, `revised_user`) VALUES ('pro_container(list)', 'pro_container(upd)', '003', 'Update', 'Y', '2006-06-30 18:20:00', 'AJM', '2006-07-02 23:50:41', 'AJM');

REPLACE INTO `mnu_role_task` (`role_id`, `task_id`, `created_date`, `created_user`, `revised_date`, `revised_user`) VALUES ('DEMO', 'pro_container(list)', '2015-11-03 10:06:38', 'AJM', NULL, NULL);
REPLACE INTO `mnu_role_task` (`role_id`, `task_id`, `created_date`, `created_user`, `revised_date`, `revised_user`) VALUES ('PRODUCT', 'pro_container(list)', '2014-04-19 06:13:35', 'AJM', NULL, NULL);
REPLACE INTO `mnu_role_task` (`role_id`, `task_id`, `created_date`, `created_user`, `revised_date`, `revised_user`) VALUES ('PROTO', 'pro_container(list)', '2014-04-20 11:44:54', 'AJM', NULL, NULL);

REPLACE INTO `mnu_task` (`task_id`, `task_name`, `task_desc`, `button_text`, `task_type`, `script_id`, `is_disabled`, `pattern_id`, `subsys_id`, `initial_passthru`, `selection_fixed`, `selection_temp`, `settings`, `order_by`, `keep_data`, `log_sql_query`, `screen_refresh`, `use_https`, `max_execution_time`, `task_id_run_at_end`, `task_id_run_at_cancel`, `created_date`, `created_user`, `revised_date`, `revised_user`) VALUES ('pro_container(popup)', 'Choose Container', NULL, 'Choose', 'PROC', 'container.popup.php', 'N', 'POPUP1', 'PRODUCT', NULL, NULL, NULL, NULL, 'facility_id, container_desc', 'N', 'N', NULL, 'N', NULL, NULL, NULL, '2006-07-03 12:16:07', 'AJM', '2006-10-06 13:34:54', 'AJM');

REPLACE INTO `mnu_role_task` (`role_id`, `task_id`, `created_date`, `created_user`, `revised_date`, `revised_user`) VALUES ('DEMO', 'pro_container(popup)', '2015-11-03 10:06:43', 'AJM', NULL, NULL);
REPLACE INTO `mnu_role_task` (`role_id`, `task_id`, `created_date`, `created_user`, `revised_date`, `revised_user`) VALUES ('PRODUCT', 'pro_container(popup)', '2014-04-19 06:13:36', 'AJM', NULL, NULL);
REPLACE INTO `mnu_role_task` (`role_id`, `task_id`, `created_date`, `created_user`, `revised_date`, `revised_user`) VALUES ('PROTO', 'pro_container(popup)', '2014-04-20 11:44:55', 'AJM', NULL, NULL);

REPLACE INTO `mnu_task` (`task_id`, `task_name`, `task_desc`, `button_text`, `task_type`, `script_id`, `is_disabled`, `pattern_id`, `subsys_id`, `initial_passthru`, `selection_fixed`, `selection_temp`, `settings`, `order_by`, `keep_data`, `log_sql_query`, `screen_refresh`, `use_https`, `max_execution_time`, `task_id_run_at_end`, `task_id_run_at_cancel`, `created_date`, `created_user`, `revised_date`, `revised_user`) VALUES ('pro_container(search)', 'Search Container', NULL, 'Search', 'PROC', 'container.search.php', 'N', 'SRCH', 'PRODUCT', NULL, NULL, NULL, NULL, NULL, 'N', 'N', NULL, 'N', NULL, NULL, NULL, '2006-06-30 18:19:12', 'AJM', NULL, NULL);

REPLACE INTO `mnu_role_task` (`role_id`, `task_id`, `created_date`, `created_user`, `revised_date`, `revised_user`) VALUES ('DEMO', 'pro_container(search)', '2015-11-03 10:06:43', 'AJM', NULL, NULL);
REPLACE INTO `mnu_role_task` (`role_id`, `task_id`, `created_date`, `created_user`, `revised_date`, `revised_user`) VALUES ('PRODUCT', 'pro_container(search)', '2014-04-19 06:13:36', 'AJM', NULL, NULL);
REPLACE INTO `mnu_role_task` (`role_id`, `task_id`, `created_date`, `created_user`, `revised_date`, `revised_user`) VALUES ('PROTO', 'pro_container(search)', '2014-04-20 11:44:55', 'AJM', NULL, NULL);

REPLACE INTO `mnu_task` (`task_id`, `task_name`, `task_desc`, `button_text`, `task_type`, `script_id`, `is_disabled`, `pattern_id`, `subsys_id`, `initial_passthru`, `selection_fixed`, `selection_temp`, `settings`, `order_by`, `keep_data`, `log_sql_query`, `screen_refresh`, `use_https`, `max_execution_time`, `task_id_run_at_end`, `task_id_run_at_cancel`, `created_date`, `created_user`, `revised_date`, `revised_user`) VALUES ('pro_container(upd)', 'Update Container', NULL, 'Update', 'PROC', 'container.upd.php', 'N', 'UPD1', 'PRODUCT', NULL, NULL, NULL, NULL, NULL, 'N', 'N', NULL, 'N', NULL, NULL, NULL, '2006-06-30 18:19:42', 'AJM', NULL, NULL);

REPLACE INTO `mnu_role_task` (`role_id`, `task_id`, `created_date`, `created_user`, `revised_date`, `revised_user`) VALUES ('DEMO', 'pro_container(upd)', '2015-11-03 10:06:43', 'AJM', NULL, NULL);
REPLACE INTO `mnu_role_task` (`role_id`, `task_id`, `created_date`, `created_user`, `revised_date`, `revised_user`) VALUES ('PRODUCT', 'pro_container(upd)', '2014-04-19 06:13:36', 'AJM', NULL, NULL);
REPLACE INTO `mnu_role_task` (`role_id`, `task_id`, `created_date`, `created_user`, `revised_date`, `revised_user`) VALUES ('PROTO', 'pro_container(upd)', '2014-04-20 11:44:55', 'AJM', NULL, NULL);

REPLACE INTO `mnu_task` (`task_id`, `task_name`, `task_desc`, `button_text`, `task_type`, `script_id`, `is_disabled`, `pattern_id`, `subsys_id`, `initial_passthru`, `selection_fixed`, `selection_temp`, `settings`, `order_by`, `keep_data`, `log_sql_query`, `screen_refresh`, `use_https`, `max_execution_time`, `task_id_run_at_end`, `task_id_run_at_cancel`, `created_date`, `created_user`, `revised_date`, `revised_user`) VALUES ('pro_facility_type(add)', 'Add Facility Type', NULL, 'New', 'PROC', 'facility_type.add.php', 'N', 'ADD1', 'PRODUCT', NULL, NULL, NULL, NULL, NULL, 'N', 'N', NULL, 'N', NULL, NULL, NULL, '2006-06-30 16:08:05', 'AJM', NULL, NULL);

REPLACE INTO `mnu_role_task` (`role_id`, `task_id`, `created_date`, `created_user`, `revised_date`, `revised_user`) VALUES ('DEMO', 'pro_facility_type(add)', '2015-11-03 10:06:43', 'AJM', NULL, NULL);
REPLACE INTO `mnu_role_task` (`role_id`, `task_id`, `created_date`, `created_user`, `revised_date`, `revised_user`) VALUES ('PRODUCT', 'pro_facility_type(add)', '2014-04-19 06:13:43', 'AJM', NULL, NULL);
REPLACE INTO `mnu_role_task` (`role_id`, `task_id`, `created_date`, `created_user`, `revised_date`, `revised_user`) VALUES ('PROTO', 'pro_facility_type(add)', '2014-04-20 11:44:56', 'AJM', NULL, NULL);

REPLACE INTO `mnu_task` (`task_id`, `task_name`, `task_desc`, `button_text`, `task_type`, `script_id`, `is_disabled`, `pattern_id`, `subsys_id`, `initial_passthru`, `selection_fixed`, `selection_temp`, `settings`, `order_by`, `keep_data`, `log_sql_query`, `screen_refresh`, `use_https`, `max_execution_time`, `task_id_run_at_end`, `task_id_run_at_cancel`, `created_date`, `created_user`, `revised_date`, `revised_user`) VALUES ('pro_facility_type(del)', 'Delete Facility Type', NULL, 'Delete', 'PROC', 'facility_type.del.php', 'N', 'DEL1', 'PRODUCT', NULL, NULL, NULL, NULL, NULL, 'N', 'N', NULL, 'N', NULL, NULL, NULL, '2006-06-30 16:08:35', 'AJM', NULL, NULL);

REPLACE INTO `mnu_role_task` (`role_id`, `task_id`, `created_date`, `created_user`, `revised_date`, `revised_user`) VALUES ('DEMO', 'pro_facility_type(del)', '2015-11-03 10:06:43', 'AJM', NULL, NULL);
REPLACE INTO `mnu_role_task` (`role_id`, `task_id`, `created_date`, `created_user`, `revised_date`, `revised_user`) VALUES ('PRODUCT', 'pro_facility_type(del)', '2014-04-19 06:13:44', 'AJM', NULL, NULL);
REPLACE INTO `mnu_role_task` (`role_id`, `task_id`, `created_date`, `created_user`, `revised_date`, `revised_user`) VALUES ('PROTO', 'pro_facility_type(del)', '2014-04-20 11:44:56', 'AJM', NULL, NULL);

REPLACE INTO `mnu_task` (`task_id`, `task_name`, `task_desc`, `button_text`, `task_type`, `script_id`, `is_disabled`, `pattern_id`, `subsys_id`, `initial_passthru`, `selection_fixed`, `selection_temp`, `settings`, `order_by`, `keep_data`, `log_sql_query`, `screen_refresh`, `use_https`, `max_execution_time`, `task_id_run_at_end`, `task_id_run_at_cancel`, `created_date`, `created_user`, `revised_date`, `revised_user`) VALUES ('pro_facility_type(enq)', 'Enquire Facility Type', NULL, 'Read', 'PROC', 'facility_type.enq.php', 'N', 'ENQ1', 'PRODUCT', NULL, NULL, NULL, NULL, NULL, 'N', 'N', NULL, 'N', NULL, NULL, NULL, '2006-06-30 16:09:07', 'AJM', NULL, NULL);

REPLACE INTO `mnu_role_task` (`role_id`, `task_id`, `created_date`, `created_user`, `revised_date`, `revised_user`) VALUES ('DEMO', 'pro_facility_type(enq)', '2015-11-03 10:06:43', 'AJM', NULL, NULL);
REPLACE INTO `mnu_role_task` (`role_id`, `task_id`, `created_date`, `created_user`, `revised_date`, `revised_user`) VALUES ('PRODUCT', 'pro_facility_type(enq)', '2014-04-19 06:13:44', 'AJM', NULL, NULL);
REPLACE INTO `mnu_role_task` (`role_id`, `task_id`, `created_date`, `created_user`, `revised_date`, `revised_user`) VALUES ('PROTO', 'pro_facility_type(enq)', '2014-04-20 11:44:57', 'AJM', NULL, NULL);

REPLACE INTO `mnu_task` (`task_id`, `task_name`, `task_desc`, `button_text`, `task_type`, `script_id`, `is_disabled`, `pattern_id`, `subsys_id`, `initial_passthru`, `selection_fixed`, `selection_temp`, `settings`, `order_by`, `keep_data`, `log_sql_query`, `screen_refresh`, `use_https`, `max_execution_time`, `task_id_run_at_end`, `task_id_run_at_cancel`, `created_date`, `created_user`, `revised_date`, `revised_user`) VALUES ('pro_facility_type(list)', 'List Facility Type', NULL, 'Facility Type', 'PROC', 'facility_type.list.php', 'N', 'LIST1', 'PRODUCT', NULL, NULL, NULL, NULL, 'facility_type_desc', 'N', 'N', NULL, 'N', NULL, NULL, NULL, '2006-06-30 16:07:18', 'AJM', NULL, NULL);

REPLACE INTO `mnu_nav_button` (`task_id_snr`, `task_id_jnr`, `sort_seq`, `button_text`, `context_preselect`, `created_date`, `created_user`, `revised_date`, `revised_user`) VALUES ('pro_facility_type(list)', 'audit_dtl(list)3', '006', 'Audit Trail', 'Y', '2006-06-30 16:10:56', 'AJM', NULL, NULL);
REPLACE INTO `mnu_nav_button` (`task_id_snr`, `task_id_jnr`, `sort_seq`, `button_text`, `context_preselect`, `created_date`, `created_user`, `revised_date`, `revised_user`) VALUES ('pro_facility_type(list)', 'pro_facility_type(add)', '001', 'New', 'N', '2006-06-30 16:10:29', 'AJM', NULL, NULL);
REPLACE INTO `mnu_nav_button` (`task_id_snr`, `task_id_jnr`, `sort_seq`, `button_text`, `context_preselect`, `created_date`, `created_user`, `revised_date`, `revised_user`) VALUES ('pro_facility_type(list)', 'pro_facility_type(del)', '004', 'Delete', 'Y', '2006-06-30 16:10:29', 'AJM', '2006-06-30 16:43:08', 'AJM');
REPLACE INTO `mnu_nav_button` (`task_id_snr`, `task_id_jnr`, `sort_seq`, `button_text`, `context_preselect`, `created_date`, `created_user`, `revised_date`, `revised_user`) VALUES ('pro_facility_type(list)', 'pro_facility_type(enq)', '002', 'Read', 'Y', '2006-06-30 16:10:30', 'AJM', '2006-06-30 16:10:47', 'AJM');
REPLACE INTO `mnu_nav_button` (`task_id_snr`, `task_id_jnr`, `sort_seq`, `button_text`, `context_preselect`, `created_date`, `created_user`, `revised_date`, `revised_user`) VALUES ('pro_facility_type(list)', 'pro_facility_type(search)', '005', 'Search', 'N', '2006-06-30 16:10:30', 'AJM', '2006-06-30 16:10:47', 'AJM');
REPLACE INTO `mnu_nav_button` (`task_id_snr`, `task_id_jnr`, `sort_seq`, `button_text`, `context_preselect`, `created_date`, `created_user`, `revised_date`, `revised_user`) VALUES ('pro_facility_type(list)', 'pro_facility_type(upd)', '003', 'Update', 'Y', '2006-06-30 16:10:30', 'AJM', '2006-06-30 16:43:08', 'AJM');

REPLACE INTO `mnu_role_task` (`role_id`, `task_id`, `created_date`, `created_user`, `revised_date`, `revised_user`) VALUES ('DEMO', 'pro_facility_type(list)', '2015-11-03 10:06:43', 'AJM', NULL, NULL);
REPLACE INTO `mnu_role_task` (`role_id`, `task_id`, `created_date`, `created_user`, `revised_date`, `revised_user`) VALUES ('PRODUCT', 'pro_facility_type(list)', '2014-04-19 06:13:44', 'AJM', NULL, NULL);
REPLACE INTO `mnu_role_task` (`role_id`, `task_id`, `created_date`, `created_user`, `revised_date`, `revised_user`) VALUES ('PROTO', 'pro_facility_type(list)', '2014-04-20 11:44:57', 'AJM', NULL, NULL);

REPLACE INTO `mnu_task` (`task_id`, `task_name`, `task_desc`, `button_text`, `task_type`, `script_id`, `is_disabled`, `pattern_id`, `subsys_id`, `initial_passthru`, `selection_fixed`, `selection_temp`, `settings`, `order_by`, `keep_data`, `log_sql_query`, `screen_refresh`, `use_https`, `max_execution_time`, `task_id_run_at_end`, `task_id_run_at_cancel`, `created_date`, `created_user`, `revised_date`, `revised_user`) VALUES ('pro_facility_type(search)', 'Search Facility Type', NULL, 'Search', 'PROC', 'facility_type.search.php', 'N', 'SRCH', 'PRODUCT', NULL, NULL, NULL, NULL, NULL, 'N', 'N', NULL, 'N', NULL, NULL, NULL, '2006-06-30 16:09:40', 'AJM', NULL, NULL);

REPLACE INTO `mnu_role_task` (`role_id`, `task_id`, `created_date`, `created_user`, `revised_date`, `revised_user`) VALUES ('DEMO', 'pro_facility_type(search)', '2015-11-03 10:06:44', 'AJM', NULL, NULL);
REPLACE INTO `mnu_role_task` (`role_id`, `task_id`, `created_date`, `created_user`, `revised_date`, `revised_user`) VALUES ('PRODUCT', 'pro_facility_type(search)', '2014-04-19 06:13:45', 'AJM', NULL, NULL);
REPLACE INTO `mnu_role_task` (`role_id`, `task_id`, `created_date`, `created_user`, `revised_date`, `revised_user`) VALUES ('PROTO', 'pro_facility_type(search)', '2014-04-20 11:45:04', 'AJM', NULL, NULL);

REPLACE INTO `mnu_task` (`task_id`, `task_name`, `task_desc`, `button_text`, `task_type`, `script_id`, `is_disabled`, `pattern_id`, `subsys_id`, `initial_passthru`, `selection_fixed`, `selection_temp`, `settings`, `order_by`, `keep_data`, `log_sql_query`, `screen_refresh`, `use_https`, `max_execution_time`, `task_id_run_at_end`, `task_id_run_at_cancel`, `created_date`, `created_user`, `revised_date`, `revised_user`) VALUES ('pro_facility_type(upd)', 'Update Facility Type', NULL, 'Update', 'PROC', 'facility_type.upd.php', 'N', 'UPD1', 'PRODUCT', NULL, NULL, NULL, NULL, NULL, 'N', 'N', NULL, 'N', NULL, NULL, NULL, '2006-06-30 16:10:09', 'AJM', NULL, NULL);

REPLACE INTO `mnu_role_task` (`role_id`, `task_id`, `created_date`, `created_user`, `revised_date`, `revised_user`) VALUES ('DEMO', 'pro_facility_type(upd)', '2015-11-03 10:06:44', 'AJM', NULL, NULL);
REPLACE INTO `mnu_role_task` (`role_id`, `task_id`, `created_date`, `created_user`, `revised_date`, `revised_user`) VALUES ('PRODUCT', 'pro_facility_type(upd)', '2014-04-19 06:13:45', 'AJM', NULL, NULL);
REPLACE INTO `mnu_role_task` (`role_id`, `task_id`, `created_date`, `created_user`, `revised_date`, `revised_user`) VALUES ('PROTO', 'pro_facility_type(upd)', '2014-04-20 11:45:05', 'AJM', NULL, NULL);

REPLACE INTO `mnu_task` (`task_id`, `task_name`, `task_desc`, `button_text`, `task_type`, `script_id`, `is_disabled`, `pattern_id`, `subsys_id`, `initial_passthru`, `selection_fixed`, `selection_temp`, `settings`, `order_by`, `keep_data`, `log_sql_query`, `screen_refresh`, `use_https`, `max_execution_time`, `task_id_run_at_end`, `task_id_run_at_cancel`, `created_date`, `created_user`, `revised_date`, `revised_user`) VALUES ('pro_facility(add)', 'Add Facility', NULL, 'New', 'PROC', 'facility.add.php', 'N', 'ADD1', 'PRODUCT', NULL, NULL, NULL, NULL, NULL, 'N', 'N', NULL, 'N', NULL, NULL, NULL, '2006-06-30 17:03:10', 'AJM', NULL, NULL);

REPLACE INTO `mnu_role_task` (`role_id`, `task_id`, `created_date`, `created_user`, `revised_date`, `revised_user`) VALUES ('DEMO', 'pro_facility(add)', '2015-11-03 10:06:44', 'AJM', NULL, NULL);
REPLACE INTO `mnu_role_task` (`role_id`, `task_id`, `created_date`, `created_user`, `revised_date`, `revised_user`) VALUES ('PRODUCT', 'pro_facility(add)', '2014-04-19 06:15:26', 'AJM', NULL, NULL);
REPLACE INTO `mnu_role_task` (`role_id`, `task_id`, `created_date`, `created_user`, `revised_date`, `revised_user`) VALUES ('PROTO', 'pro_facility(add)', '2014-04-20 11:45:05', 'AJM', NULL, NULL);

REPLACE INTO `mnu_task` (`task_id`, `task_name`, `task_desc`, `button_text`, `task_type`, `script_id`, `is_disabled`, `pattern_id`, `subsys_id`, `initial_passthru`, `selection_fixed`, `selection_temp`, `settings`, `order_by`, `keep_data`, `log_sql_query`, `screen_refresh`, `use_https`, `max_execution_time`, `task_id_run_at_end`, `task_id_run_at_cancel`, `created_date`, `created_user`, `revised_date`, `revised_user`) VALUES ('pro_facility(del)', 'Delete Facility', NULL, 'Delete', 'PROC', 'facility.del.php', 'N', 'DEL1', 'PRODUCT', NULL, NULL, NULL, NULL, NULL, 'N', 'N', NULL, 'N', NULL, NULL, NULL, '2006-06-30 17:03:41', 'AJM', NULL, NULL);

REPLACE INTO `mnu_role_task` (`role_id`, `task_id`, `created_date`, `created_user`, `revised_date`, `revised_user`) VALUES ('DEMO', 'pro_facility(del)', '2015-11-03 10:06:48', 'AJM', NULL, NULL);
REPLACE INTO `mnu_role_task` (`role_id`, `task_id`, `created_date`, `created_user`, `revised_date`, `revised_user`) VALUES ('PRODUCT', 'pro_facility(del)', '2014-04-19 06:15:27', 'AJM', NULL, NULL);
REPLACE INTO `mnu_role_task` (`role_id`, `task_id`, `created_date`, `created_user`, `revised_date`, `revised_user`) VALUES ('PROTO', 'pro_facility(del)', '2014-04-20 11:45:05', 'AJM', NULL, NULL);

REPLACE INTO `mnu_task` (`task_id`, `task_name`, `task_desc`, `button_text`, `task_type`, `script_id`, `is_disabled`, `pattern_id`, `subsys_id`, `initial_passthru`, `selection_fixed`, `selection_temp`, `settings`, `order_by`, `keep_data`, `log_sql_query`, `screen_refresh`, `use_https`, `max_execution_time`, `task_id_run_at_end`, `task_id_run_at_cancel`, `created_date`, `created_user`, `revised_date`, `revised_user`) VALUES ('pro_facility(enq)', 'Enquire Facility', NULL, 'Read', 'PROC', 'facility.enq.php', 'N', 'ENQ1', 'PRODUCT', NULL, NULL, NULL, NULL, NULL, 'N', 'N', NULL, 'N', NULL, NULL, NULL, '2006-06-30 17:04:16', 'AJM', NULL, NULL);

REPLACE INTO `mnu_role_task` (`role_id`, `task_id`, `created_date`, `created_user`, `revised_date`, `revised_user`) VALUES ('DEMO', 'pro_facility(enq)', '2015-11-03 10:06:48', 'AJM', NULL, NULL);
REPLACE INTO `mnu_role_task` (`role_id`, `task_id`, `created_date`, `created_user`, `revised_date`, `revised_user`) VALUES ('PRODUCT', 'pro_facility(enq)', '2014-04-19 06:15:27', 'AJM', NULL, NULL);
REPLACE INTO `mnu_role_task` (`role_id`, `task_id`, `created_date`, `created_user`, `revised_date`, `revised_user`) VALUES ('PROTO', 'pro_facility(enq)', '2014-04-20 11:45:06', 'AJM', NULL, NULL);

REPLACE INTO `mnu_task` (`task_id`, `task_name`, `task_desc`, `button_text`, `task_type`, `script_id`, `is_disabled`, `pattern_id`, `subsys_id`, `initial_passthru`, `selection_fixed`, `selection_temp`, `settings`, `order_by`, `keep_data`, `log_sql_query`, `screen_refresh`, `use_https`, `max_execution_time`, `task_id_run_at_end`, `task_id_run_at_cancel`, `created_date`, `created_user`, `revised_date`, `revised_user`) VALUES ('pro_facility(list)', 'List Facility', NULL, 'Facility', 'PROC', 'facility.list.php', 'N', 'LIST1', 'PRODUCT', NULL, NULL, NULL, NULL, 'facility_desc', 'Y', 'N', NULL, 'N', NULL, NULL, NULL, '2006-06-30 17:02:35', 'AJM', '2006-07-03 09:53:58', 'AJM');

REPLACE INTO `mnu_nav_button` (`task_id_snr`, `task_id_jnr`, `sort_seq`, `button_text`, `context_preselect`, `created_date`, `created_user`, `revised_date`, `revised_user`) VALUES ('pro_facility(list)', 'audit_dtl(list)3', '007', 'Audit Trail', 'Y', '2006-06-30 17:43:33', 'AJM', '2006-07-04 16:31:48', 'AJM');
REPLACE INTO `mnu_nav_button` (`task_id_snr`, `task_id_jnr`, `sort_seq`, `button_text`, `context_preselect`, `created_date`, `created_user`, `revised_date`, `revised_user`) VALUES ('pro_facility(list)', 'pro_facility(add)', '001', 'New', 'N', '2006-06-30 17:05:41', 'AJM', NULL, NULL);
REPLACE INTO `mnu_nav_button` (`task_id_snr`, `task_id_jnr`, `sort_seq`, `button_text`, `context_preselect`, `created_date`, `created_user`, `revised_date`, `revised_user`) VALUES ('pro_facility(list)', 'pro_facility(del)', '004', 'Delete', 'Y', '2006-06-30 17:05:41', 'AJM', '2006-07-02 23:49:45', 'AJM');
REPLACE INTO `mnu_nav_button` (`task_id_snr`, `task_id_jnr`, `sort_seq`, `button_text`, `context_preselect`, `created_date`, `created_user`, `revised_date`, `revised_user`) VALUES ('pro_facility(list)', 'pro_facility(enq)', '002', 'Read', 'Y', '2006-06-30 17:05:41', 'AJM', '2006-06-30 17:06:04', 'AJM');
REPLACE INTO `mnu_nav_button` (`task_id_snr`, `task_id_jnr`, `sort_seq`, `button_text`, `context_preselect`, `created_date`, `created_user`, `revised_date`, `revised_user`) VALUES ('pro_facility(list)', 'pro_facility(search)', '005', 'Search', 'N', '2006-06-30 17:05:41', 'AJM', '2006-06-30 17:06:04', 'AJM');
REPLACE INTO `mnu_nav_button` (`task_id_snr`, `task_id_jnr`, `sort_seq`, `button_text`, `context_preselect`, `created_date`, `created_user`, `revised_date`, `revised_user`) VALUES ('pro_facility(list)', 'pro_facility(upd)', '003', 'Update', 'Y', '2006-06-30 17:05:41', 'AJM', '2006-07-02 23:49:45', 'AJM');
REPLACE INTO `mnu_nav_button` (`task_id_snr`, `task_id_jnr`, `sort_seq`, `button_text`, `context_preselect`, `created_date`, `created_user`, `revised_date`, `revised_user`) VALUES ('pro_facility(list)', 'pro_inv_item(list)3', '006', 'Inventory', 'Y', '2006-07-04 16:31:39', 'AJM', '2006-07-04 16:31:48', 'AJM');

REPLACE INTO `mnu_role_task` (`role_id`, `task_id`, `created_date`, `created_user`, `revised_date`, `revised_user`) VALUES ('DEMO', 'pro_facility(list)', '2015-11-03 10:06:48', 'AJM', NULL, NULL);
REPLACE INTO `mnu_role_task` (`role_id`, `task_id`, `created_date`, `created_user`, `revised_date`, `revised_user`) VALUES ('PRODUCT', 'pro_facility(list)', '2014-04-19 06:15:28', 'AJM', NULL, NULL);
REPLACE INTO `mnu_role_task` (`role_id`, `task_id`, `created_date`, `created_user`, `revised_date`, `revised_user`) VALUES ('PROTO', 'pro_facility(list)', '2014-04-20 11:45:06', 'AJM', NULL, NULL);

REPLACE INTO `mnu_task` (`task_id`, `task_name`, `task_desc`, `button_text`, `task_type`, `script_id`, `is_disabled`, `pattern_id`, `subsys_id`, `initial_passthru`, `selection_fixed`, `selection_temp`, `settings`, `order_by`, `keep_data`, `log_sql_query`, `screen_refresh`, `use_https`, `max_execution_time`, `task_id_run_at_end`, `task_id_run_at_cancel`, `created_date`, `created_user`, `revised_date`, `revised_user`) VALUES ('pro_facility(popup)', 'Choose Facility', NULL, 'Choose', 'PROC', 'facility.popup.php', 'N', 'POPUP1', 'PRODUCT', NULL, NULL, NULL, NULL, 'facility_desc', 'N', 'N', NULL, 'N', NULL, NULL, NULL, '2006-07-03 13:34:31', 'AJM', '2006-10-06 13:35:15', 'AJM');

REPLACE INTO `mnu_role_task` (`role_id`, `task_id`, `created_date`, `created_user`, `revised_date`, `revised_user`) VALUES ('DEMO', 'pro_facility(popup)', '2015-11-03 10:06:48', 'AJM', NULL, NULL);
REPLACE INTO `mnu_role_task` (`role_id`, `task_id`, `created_date`, `created_user`, `revised_date`, `revised_user`) VALUES ('PRODUCT', 'pro_facility(popup)', '2014-04-19 06:15:28', 'AJM', NULL, NULL);
REPLACE INTO `mnu_role_task` (`role_id`, `task_id`, `created_date`, `created_user`, `revised_date`, `revised_user`) VALUES ('PROTO', 'pro_facility(popup)', '2014-04-20 11:45:06', 'AJM', NULL, NULL);

REPLACE INTO `mnu_task` (`task_id`, `task_name`, `task_desc`, `button_text`, `task_type`, `script_id`, `is_disabled`, `pattern_id`, `subsys_id`, `initial_passthru`, `selection_fixed`, `selection_temp`, `settings`, `order_by`, `keep_data`, `log_sql_query`, `screen_refresh`, `use_https`, `max_execution_time`, `task_id_run_at_end`, `task_id_run_at_cancel`, `created_date`, `created_user`, `revised_date`, `revised_user`) VALUES ('pro_facility(search)', 'Search Facility', NULL, 'Search', 'PROC', 'facility.search.php', 'N', 'SRCH', 'PRODUCT', NULL, NULL, NULL, NULL, NULL, 'N', 'N', NULL, 'N', NULL, NULL, NULL, '2006-06-30 17:04:51', 'AJM', NULL, NULL);

REPLACE INTO `mnu_role_task` (`role_id`, `task_id`, `created_date`, `created_user`, `revised_date`, `revised_user`) VALUES ('DEMO', 'pro_facility(search)', '2015-11-03 10:06:48', 'AJM', NULL, NULL);
REPLACE INTO `mnu_role_task` (`role_id`, `task_id`, `created_date`, `created_user`, `revised_date`, `revised_user`) VALUES ('PRODUCT', 'pro_facility(search)', '2014-04-19 06:15:29', 'AJM', NULL, NULL);
REPLACE INTO `mnu_role_task` (`role_id`, `task_id`, `created_date`, `created_user`, `revised_date`, `revised_user`) VALUES ('PROTO', 'pro_facility(search)', '2014-04-20 11:45:07', 'AJM', NULL, NULL);

REPLACE INTO `mnu_task` (`task_id`, `task_name`, `task_desc`, `button_text`, `task_type`, `script_id`, `is_disabled`, `pattern_id`, `subsys_id`, `initial_passthru`, `selection_fixed`, `selection_temp`, `settings`, `order_by`, `keep_data`, `log_sql_query`, `screen_refresh`, `use_https`, `max_execution_time`, `task_id_run_at_end`, `task_id_run_at_cancel`, `created_date`, `created_user`, `revised_date`, `revised_user`) VALUES ('pro_facility(upd)', 'Update Facility', NULL, 'Update', 'PROC', 'facility.upd.php', 'N', 'UPD1', 'PRODUCT', NULL, NULL, NULL, NULL, NULL, 'N', 'N', NULL, 'N', NULL, NULL, NULL, '2006-06-30 17:05:19', 'AJM', '2006-06-30 17:06:25', 'AJM');

REPLACE INTO `mnu_role_task` (`role_id`, `task_id`, `created_date`, `created_user`, `revised_date`, `revised_user`) VALUES ('DEMO', 'pro_facility(upd)', '2015-11-03 10:06:48', 'AJM', NULL, NULL);
REPLACE INTO `mnu_role_task` (`role_id`, `task_id`, `created_date`, `created_user`, `revised_date`, `revised_user`) VALUES ('PRODUCT', 'pro_facility(upd)', '2014-04-19 06:13:43', 'AJM', NULL, NULL);
REPLACE INTO `mnu_role_task` (`role_id`, `task_id`, `created_date`, `created_user`, `revised_date`, `revised_user`) VALUES ('PROTO', 'pro_facility(upd)', '2014-04-20 11:45:07', 'AJM', NULL, NULL);

REPLACE INTO `mnu_task` (`task_id`, `task_name`, `task_desc`, `button_text`, `task_type`, `script_id`, `is_disabled`, `pattern_id`, `subsys_id`, `initial_passthru`, `selection_fixed`, `selection_temp`, `settings`, `order_by`, `keep_data`, `log_sql_query`, `screen_refresh`, `use_https`, `max_execution_time`, `task_id_run_at_end`, `task_id_run_at_cancel`, `created_date`, `created_user`, `revised_date`, `revised_user`) VALUES ('pro_good_id_type(add)', 'Insert Good Identity Type', NULL, 'New', 'PROC', 'good_identity_type.add.php', 'N', 'ADD1', 'PRODUCT', NULL, NULL, NULL, NULL, NULL, 'N', 'N', NULL, 'N', NULL, NULL, NULL, '2003-01-01 12:00:00', 'AJM', NULL, NULL);

REPLACE INTO `mnu_role_task` (`role_id`, `task_id`, `created_date`, `created_user`, `revised_date`, `revised_user`) VALUES ('DEMO', 'pro_good_id_type(add)', '2015-11-03 10:06:48', 'AJM', NULL, NULL);
REPLACE INTO `mnu_role_task` (`role_id`, `task_id`, `created_date`, `created_user`, `revised_date`, `revised_user`) VALUES ('PRODUCT', 'pro_good_id_type(add)', '2014-04-19 06:16:30', 'AJM', NULL, NULL);
REPLACE INTO `mnu_role_task` (`role_id`, `task_id`, `created_date`, `created_user`, `revised_date`, `revised_user`) VALUES ('PROTO', 'pro_good_id_type(add)', '2014-04-20 11:45:07', 'AJM', NULL, NULL);

REPLACE INTO `mnu_task` (`task_id`, `task_name`, `task_desc`, `button_text`, `task_type`, `script_id`, `is_disabled`, `pattern_id`, `subsys_id`, `initial_passthru`, `selection_fixed`, `selection_temp`, `settings`, `order_by`, `keep_data`, `log_sql_query`, `screen_refresh`, `use_https`, `max_execution_time`, `task_id_run_at_end`, `task_id_run_at_cancel`, `created_date`, `created_user`, `revised_date`, `revised_user`) VALUES ('pro_good_id_type(del)', 'Delete Good Identity Type', NULL, 'Delete', 'PROC', 'good_identity_type.del.php', 'N', 'DEL1', 'PRODUCT', NULL, NULL, NULL, NULL, NULL, 'N', 'N', NULL, 'N', NULL, NULL, NULL, '2003-01-01 12:00:00', 'AJM', NULL, NULL);

REPLACE INTO `mnu_role_task` (`role_id`, `task_id`, `created_date`, `created_user`, `revised_date`, `revised_user`) VALUES ('DEMO', 'pro_good_id_type(del)', '2015-11-03 10:06:48', 'AJM', NULL, NULL);
REPLACE INTO `mnu_role_task` (`role_id`, `task_id`, `created_date`, `created_user`, `revised_date`, `revised_user`) VALUES ('PRODUCT', 'pro_good_id_type(del)', '2014-04-19 06:16:30', 'AJM', NULL, NULL);
REPLACE INTO `mnu_role_task` (`role_id`, `task_id`, `created_date`, `created_user`, `revised_date`, `revised_user`) VALUES ('PROTO', 'pro_good_id_type(del)', '2014-04-20 11:45:13', 'AJM', NULL, NULL);

REPLACE INTO `mnu_task` (`task_id`, `task_name`, `task_desc`, `button_text`, `task_type`, `script_id`, `is_disabled`, `pattern_id`, `subsys_id`, `initial_passthru`, `selection_fixed`, `selection_temp`, `settings`, `order_by`, `keep_data`, `log_sql_query`, `screen_refresh`, `use_https`, `max_execution_time`, `task_id_run_at_end`, `task_id_run_at_cancel`, `created_date`, `created_user`, `revised_date`, `revised_user`) VALUES ('pro_good_id_type(enq)', 'Enquire Good Identity Type', NULL, 'Read', 'PROC', 'good_identity_type.enq.php', 'N', 'ENQ1', 'PRODUCT', NULL, NULL, NULL, NULL, NULL, 'N', 'N', NULL, 'N', NULL, NULL, NULL, '2003-01-01 12:00:00', 'AJM', NULL, NULL);

REPLACE INTO `mnu_role_task` (`role_id`, `task_id`, `created_date`, `created_user`, `revised_date`, `revised_user`) VALUES ('DEMO', 'pro_good_id_type(enq)', '2015-11-03 10:06:49', 'AJM', NULL, NULL);
REPLACE INTO `mnu_role_task` (`role_id`, `task_id`, `created_date`, `created_user`, `revised_date`, `revised_user`) VALUES ('PRODUCT', 'pro_good_id_type(enq)', '2014-04-19 06:16:31', 'AJM', NULL, NULL);
REPLACE INTO `mnu_role_task` (`role_id`, `task_id`, `created_date`, `created_user`, `revised_date`, `revised_user`) VALUES ('PROTO', 'pro_good_id_type(enq)', '2014-04-20 11:45:14', 'AJM', NULL, NULL);

REPLACE INTO `mnu_task` (`task_id`, `task_name`, `task_desc`, `button_text`, `task_type`, `script_id`, `is_disabled`, `pattern_id`, `subsys_id`, `initial_passthru`, `selection_fixed`, `selection_temp`, `settings`, `order_by`, `keep_data`, `log_sql_query`, `screen_refresh`, `use_https`, `max_execution_time`, `task_id_run_at_end`, `task_id_run_at_cancel`, `created_date`, `created_user`, `revised_date`, `revised_user`) VALUES ('pro_good_id_type(list)', 'List Good Identity Type', NULL, 'Good ID Type', 'PROC', 'good_identity_type.list.php', 'N', 'LIST1', 'PRODUCT', NULL, NULL, NULL, NULL, 'identity_type_id', 'N', 'N', NULL, 'N', NULL, NULL, NULL, '2003-01-01 12:00:00', 'AJM', '2006-07-03 09:54:15', 'AJM');

REPLACE INTO `mnu_nav_button` (`task_id_snr`, `task_id_jnr`, `sort_seq`, `button_text`, `context_preselect`, `created_date`, `created_user`, `revised_date`, `revised_user`) VALUES ('pro_good_id_type(list)', 'audit_dtl(list)3', '006', 'Audit Trail', 'Y', '2004-04-09 11:40:37', 'AJM', NULL, NULL);
REPLACE INTO `mnu_nav_button` (`task_id_snr`, `task_id_jnr`, `sort_seq`, `button_text`, `context_preselect`, `created_date`, `created_user`, `revised_date`, `revised_user`) VALUES ('pro_good_id_type(list)', 'pro_good_id_type(add)', '001', 'New', 'N', '2003-01-01 12:00:00', 'AJM', NULL, NULL);
REPLACE INTO `mnu_nav_button` (`task_id_snr`, `task_id_jnr`, `sort_seq`, `button_text`, `context_preselect`, `created_date`, `created_user`, `revised_date`, `revised_user`) VALUES ('pro_good_id_type(list)', 'pro_good_id_type(del)', '004', 'Delete', 'Y', '2003-01-01 12:00:00', 'AJM', NULL, NULL);
REPLACE INTO `mnu_nav_button` (`task_id_snr`, `task_id_jnr`, `sort_seq`, `button_text`, `context_preselect`, `created_date`, `created_user`, `revised_date`, `revised_user`) VALUES ('pro_good_id_type(list)', 'pro_good_id_type(enq)', '002', 'Read', 'Y', '2003-01-01 12:00:00', 'AJM', NULL, NULL);
REPLACE INTO `mnu_nav_button` (`task_id_snr`, `task_id_jnr`, `sort_seq`, `button_text`, `context_preselect`, `created_date`, `created_user`, `revised_date`, `revised_user`) VALUES ('pro_good_id_type(list)', 'pro_good_id_type(search)', '005', 'Search', 'N', '2003-01-01 12:00:00', 'AJM', NULL, NULL);
REPLACE INTO `mnu_nav_button` (`task_id_snr`, `task_id_jnr`, `sort_seq`, `button_text`, `context_preselect`, `created_date`, `created_user`, `revised_date`, `revised_user`) VALUES ('pro_good_id_type(list)', 'pro_good_id_type(upd)', '003', 'Update', 'Y', '2003-01-01 12:00:00', 'AJM', NULL, NULL);

REPLACE INTO `mnu_role_task` (`role_id`, `task_id`, `created_date`, `created_user`, `revised_date`, `revised_user`) VALUES ('DEMO', 'pro_good_id_type(list)', '2015-11-03 10:06:49', 'AJM', NULL, NULL);
REPLACE INTO `mnu_role_task` (`role_id`, `task_id`, `created_date`, `created_user`, `revised_date`, `revised_user`) VALUES ('PRODUCT', 'pro_good_id_type(list)', '2014-04-19 06:16:31', 'AJM', NULL, NULL);
REPLACE INTO `mnu_role_task` (`role_id`, `task_id`, `created_date`, `created_user`, `revised_date`, `revised_user`) VALUES ('PROTO', 'pro_good_id_type(list)', '2014-04-20 11:45:14', 'AJM', NULL, NULL);

REPLACE INTO `mnu_task` (`task_id`, `task_name`, `task_desc`, `button_text`, `task_type`, `script_id`, `is_disabled`, `pattern_id`, `subsys_id`, `initial_passthru`, `selection_fixed`, `selection_temp`, `settings`, `order_by`, `keep_data`, `log_sql_query`, `screen_refresh`, `use_https`, `max_execution_time`, `task_id_run_at_end`, `task_id_run_at_cancel`, `created_date`, `created_user`, `revised_date`, `revised_user`) VALUES ('pro_good_id_type(popup)', 'Choose Good Identity Type', NULL, 'Choose', 'PROC', 'good_identity_type.popup.php', 'N', 'POPUP1', 'PRODUCT', NULL, NULL, NULL, NULL, NULL, 'N', 'N', NULL, 'N', NULL, NULL, NULL, '2003-01-01 12:00:00', 'AJM', '2006-10-06 13:35:38', 'AJM');

REPLACE INTO `mnu_role_task` (`role_id`, `task_id`, `created_date`, `created_user`, `revised_date`, `revised_user`) VALUES ('DEMO', 'pro_good_id_type(popup)', '2015-11-03 10:06:53', 'AJM', NULL, NULL);
REPLACE INTO `mnu_role_task` (`role_id`, `task_id`, `created_date`, `created_user`, `revised_date`, `revised_user`) VALUES ('PRODUCT', 'pro_good_id_type(popup)', '2014-04-19 06:16:32', 'AJM', NULL, NULL);
REPLACE INTO `mnu_role_task` (`role_id`, `task_id`, `created_date`, `created_user`, `revised_date`, `revised_user`) VALUES ('PROTO', 'pro_good_id_type(popup)', '2014-04-20 11:45:15', 'AJM', NULL, NULL);

REPLACE INTO `mnu_task` (`task_id`, `task_name`, `task_desc`, `button_text`, `task_type`, `script_id`, `is_disabled`, `pattern_id`, `subsys_id`, `initial_passthru`, `selection_fixed`, `selection_temp`, `settings`, `order_by`, `keep_data`, `log_sql_query`, `screen_refresh`, `use_https`, `max_execution_time`, `task_id_run_at_end`, `task_id_run_at_cancel`, `created_date`, `created_user`, `revised_date`, `revised_user`) VALUES ('pro_good_id_type(search)', 'Search Good Identity Type', NULL, 'Search', 'PROC', 'good_identity_type.search.php', 'N', 'SRCH', 'PRODUCT', NULL, NULL, NULL, NULL, NULL, 'N', 'N', NULL, 'N', NULL, NULL, NULL, '2003-01-01 12:00:00', 'AJM', NULL, NULL);

REPLACE INTO `mnu_role_task` (`role_id`, `task_id`, `created_date`, `created_user`, `revised_date`, `revised_user`) VALUES ('DEMO', 'pro_good_id_type(search)', '2015-11-03 10:06:53', 'AJM', NULL, NULL);
REPLACE INTO `mnu_role_task` (`role_id`, `task_id`, `created_date`, `created_user`, `revised_date`, `revised_user`) VALUES ('PRODUCT', 'pro_good_id_type(search)', '2014-04-19 06:16:32', 'AJM', NULL, NULL);
REPLACE INTO `mnu_role_task` (`role_id`, `task_id`, `created_date`, `created_user`, `revised_date`, `revised_user`) VALUES ('PROTO', 'pro_good_id_type(search)', '2014-04-20 11:45:15', 'AJM', NULL, NULL);

REPLACE INTO `mnu_task` (`task_id`, `task_name`, `task_desc`, `button_text`, `task_type`, `script_id`, `is_disabled`, `pattern_id`, `subsys_id`, `initial_passthru`, `selection_fixed`, `selection_temp`, `settings`, `order_by`, `keep_data`, `log_sql_query`, `screen_refresh`, `use_https`, `max_execution_time`, `task_id_run_at_end`, `task_id_run_at_cancel`, `created_date`, `created_user`, `revised_date`, `revised_user`) VALUES ('pro_good_id_type(upd)', 'Update Good Identity Type', NULL, 'Update', 'PROC', 'good_identity_type.upd.php', 'N', 'UPD1', 'PRODUCT', NULL, NULL, NULL, NULL, NULL, 'N', 'N', NULL, 'N', NULL, NULL, NULL, '2003-01-01 12:00:00', 'AJM', '2004-04-16 17:31:22', 'AJM');

REPLACE INTO `mnu_role_task` (`role_id`, `task_id`, `created_date`, `created_user`, `revised_date`, `revised_user`) VALUES ('DEMO', 'pro_good_id_type(upd)', '2015-11-03 10:06:53', 'AJM', NULL, NULL);
REPLACE INTO `mnu_role_task` (`role_id`, `task_id`, `created_date`, `created_user`, `revised_date`, `revised_user`) VALUES ('PRODUCT', 'pro_good_id_type(upd)', '2014-04-19 06:16:32', 'AJM', NULL, NULL);
REPLACE INTO `mnu_role_task` (`role_id`, `task_id`, `created_date`, `created_user`, `revised_date`, `revised_user`) VALUES ('PROTO', 'pro_good_id_type(upd)', '2014-04-20 11:45:16', 'AJM', NULL, NULL);

REPLACE INTO `mnu_task` (`task_id`, `task_name`, `task_desc`, `button_text`, `task_type`, `script_id`, `is_disabled`, `pattern_id`, `subsys_id`, `initial_passthru`, `selection_fixed`, `selection_temp`, `settings`, `order_by`, `keep_data`, `log_sql_query`, `screen_refresh`, `use_https`, `max_execution_time`, `task_id_run_at_end`, `task_id_run_at_cancel`, `created_date`, `created_user`, `revised_date`, `revised_user`) VALUES ('pro_good_id(add)', 'Insert Good Identification', NULL, 'New', 'PROC', 'good_identification.add.php', 'N', 'ADD2', 'PRODUCT', NULL, NULL, NULL, NULL, NULL, 'N', 'N', NULL, 'N', NULL, NULL, NULL, '2003-01-01 12:00:00', 'AJM', NULL, NULL);

REPLACE INTO `mnu_role_task` (`role_id`, `task_id`, `created_date`, `created_user`, `revised_date`, `revised_user`) VALUES ('DEMO', 'pro_good_id(add)', '2015-11-03 10:06:53', 'AJM', NULL, NULL);
REPLACE INTO `mnu_role_task` (`role_id`, `task_id`, `created_date`, `created_user`, `revised_date`, `revised_user`) VALUES ('PRODUCT', 'pro_good_id(add)', '2014-04-19 06:13:46', 'AJM', NULL, NULL);
REPLACE INTO `mnu_role_task` (`role_id`, `task_id`, `created_date`, `created_user`, `revised_date`, `revised_user`) VALUES ('PROTO', 'pro_good_id(add)', '2014-04-20 11:45:16', 'AJM', NULL, NULL);

REPLACE INTO `mnu_task` (`task_id`, `task_name`, `task_desc`, `button_text`, `task_type`, `script_id`, `is_disabled`, `pattern_id`, `subsys_id`, `initial_passthru`, `selection_fixed`, `selection_temp`, `settings`, `order_by`, `keep_data`, `log_sql_query`, `screen_refresh`, `use_https`, `max_execution_time`, `task_id_run_at_end`, `task_id_run_at_cancel`, `created_date`, `created_user`, `revised_date`, `revised_user`) VALUES ('pro_good_id(del)', 'Delete Good Identification', NULL, 'Delete', 'PROC', 'good_identification.del.php', 'N', 'DEL1', 'PRODUCT', NULL, NULL, NULL, NULL, NULL, 'N', 'N', NULL, 'N', NULL, NULL, NULL, '2003-01-01 12:00:00', 'AJM', NULL, NULL);

REPLACE INTO `mnu_role_task` (`role_id`, `task_id`, `created_date`, `created_user`, `revised_date`, `revised_user`) VALUES ('DEMO', 'pro_good_id(del)', '2015-11-03 10:06:54', 'AJM', NULL, NULL);
REPLACE INTO `mnu_role_task` (`role_id`, `task_id`, `created_date`, `created_user`, `revised_date`, `revised_user`) VALUES ('PRODUCT', 'pro_good_id(del)', '2014-04-19 06:13:46', 'AJM', NULL, NULL);
REPLACE INTO `mnu_role_task` (`role_id`, `task_id`, `created_date`, `created_user`, `revised_date`, `revised_user`) VALUES ('PROTO', 'pro_good_id(del)', '2014-04-20 11:45:16', 'AJM', NULL, NULL);

REPLACE INTO `mnu_task` (`task_id`, `task_name`, `task_desc`, `button_text`, `task_type`, `script_id`, `is_disabled`, `pattern_id`, `subsys_id`, `initial_passthru`, `selection_fixed`, `selection_temp`, `settings`, `order_by`, `keep_data`, `log_sql_query`, `screen_refresh`, `use_https`, `max_execution_time`, `task_id_run_at_end`, `task_id_run_at_cancel`, `created_date`, `created_user`, `revised_date`, `revised_user`) VALUES ('pro_good_id(enq)', 'Enquire Good Identification', NULL, 'Read', 'PROC', 'good_identification.enq.php', 'N', 'ENQ1', 'PRODUCT', NULL, NULL, NULL, NULL, NULL, 'N', 'N', NULL, 'N', NULL, NULL, NULL, '2003-01-01 12:00:00', 'AJM', NULL, NULL);

REPLACE INTO `mnu_role_task` (`role_id`, `task_id`, `created_date`, `created_user`, `revised_date`, `revised_user`) VALUES ('DEMO', 'pro_good_id(enq)', '2015-11-03 10:06:54', 'AJM', NULL, NULL);
REPLACE INTO `mnu_role_task` (`role_id`, `task_id`, `created_date`, `created_user`, `revised_date`, `revised_user`) VALUES ('PRODUCT', 'pro_good_id(enq)', '2014-04-19 06:13:46', 'AJM', NULL, NULL);
REPLACE INTO `mnu_role_task` (`role_id`, `task_id`, `created_date`, `created_user`, `revised_date`, `revised_user`) VALUES ('PROTO', 'pro_good_id(enq)', '2014-04-20 11:45:17', 'AJM', NULL, NULL);

REPLACE INTO `mnu_task` (`task_id`, `task_name`, `task_desc`, `button_text`, `task_type`, `script_id`, `is_disabled`, `pattern_id`, `subsys_id`, `initial_passthru`, `selection_fixed`, `selection_temp`, `settings`, `order_by`, `keep_data`, `log_sql_query`, `screen_refresh`, `use_https`, `max_execution_time`, `task_id_run_at_end`, `task_id_run_at_cancel`, `created_date`, `created_user`, `revised_date`, `revised_user`) VALUES ('pro_good_id(list)', 'List Good Identification', NULL, 'Good Identification', 'PROC', 'good_identification.list.php', 'N', 'LIST2', 'PRODUCT', NULL, NULL, NULL, NULL, 'identity_type_id', 'N', 'N', NULL, 'N', NULL, NULL, NULL, '2003-01-01 12:00:00', 'AJM', '2004-05-18 16:26:10', 'AJM');

REPLACE INTO `mnu_nav_button` (`task_id_snr`, `task_id_jnr`, `sort_seq`, `button_text`, `context_preselect`, `created_date`, `created_user`, `revised_date`, `revised_user`) VALUES ('pro_good_id(list)', 'audit_dtl(list)3', '005', 'Audit Trail', 'Y', '2004-04-09 12:00:28', 'AJM', NULL, NULL);
REPLACE INTO `mnu_nav_button` (`task_id_snr`, `task_id_jnr`, `sort_seq`, `button_text`, `context_preselect`, `created_date`, `created_user`, `revised_date`, `revised_user`) VALUES ('pro_good_id(list)', 'pro_good_id(add)', '001', 'New', 'N', '2003-01-01 12:00:00', 'AJM', NULL, NULL);
REPLACE INTO `mnu_nav_button` (`task_id_snr`, `task_id_jnr`, `sort_seq`, `button_text`, `context_preselect`, `created_date`, `created_user`, `revised_date`, `revised_user`) VALUES ('pro_good_id(list)', 'pro_good_id(del)', '004', 'Delete', 'Y', '2003-01-01 12:00:00', 'AJM', NULL, NULL);
REPLACE INTO `mnu_nav_button` (`task_id_snr`, `task_id_jnr`, `sort_seq`, `button_text`, `context_preselect`, `created_date`, `created_user`, `revised_date`, `revised_user`) VALUES ('pro_good_id(list)', 'pro_good_id(enq)', '002', 'Read', 'Y', '2003-01-01 12:00:00', 'AJM', NULL, NULL);
REPLACE INTO `mnu_nav_button` (`task_id_snr`, `task_id_jnr`, `sort_seq`, `button_text`, `context_preselect`, `created_date`, `created_user`, `revised_date`, `revised_user`) VALUES ('pro_good_id(list)', 'pro_good_id(upd)', '003', 'Update', 'Y', '2003-01-01 12:00:00', 'AJM', NULL, NULL);

REPLACE INTO `mnu_role_task` (`role_id`, `task_id`, `created_date`, `created_user`, `revised_date`, `revised_user`) VALUES ('DEMO', 'pro_good_id(list)', '2015-11-03 10:06:54', 'AJM', NULL, NULL);
REPLACE INTO `mnu_role_task` (`role_id`, `task_id`, `created_date`, `created_user`, `revised_date`, `revised_user`) VALUES ('PRODUCT', 'pro_good_id(list)', '2014-04-19 06:16:29', 'AJM', NULL, NULL);
REPLACE INTO `mnu_role_task` (`role_id`, `task_id`, `created_date`, `created_user`, `revised_date`, `revised_user`) VALUES ('PROTO', 'pro_good_id(list)', '2014-04-20 11:45:17', 'AJM', NULL, NULL);

REPLACE INTO `mnu_task` (`task_id`, `task_name`, `task_desc`, `button_text`, `task_type`, `script_id`, `is_disabled`, `pattern_id`, `subsys_id`, `initial_passthru`, `selection_fixed`, `selection_temp`, `settings`, `order_by`, `keep_data`, `log_sql_query`, `screen_refresh`, `use_https`, `max_execution_time`, `task_id_run_at_end`, `task_id_run_at_cancel`, `created_date`, `created_user`, `revised_date`, `revised_user`) VALUES ('pro_good_id(upd)', 'Update Good Identification', NULL, 'Update', 'PROC', 'good_identification.upd.php', 'N', 'UPD1', 'PRODUCT', NULL, NULL, NULL, NULL, NULL, 'N', 'N', NULL, 'N', NULL, NULL, NULL, '2003-01-01 12:00:00', 'AJM', '2004-04-16 17:31:17', 'AJM');

REPLACE INTO `mnu_role_task` (`role_id`, `task_id`, `created_date`, `created_user`, `revised_date`, `revised_user`) VALUES ('DEMO', 'pro_good_id(upd)', '2015-11-03 10:06:54', 'AJM', NULL, NULL);
REPLACE INTO `mnu_role_task` (`role_id`, `task_id`, `created_date`, `created_user`, `revised_date`, `revised_user`) VALUES ('PRODUCT', 'pro_good_id(upd)', '2014-04-19 06:16:30', 'AJM', NULL, NULL);
REPLACE INTO `mnu_role_task` (`role_id`, `task_id`, `created_date`, `created_user`, `revised_date`, `revised_user`) VALUES ('PROTO', 'pro_good_id(upd)', '2014-04-20 11:45:24', 'AJM', NULL, NULL);

REPLACE INTO `mnu_task` (`task_id`, `task_name`, `task_desc`, `button_text`, `task_type`, `script_id`, `is_disabled`, `pattern_id`, `subsys_id`, `initial_passthru`, `selection_fixed`, `selection_temp`, `settings`, `order_by`, `keep_data`, `log_sql_query`, `screen_refresh`, `use_https`, `max_execution_time`, `task_id_run_at_end`, `task_id_run_at_cancel`, `created_date`, `created_user`, `revised_date`, `revised_user`) VALUES ('pro_inv_item_status_hist(add)', 'Add Inventory Item Status History', NULL, 'New', 'PROC', 'inventory_item_status_hist.add.php', 'N', 'ADD1', 'PRODUCT', NULL, NULL, NULL, NULL, NULL, 'N', 'N', NULL, 'N', NULL, NULL, NULL, '2006-07-04 18:32:22', 'AJM', NULL, NULL);

REPLACE INTO `mnu_role_task` (`role_id`, `task_id`, `created_date`, `created_user`, `revised_date`, `revised_user`) VALUES ('DEMO', 'pro_inv_item_status_hist(add)', '2015-11-03 10:06:54', 'AJM', NULL, NULL);
REPLACE INTO `mnu_role_task` (`role_id`, `task_id`, `created_date`, `created_user`, `revised_date`, `revised_user`) VALUES ('PRODUCT', 'pro_inv_item_status_hist(add)', '2014-04-19 06:15:36', 'AJM', NULL, NULL);
REPLACE INTO `mnu_role_task` (`role_id`, `task_id`, `created_date`, `created_user`, `revised_date`, `revised_user`) VALUES ('PROTO', 'pro_inv_item_status_hist(add)', '2014-04-20 11:45:25', 'AJM', NULL, NULL);

REPLACE INTO `mnu_task` (`task_id`, `task_name`, `task_desc`, `button_text`, `task_type`, `script_id`, `is_disabled`, `pattern_id`, `subsys_id`, `initial_passthru`, `selection_fixed`, `selection_temp`, `settings`, `order_by`, `keep_data`, `log_sql_query`, `screen_refresh`, `use_https`, `max_execution_time`, `task_id_run_at_end`, `task_id_run_at_cancel`, `created_date`, `created_user`, `revised_date`, `revised_user`) VALUES ('pro_inv_item_status_hist(del)', 'Delete Inventory Item Status History', NULL, 'Delete', 'PROC', 'inventory_item_status_hist.del.php', 'N', 'DEL1', 'PRODUCT', NULL, NULL, NULL, NULL, NULL, 'N', 'N', NULL, 'N', NULL, NULL, NULL, '2006-07-04 18:32:55', 'AJM', NULL, NULL);

REPLACE INTO `mnu_role_task` (`role_id`, `task_id`, `created_date`, `created_user`, `revised_date`, `revised_user`) VALUES ('DEMO', 'pro_inv_item_status_hist(del)', '2015-11-03 10:06:54', 'AJM', NULL, NULL);
REPLACE INTO `mnu_role_task` (`role_id`, `task_id`, `created_date`, `created_user`, `revised_date`, `revised_user`) VALUES ('PRODUCT', 'pro_inv_item_status_hist(del)', '2014-04-19 06:15:36', 'AJM', NULL, NULL);
REPLACE INTO `mnu_role_task` (`role_id`, `task_id`, `created_date`, `created_user`, `revised_date`, `revised_user`) VALUES ('PROTO', 'pro_inv_item_status_hist(del)', '2014-04-20 11:45:26', 'AJM', NULL, NULL);

REPLACE INTO `mnu_task` (`task_id`, `task_name`, `task_desc`, `button_text`, `task_type`, `script_id`, `is_disabled`, `pattern_id`, `subsys_id`, `initial_passthru`, `selection_fixed`, `selection_temp`, `settings`, `order_by`, `keep_data`, `log_sql_query`, `screen_refresh`, `use_https`, `max_execution_time`, `task_id_run_at_end`, `task_id_run_at_cancel`, `created_date`, `created_user`, `revised_date`, `revised_user`) VALUES ('pro_inv_item_status_hist(enq)', 'Enquire Inventory Item Status History', NULL, 'Read', 'PROC', 'inventory_item_status_hist.enq.php', 'N', 'ENQ1', 'PRODUCT', NULL, NULL, NULL, NULL, NULL, 'N', 'N', NULL, 'N', NULL, NULL, NULL, '2006-07-04 18:33:22', 'AJM', NULL, NULL);

REPLACE INTO `mnu_role_task` (`role_id`, `task_id`, `created_date`, `created_user`, `revised_date`, `revised_user`) VALUES ('DEMO', 'pro_inv_item_status_hist(enq)', '2015-11-03 10:06:58', 'AJM', NULL, NULL);
REPLACE INTO `mnu_role_task` (`role_id`, `task_id`, `created_date`, `created_user`, `revised_date`, `revised_user`) VALUES ('PRODUCT', 'pro_inv_item_status_hist(enq)', '2014-04-19 06:15:36', 'AJM', NULL, NULL);
REPLACE INTO `mnu_role_task` (`role_id`, `task_id`, `created_date`, `created_user`, `revised_date`, `revised_user`) VALUES ('PROTO', 'pro_inv_item_status_hist(enq)', '2014-04-20 11:45:26', 'AJM', NULL, NULL);

REPLACE INTO `mnu_task` (`task_id`, `task_name`, `task_desc`, `button_text`, `task_type`, `script_id`, `is_disabled`, `pattern_id`, `subsys_id`, `initial_passthru`, `selection_fixed`, `selection_temp`, `settings`, `order_by`, `keep_data`, `log_sql_query`, `screen_refresh`, `use_https`, `max_execution_time`, `task_id_run_at_end`, `task_id_run_at_cancel`, `created_date`, `created_user`, `revised_date`, `revised_user`) VALUES ('pro_inv_item_status_hist(list)2', 'List Inventory Item Status History', NULL, 'Status History', 'PROC', 'inventory_item_status_hist.list2.php', 'N', 'LIST2', 'PRODUCT', NULL, NULL, NULL, NULL, 'status_date desc', 'N', 'N', NULL, 'N', NULL, NULL, NULL, '2006-07-04 18:31:47', 'AJM', NULL, NULL);

REPLACE INTO `mnu_nav_button` (`task_id_snr`, `task_id_jnr`, `sort_seq`, `button_text`, `context_preselect`, `created_date`, `created_user`, `revised_date`, `revised_user`) VALUES ('pro_inv_item_status_hist(list)2', 'audit_dtl(list)3', '006', 'Audit Trail', 'Y', '2006-07-04 18:35:06', 'AJM', NULL, NULL);
REPLACE INTO `mnu_nav_button` (`task_id_snr`, `task_id_jnr`, `sort_seq`, `button_text`, `context_preselect`, `created_date`, `created_user`, `revised_date`, `revised_user`) VALUES ('pro_inv_item_status_hist(list)2', 'pro_inv_item_status_hist(add)', '001', 'New', 'N', '2006-07-04 18:34:54', 'AJM', NULL, NULL);
REPLACE INTO `mnu_nav_button` (`task_id_snr`, `task_id_jnr`, `sort_seq`, `button_text`, `context_preselect`, `created_date`, `created_user`, `revised_date`, `revised_user`) VALUES ('pro_inv_item_status_hist(list)2', 'pro_inv_item_status_hist(del)', '004', 'Delete', 'Y', '2006-07-04 18:34:54', 'AJM', '2006-07-04 18:35:33', 'AJM');
REPLACE INTO `mnu_nav_button` (`task_id_snr`, `task_id_jnr`, `sort_seq`, `button_text`, `context_preselect`, `created_date`, `created_user`, `revised_date`, `revised_user`) VALUES ('pro_inv_item_status_hist(list)2', 'pro_inv_item_status_hist(enq)', '002', 'Read', 'Y', '2006-07-04 18:34:54', 'AJM', '2006-07-04 18:35:33', 'AJM');
REPLACE INTO `mnu_nav_button` (`task_id_snr`, `task_id_jnr`, `sort_seq`, `button_text`, `context_preselect`, `created_date`, `created_user`, `revised_date`, `revised_user`) VALUES ('pro_inv_item_status_hist(list)2', 'pro_inv_item_status_hist(search)', '005', 'Search', 'N', '2006-07-04 18:34:54', 'AJM', '2006-07-04 18:35:33', 'AJM');
REPLACE INTO `mnu_nav_button` (`task_id_snr`, `task_id_jnr`, `sort_seq`, `button_text`, `context_preselect`, `created_date`, `created_user`, `revised_date`, `revised_user`) VALUES ('pro_inv_item_status_hist(list)2', 'pro_inv_item_status_hist(upd)', '003', 'Update', 'Y', '2006-07-04 18:34:54', 'AJM', '2006-07-04 18:35:33', 'AJM');

REPLACE INTO `mnu_role_task` (`role_id`, `task_id`, `created_date`, `created_user`, `revised_date`, `revised_user`) VALUES ('DEMO', 'pro_inv_item_status_hist(list)2', '2015-11-03 10:06:58', 'AJM', NULL, NULL);
REPLACE INTO `mnu_role_task` (`role_id`, `task_id`, `created_date`, `created_user`, `revised_date`, `revised_user`) VALUES ('PRODUCT', 'pro_inv_item_status_hist(list)2', '2014-04-19 06:15:37', 'AJM', NULL, NULL);
REPLACE INTO `mnu_role_task` (`role_id`, `task_id`, `created_date`, `created_user`, `revised_date`, `revised_user`) VALUES ('PROTO', 'pro_inv_item_status_hist(list)2', '2014-04-20 11:45:26', 'AJM', NULL, NULL);

REPLACE INTO `mnu_task` (`task_id`, `task_name`, `task_desc`, `button_text`, `task_type`, `script_id`, `is_disabled`, `pattern_id`, `subsys_id`, `initial_passthru`, `selection_fixed`, `selection_temp`, `settings`, `order_by`, `keep_data`, `log_sql_query`, `screen_refresh`, `use_https`, `max_execution_time`, `task_id_run_at_end`, `task_id_run_at_cancel`, `created_date`, `created_user`, `revised_date`, `revised_user`) VALUES ('pro_inv_item_status_hist(search)', 'Search Inventory Item Status History', NULL, 'Search', 'PROC', 'inventory_item_status_hist.search.php', 'N', 'SRCH', 'PRODUCT', NULL, NULL, NULL, NULL, NULL, 'N', 'N', NULL, 'N', NULL, NULL, NULL, '2006-07-04 18:33:49', 'AJM', NULL, NULL);

REPLACE INTO `mnu_role_task` (`role_id`, `task_id`, `created_date`, `created_user`, `revised_date`, `revised_user`) VALUES ('DEMO', 'pro_inv_item_status_hist(search)', '2015-11-03 10:06:58', 'AJM', NULL, NULL);
REPLACE INTO `mnu_role_task` (`role_id`, `task_id`, `created_date`, `created_user`, `revised_date`, `revised_user`) VALUES ('PRODUCT', 'pro_inv_item_status_hist(search)', '2014-04-19 06:15:37', 'AJM', NULL, NULL);
REPLACE INTO `mnu_role_task` (`role_id`, `task_id`, `created_date`, `created_user`, `revised_date`, `revised_user`) VALUES ('PROTO', 'pro_inv_item_status_hist(search)', '2014-04-20 11:45:27', 'AJM', NULL, NULL);

REPLACE INTO `mnu_task` (`task_id`, `task_name`, `task_desc`, `button_text`, `task_type`, `script_id`, `is_disabled`, `pattern_id`, `subsys_id`, `initial_passthru`, `selection_fixed`, `selection_temp`, `settings`, `order_by`, `keep_data`, `log_sql_query`, `screen_refresh`, `use_https`, `max_execution_time`, `task_id_run_at_end`, `task_id_run_at_cancel`, `created_date`, `created_user`, `revised_date`, `revised_user`) VALUES ('pro_inv_item_status_hist(upd)', 'Update Inventory Item Status History', NULL, 'Update', 'PROC', 'inventory_item_status_hist.upd.php', 'N', 'UPD1', 'PRODUCT', NULL, NULL, NULL, NULL, NULL, 'N', 'N', NULL, 'N', NULL, NULL, NULL, '2006-07-04 18:34:15', 'AJM', NULL, NULL);

REPLACE INTO `mnu_role_task` (`role_id`, `task_id`, `created_date`, `created_user`, `revised_date`, `revised_user`) VALUES ('DEMO', 'pro_inv_item_status_hist(upd)', '2015-11-03 10:06:59', 'AJM', NULL, NULL);
REPLACE INTO `mnu_role_task` (`role_id`, `task_id`, `created_date`, `created_user`, `revised_date`, `revised_user`) VALUES ('PRODUCT', 'pro_inv_item_status_hist(upd)', '2014-04-19 06:15:37', 'AJM', NULL, NULL);
REPLACE INTO `mnu_role_task` (`role_id`, `task_id`, `created_date`, `created_user`, `revised_date`, `revised_user`) VALUES ('PROTO', 'pro_inv_item_status_hist(upd)', '2014-04-20 11:45:27', 'AJM', NULL, NULL);

REPLACE INTO `mnu_task` (`task_id`, `task_name`, `task_desc`, `button_text`, `task_type`, `script_id`, `is_disabled`, `pattern_id`, `subsys_id`, `initial_passthru`, `selection_fixed`, `selection_temp`, `settings`, `order_by`, `keep_data`, `log_sql_query`, `screen_refresh`, `use_https`, `max_execution_time`, `task_id_run_at_end`, `task_id_run_at_cancel`, `created_date`, `created_user`, `revised_date`, `revised_user`) VALUES ('pro_inv_item_status(add)', 'Add Inventory Item Status', NULL, 'New', 'PROC', 'inventory_item_status.add.php', 'N', 'ADD1', 'PRODUCT', NULL, NULL, NULL, NULL, NULL, 'N', 'N', NULL, 'N', NULL, NULL, NULL, '2006-07-02 14:47:19', 'AJM', NULL, NULL);

REPLACE INTO `mnu_role_task` (`role_id`, `task_id`, `created_date`, `created_user`, `revised_date`, `revised_user`) VALUES ('DEMO', 'pro_inv_item_status(add)', '2015-11-03 10:06:59', 'AJM', NULL, NULL);
REPLACE INTO `mnu_role_task` (`role_id`, `task_id`, `created_date`, `created_user`, `revised_date`, `revised_user`) VALUES ('PRODUCT', 'pro_inv_item_status(add)', '2014-04-19 06:13:56', 'AJM', NULL, NULL);
REPLACE INTO `mnu_role_task` (`role_id`, `task_id`, `created_date`, `created_user`, `revised_date`, `revised_user`) VALUES ('PROTO', 'pro_inv_item_status(add)', '2014-04-20 11:45:27', 'AJM', NULL, NULL);

REPLACE INTO `mnu_task` (`task_id`, `task_name`, `task_desc`, `button_text`, `task_type`, `script_id`, `is_disabled`, `pattern_id`, `subsys_id`, `initial_passthru`, `selection_fixed`, `selection_temp`, `settings`, `order_by`, `keep_data`, `log_sql_query`, `screen_refresh`, `use_https`, `max_execution_time`, `task_id_run_at_end`, `task_id_run_at_cancel`, `created_date`, `created_user`, `revised_date`, `revised_user`) VALUES ('pro_inv_item_status(del)', 'Delete Inventory Item Status', NULL, 'Delete', 'PROC', 'inventory_item_status.del.php', 'N', 'DEL1', 'PRODUCT', NULL, NULL, NULL, NULL, NULL, 'N', 'N', NULL, 'N', NULL, NULL, NULL, '2006-07-02 14:47:47', 'AJM', NULL, NULL);

REPLACE INTO `mnu_role_task` (`role_id`, `task_id`, `created_date`, `created_user`, `revised_date`, `revised_user`) VALUES ('DEMO', 'pro_inv_item_status(del)', '2015-11-03 10:06:59', 'AJM', NULL, NULL);
REPLACE INTO `mnu_role_task` (`role_id`, `task_id`, `created_date`, `created_user`, `revised_date`, `revised_user`) VALUES ('PRODUCT', 'pro_inv_item_status(del)', '2014-04-19 06:13:56', 'AJM', NULL, NULL);
REPLACE INTO `mnu_role_task` (`role_id`, `task_id`, `created_date`, `created_user`, `revised_date`, `revised_user`) VALUES ('PROTO', 'pro_inv_item_status(del)', '2014-04-20 11:45:28', 'AJM', NULL, NULL);

REPLACE INTO `mnu_task` (`task_id`, `task_name`, `task_desc`, `button_text`, `task_type`, `script_id`, `is_disabled`, `pattern_id`, `subsys_id`, `initial_passthru`, `selection_fixed`, `selection_temp`, `settings`, `order_by`, `keep_data`, `log_sql_query`, `screen_refresh`, `use_https`, `max_execution_time`, `task_id_run_at_end`, `task_id_run_at_cancel`, `created_date`, `created_user`, `revised_date`, `revised_user`) VALUES ('pro_inv_item_status(enq)', 'Enquire Inventory Item Status', NULL, 'Read', 'PROC', 'inventory_item_status.enq.php', 'N', 'ENQ1', 'PRODUCT', NULL, NULL, NULL, NULL, NULL, 'N', 'N', NULL, 'N', NULL, NULL, NULL, '2006-07-02 14:48:16', 'AJM', '2006-07-02 23:51:51', 'AJM');

REPLACE INTO `mnu_role_task` (`role_id`, `task_id`, `created_date`, `created_user`, `revised_date`, `revised_user`) VALUES ('DEMO', 'pro_inv_item_status(enq)', '2015-11-03 10:06:59', 'AJM', NULL, NULL);
REPLACE INTO `mnu_role_task` (`role_id`, `task_id`, `created_date`, `created_user`, `revised_date`, `revised_user`) VALUES ('PRODUCT', 'pro_inv_item_status(enq)', '2014-04-19 06:13:56', 'AJM', NULL, NULL);
REPLACE INTO `mnu_role_task` (`role_id`, `task_id`, `created_date`, `created_user`, `revised_date`, `revised_user`) VALUES ('PROTO', 'pro_inv_item_status(enq)', '2014-04-20 11:45:28', 'AJM', NULL, NULL);

REPLACE INTO `mnu_task` (`task_id`, `task_name`, `task_desc`, `button_text`, `task_type`, `script_id`, `is_disabled`, `pattern_id`, `subsys_id`, `initial_passthru`, `selection_fixed`, `selection_temp`, `settings`, `order_by`, `keep_data`, `log_sql_query`, `screen_refresh`, `use_https`, `max_execution_time`, `task_id_run_at_end`, `task_id_run_at_cancel`, `created_date`, `created_user`, `revised_date`, `revised_user`) VALUES ('pro_inv_item_status(list)', 'List Inventory Item Status', NULL, 'Item Status', 'PROC', 'inventory_item_status.list.php', 'N', 'LIST1', 'PRODUCT', NULL, NULL, NULL, NULL, 'inv_item_status_desc', 'N', 'N', NULL, 'N', NULL, NULL, NULL, '2006-07-02 14:46:41', 'AJM', NULL, NULL);

REPLACE INTO `mnu_nav_button` (`task_id_snr`, `task_id_jnr`, `sort_seq`, `button_text`, `context_preselect`, `created_date`, `created_user`, `revised_date`, `revised_user`) VALUES ('pro_inv_item_status(list)', 'audit_dtl(list)3', '006', 'Audit Trail', 'Y', '2006-07-02 14:50:06', 'AJM', NULL, NULL);
REPLACE INTO `mnu_nav_button` (`task_id_snr`, `task_id_jnr`, `sort_seq`, `button_text`, `context_preselect`, `created_date`, `created_user`, `revised_date`, `revised_user`) VALUES ('pro_inv_item_status(list)', 'pro_inv_item_status(add)', '001', 'New', 'N', '2006-07-02 14:49:40', 'AJM', NULL, NULL);
REPLACE INTO `mnu_nav_button` (`task_id_snr`, `task_id_jnr`, `sort_seq`, `button_text`, `context_preselect`, `created_date`, `created_user`, `revised_date`, `revised_user`) VALUES ('pro_inv_item_status(list)', 'pro_inv_item_status(del)', '004', 'Delete', 'Y', '2006-07-02 14:49:40', 'AJM', '2006-07-02 23:52:06', 'AJM');
REPLACE INTO `mnu_nav_button` (`task_id_snr`, `task_id_jnr`, `sort_seq`, `button_text`, `context_preselect`, `created_date`, `created_user`, `revised_date`, `revised_user`) VALUES ('pro_inv_item_status(list)', 'pro_inv_item_status(enq)', '002', 'Read', 'Y', '2006-07-02 14:49:40', 'AJM', '2006-07-02 23:52:23', 'AJM');
REPLACE INTO `mnu_nav_button` (`task_id_snr`, `task_id_jnr`, `sort_seq`, `button_text`, `context_preselect`, `created_date`, `created_user`, `revised_date`, `revised_user`) VALUES ('pro_inv_item_status(list)', 'pro_inv_item_status(search)', '005', 'Search', 'N', '2006-07-02 14:49:59', 'AJM', '2006-07-02 14:50:21', 'AJM');
REPLACE INTO `mnu_nav_button` (`task_id_snr`, `task_id_jnr`, `sort_seq`, `button_text`, `context_preselect`, `created_date`, `created_user`, `revised_date`, `revised_user`) VALUES ('pro_inv_item_status(list)', 'pro_inv_item_status(upd)', '003', 'Update', 'Y', '2006-07-02 14:49:59', 'AJM', '2006-07-02 23:52:06', 'AJM');

REPLACE INTO `mnu_role_task` (`role_id`, `task_id`, `created_date`, `created_user`, `revised_date`, `revised_user`) VALUES ('DEMO', 'pro_inv_item_status(list)', '2015-11-03 10:06:59', 'AJM', NULL, NULL);
REPLACE INTO `mnu_role_task` (`role_id`, `task_id`, `created_date`, `created_user`, `revised_date`, `revised_user`) VALUES ('PRODUCT', 'pro_inv_item_status(list)', '2014-04-19 06:15:34', 'AJM', NULL, NULL);
REPLACE INTO `mnu_role_task` (`role_id`, `task_id`, `created_date`, `created_user`, `revised_date`, `revised_user`) VALUES ('PROTO', 'pro_inv_item_status(list)', '2014-04-20 11:45:35', 'AJM', NULL, NULL);

REPLACE INTO `mnu_task` (`task_id`, `task_name`, `task_desc`, `button_text`, `task_type`, `script_id`, `is_disabled`, `pattern_id`, `subsys_id`, `initial_passthru`, `selection_fixed`, `selection_temp`, `settings`, `order_by`, `keep_data`, `log_sql_query`, `screen_refresh`, `use_https`, `max_execution_time`, `task_id_run_at_end`, `task_id_run_at_cancel`, `created_date`, `created_user`, `revised_date`, `revised_user`) VALUES ('pro_inv_item_status(search)', 'Search Inventory Item Status', NULL, 'Search', 'PROC', 'inventory_item_status.search.php', 'N', 'SRCH', 'PRODUCT', NULL, NULL, NULL, NULL, NULL, 'N', 'N', NULL, 'N', NULL, NULL, NULL, '2006-07-02 14:48:44', 'AJM', NULL, NULL);

REPLACE INTO `mnu_role_task` (`role_id`, `task_id`, `created_date`, `created_user`, `revised_date`, `revised_user`) VALUES ('DEMO', 'pro_inv_item_status(search)', '2015-11-03 10:06:59', 'AJM', NULL, NULL);
REPLACE INTO `mnu_role_task` (`role_id`, `task_id`, `created_date`, `created_user`, `revised_date`, `revised_user`) VALUES ('PRODUCT', 'pro_inv_item_status(search)', '2014-04-19 06:15:35', 'AJM', NULL, NULL);
REPLACE INTO `mnu_role_task` (`role_id`, `task_id`, `created_date`, `created_user`, `revised_date`, `revised_user`) VALUES ('PROTO', 'pro_inv_item_status(search)', '2014-04-20 11:45:36', 'AJM', NULL, NULL);

REPLACE INTO `mnu_task` (`task_id`, `task_name`, `task_desc`, `button_text`, `task_type`, `script_id`, `is_disabled`, `pattern_id`, `subsys_id`, `initial_passthru`, `selection_fixed`, `selection_temp`, `settings`, `order_by`, `keep_data`, `log_sql_query`, `screen_refresh`, `use_https`, `max_execution_time`, `task_id_run_at_end`, `task_id_run_at_cancel`, `created_date`, `created_user`, `revised_date`, `revised_user`) VALUES ('pro_inv_item_status(upd)', 'Update Inventory Item Status', NULL, 'Update', 'PROC', 'inventory_item_status.upd.php', 'N', 'UPD1', 'PRODUCT', NULL, NULL, NULL, NULL, NULL, 'N', 'N', NULL, 'N', NULL, NULL, NULL, '2006-07-02 14:49:11', 'AJM', NULL, NULL);

REPLACE INTO `mnu_role_task` (`role_id`, `task_id`, `created_date`, `created_user`, `revised_date`, `revised_user`) VALUES ('DEMO', 'pro_inv_item_status(upd)', '2015-11-03 10:06:59', 'AJM', NULL, NULL);
REPLACE INTO `mnu_role_task` (`role_id`, `task_id`, `created_date`, `created_user`, `revised_date`, `revised_user`) VALUES ('PRODUCT', 'pro_inv_item_status(upd)', '2014-04-19 06:15:35', 'AJM', NULL, NULL);
REPLACE INTO `mnu_role_task` (`role_id`, `task_id`, `created_date`, `created_user`, `revised_date`, `revised_user`) VALUES ('PROTO', 'pro_inv_item_status(upd)', '2014-04-20 11:45:36', 'AJM', NULL, NULL);

REPLACE INTO `mnu_task` (`task_id`, `task_name`, `task_desc`, `button_text`, `task_type`, `script_id`, `is_disabled`, `pattern_id`, `subsys_id`, `initial_passthru`, `selection_fixed`, `selection_temp`, `settings`, `order_by`, `keep_data`, `log_sql_query`, `screen_refresh`, `use_https`, `max_execution_time`, `task_id_run_at_end`, `task_id_run_at_cancel`, `created_date`, `created_user`, `revised_date`, `revised_user`) VALUES ('pro_inv_item_variance(add)', 'Add Inventory Item Variance', NULL, 'New', 'PROC', 'inventory_item_variance.add.php', 'N', 'ADD1', 'PRODUCT', NULL, NULL, NULL, NULL, NULL, 'N', 'N', NULL, 'N', NULL, NULL, NULL, '2006-07-06 17:52:15', 'AJM', NULL, NULL);

REPLACE INTO `mnu_role_task` (`role_id`, `task_id`, `created_date`, `created_user`, `revised_date`, `revised_user`) VALUES ('DEMO', 'pro_inv_item_variance(add)', '2015-11-03 10:07:03', 'AJM', NULL, NULL);
REPLACE INTO `mnu_role_task` (`role_id`, `task_id`, `created_date`, `created_user`, `revised_date`, `revised_user`) VALUES ('PRODUCT', 'pro_inv_item_variance(add)', '2014-04-19 06:15:38', 'AJM', NULL, NULL);
REPLACE INTO `mnu_role_task` (`role_id`, `task_id`, `created_date`, `created_user`, `revised_date`, `revised_user`) VALUES ('PROTO', 'pro_inv_item_variance(add)', '2014-04-20 11:45:36', 'AJM', NULL, NULL);

REPLACE INTO `mnu_task` (`task_id`, `task_name`, `task_desc`, `button_text`, `task_type`, `script_id`, `is_disabled`, `pattern_id`, `subsys_id`, `initial_passthru`, `selection_fixed`, `selection_temp`, `settings`, `order_by`, `keep_data`, `log_sql_query`, `screen_refresh`, `use_https`, `max_execution_time`, `task_id_run_at_end`, `task_id_run_at_cancel`, `created_date`, `created_user`, `revised_date`, `revised_user`) VALUES ('pro_inv_item_variance(del)', 'Delete Inventory Item Variance', NULL, 'Delete', 'PROC', 'inventory_item_variance.del.php', 'N', 'DEL1', 'PRODUCT', NULL, NULL, NULL, NULL, NULL, 'N', 'N', NULL, 'N', NULL, NULL, NULL, '2006-07-06 17:53:00', 'AJM', NULL, NULL);

REPLACE INTO `mnu_role_task` (`role_id`, `task_id`, `created_date`, `created_user`, `revised_date`, `revised_user`) VALUES ('DEMO', 'pro_inv_item_variance(del)', '2015-11-03 10:07:04', 'AJM', NULL, NULL);
REPLACE INTO `mnu_role_task` (`role_id`, `task_id`, `created_date`, `created_user`, `revised_date`, `revised_user`) VALUES ('PRODUCT', 'pro_inv_item_variance(del)', '2014-04-19 06:14:04', 'AJM', NULL, NULL);
REPLACE INTO `mnu_role_task` (`role_id`, `task_id`, `created_date`, `created_user`, `revised_date`, `revised_user`) VALUES ('PROTO', 'pro_inv_item_variance(del)', '2014-04-20 11:45:37', 'AJM', NULL, NULL);

REPLACE INTO `mnu_task` (`task_id`, `task_name`, `task_desc`, `button_text`, `task_type`, `script_id`, `is_disabled`, `pattern_id`, `subsys_id`, `initial_passthru`, `selection_fixed`, `selection_temp`, `settings`, `order_by`, `keep_data`, `log_sql_query`, `screen_refresh`, `use_https`, `max_execution_time`, `task_id_run_at_end`, `task_id_run_at_cancel`, `created_date`, `created_user`, `revised_date`, `revised_user`) VALUES ('pro_inv_item_variance(enq)', 'Enquire Inventory Item Variance', NULL, 'Read', 'PROC', 'inventory_item_variance.enq.php', 'N', 'ENQ1', 'PRODUCT', NULL, NULL, NULL, NULL, NULL, 'N', 'N', NULL, 'N', NULL, NULL, NULL, '2006-07-06 17:53:30', 'AJM', NULL, NULL);

REPLACE INTO `mnu_role_task` (`role_id`, `task_id`, `created_date`, `created_user`, `revised_date`, `revised_user`) VALUES ('DEMO', 'pro_inv_item_variance(enq)', '2015-11-03 10:07:04', 'AJM', NULL, NULL);
REPLACE INTO `mnu_role_task` (`role_id`, `task_id`, `created_date`, `created_user`, `revised_date`, `revised_user`) VALUES ('PRODUCT', 'pro_inv_item_variance(enq)', '2014-04-19 06:14:04', 'AJM', NULL, NULL);
REPLACE INTO `mnu_role_task` (`role_id`, `task_id`, `created_date`, `created_user`, `revised_date`, `revised_user`) VALUES ('PROTO', 'pro_inv_item_variance(enq)', '2014-04-20 11:45:37', 'AJM', NULL, NULL);

REPLACE INTO `mnu_task` (`task_id`, `task_name`, `task_desc`, `button_text`, `task_type`, `script_id`, `is_disabled`, `pattern_id`, `subsys_id`, `initial_passthru`, `selection_fixed`, `selection_temp`, `settings`, `order_by`, `keep_data`, `log_sql_query`, `screen_refresh`, `use_https`, `max_execution_time`, `task_id_run_at_end`, `task_id_run_at_cancel`, `created_date`, `created_user`, `revised_date`, `revised_user`) VALUES ('pro_inv_item_variance(list)2', 'List Inventory Item Variance', NULL, 'Variance', 'PROC', 'inventory_item_variance.list2.php', 'N', 'LIST2', 'PRODUCT', NULL, NULL, NULL, NULL, 'inventory_date desc', 'N', 'N', NULL, 'N', NULL, NULL, NULL, '2006-07-06 17:51:39', 'AJM', NULL, NULL);

REPLACE INTO `mnu_nav_button` (`task_id_snr`, `task_id_jnr`, `sort_seq`, `button_text`, `context_preselect`, `created_date`, `created_user`, `revised_date`, `revised_user`) VALUES ('pro_inv_item_variance(list)2', 'audit_dtl(list)3', '006', 'Audit Trail', 'Y', '2006-07-06 17:55:29', 'AJM', NULL, NULL);
REPLACE INTO `mnu_nav_button` (`task_id_snr`, `task_id_jnr`, `sort_seq`, `button_text`, `context_preselect`, `created_date`, `created_user`, `revised_date`, `revised_user`) VALUES ('pro_inv_item_variance(list)2', 'pro_inv_item_variance(add)', '001', 'New', 'N', '2006-07-06 17:55:05', 'AJM', NULL, NULL);
REPLACE INTO `mnu_nav_button` (`task_id_snr`, `task_id_jnr`, `sort_seq`, `button_text`, `context_preselect`, `created_date`, `created_user`, `revised_date`, `revised_user`) VALUES ('pro_inv_item_variance(list)2', 'pro_inv_item_variance(del)', '004', 'Delete', 'Y', '2006-07-06 17:55:05', 'AJM', '2006-07-06 17:55:48', 'AJM');
REPLACE INTO `mnu_nav_button` (`task_id_snr`, `task_id_jnr`, `sort_seq`, `button_text`, `context_preselect`, `created_date`, `created_user`, `revised_date`, `revised_user`) VALUES ('pro_inv_item_variance(list)2', 'pro_inv_item_variance(enq)', '002', 'Read', 'Y', '2006-07-06 17:55:18', 'AJM', '2006-07-06 17:55:48', 'AJM');
REPLACE INTO `mnu_nav_button` (`task_id_snr`, `task_id_jnr`, `sort_seq`, `button_text`, `context_preselect`, `created_date`, `created_user`, `revised_date`, `revised_user`) VALUES ('pro_inv_item_variance(list)2', 'pro_inv_item_variance(search)', '005', 'Search', 'N', '2006-07-06 17:55:18', 'AJM', '2006-07-06 17:55:48', 'AJM');
REPLACE INTO `mnu_nav_button` (`task_id_snr`, `task_id_jnr`, `sort_seq`, `button_text`, `context_preselect`, `created_date`, `created_user`, `revised_date`, `revised_user`) VALUES ('pro_inv_item_variance(list)2', 'pro_inv_item_variance(upd)', '003', 'Update', 'Y', '2006-07-06 17:55:18', 'AJM', '2006-07-06 17:55:48', 'AJM');

REPLACE INTO `mnu_role_task` (`role_id`, `task_id`, `created_date`, `created_user`, `revised_date`, `revised_user`) VALUES ('DEMO', 'pro_inv_item_variance(list)2', '2015-11-03 10:07:04', 'AJM', NULL, NULL);
REPLACE INTO `mnu_role_task` (`role_id`, `task_id`, `created_date`, `created_user`, `revised_date`, `revised_user`) VALUES ('PRODUCT', 'pro_inv_item_variance(list)2', '2014-04-19 06:14:05', 'AJM', NULL, NULL);
REPLACE INTO `mnu_role_task` (`role_id`, `task_id`, `created_date`, `created_user`, `revised_date`, `revised_user`) VALUES ('PROTO', 'pro_inv_item_variance(list)2', '2014-04-20 11:45:37', 'AJM', NULL, NULL);

REPLACE INTO `mnu_task` (`task_id`, `task_name`, `task_desc`, `button_text`, `task_type`, `script_id`, `is_disabled`, `pattern_id`, `subsys_id`, `initial_passthru`, `selection_fixed`, `selection_temp`, `settings`, `order_by`, `keep_data`, `log_sql_query`, `screen_refresh`, `use_https`, `max_execution_time`, `task_id_run_at_end`, `task_id_run_at_cancel`, `created_date`, `created_user`, `revised_date`, `revised_user`) VALUES ('pro_inv_item_variance(search)', 'Search Inventory Item Variance', NULL, 'Search', 'PROC', 'inventory_item_variance.search.php', 'N', 'SRCH', 'PRODUCT', NULL, NULL, NULL, NULL, NULL, 'N', 'N', NULL, 'N', NULL, NULL, NULL, '2006-07-06 17:53:59', 'AJM', NULL, NULL);

REPLACE INTO `mnu_role_task` (`role_id`, `task_id`, `created_date`, `created_user`, `revised_date`, `revised_user`) VALUES ('DEMO', 'pro_inv_item_variance(search)', '2015-11-03 10:07:04', 'AJM', NULL, NULL);
REPLACE INTO `mnu_role_task` (`role_id`, `task_id`, `created_date`, `created_user`, `revised_date`, `revised_user`) VALUES ('PRODUCT', 'pro_inv_item_variance(search)', '2014-04-19 06:14:05', 'AJM', NULL, NULL);
REPLACE INTO `mnu_role_task` (`role_id`, `task_id`, `created_date`, `created_user`, `revised_date`, `revised_user`) VALUES ('PROTO', 'pro_inv_item_variance(search)', '2014-04-20 11:45:38', 'AJM', NULL, NULL);

REPLACE INTO `mnu_task` (`task_id`, `task_name`, `task_desc`, `button_text`, `task_type`, `script_id`, `is_disabled`, `pattern_id`, `subsys_id`, `initial_passthru`, `selection_fixed`, `selection_temp`, `settings`, `order_by`, `keep_data`, `log_sql_query`, `screen_refresh`, `use_https`, `max_execution_time`, `task_id_run_at_end`, `task_id_run_at_cancel`, `created_date`, `created_user`, `revised_date`, `revised_user`) VALUES ('pro_inv_item_variance(upd)', 'Update Inventory Item Variance', NULL, 'Update', 'PROC', 'inventory_item_variance.upd.php', 'N', 'UPD1', 'PRODUCT', NULL, NULL, NULL, NULL, NULL, 'N', 'N', NULL, 'N', NULL, NULL, NULL, '2006-07-06 17:54:27', 'AJM', NULL, NULL);

REPLACE INTO `mnu_role_task` (`role_id`, `task_id`, `created_date`, `created_user`, `revised_date`, `revised_user`) VALUES ('DEMO', 'pro_inv_item_variance(upd)', '2015-11-03 10:07:04', 'AJM', NULL, NULL);
REPLACE INTO `mnu_role_task` (`role_id`, `task_id`, `created_date`, `created_user`, `revised_date`, `revised_user`) VALUES ('PRODUCT', 'pro_inv_item_variance(upd)', '2014-04-19 06:14:06', 'AJM', NULL, NULL);
REPLACE INTO `mnu_role_task` (`role_id`, `task_id`, `created_date`, `created_user`, `revised_date`, `revised_user`) VALUES ('PROTO', 'pro_inv_item_variance(upd)', '2014-04-20 11:45:38', 'AJM', NULL, NULL);

REPLACE INTO `mnu_task` (`task_id`, `task_name`, `task_desc`, `button_text`, `task_type`, `script_id`, `is_disabled`, `pattern_id`, `subsys_id`, `initial_passthru`, `selection_fixed`, `selection_temp`, `settings`, `order_by`, `keep_data`, `log_sql_query`, `screen_refresh`, `use_https`, `max_execution_time`, `task_id_run_at_end`, `task_id_run_at_cancel`, `created_date`, `created_user`, `revised_date`, `revised_user`) VALUES ('pro_inv_item(add)', 'Add Inventory Item', NULL, 'New', 'PROC', 'inventory_item.add.php', 'N', 'ADD1', 'PRODUCT', NULL, NULL, NULL, NULL, NULL, 'N', 'N', NULL, 'N', NULL, NULL, NULL, '2006-07-03 10:22:43', 'AJM', NULL, NULL);

REPLACE INTO `mnu_role_task` (`role_id`, `task_id`, `created_date`, `created_user`, `revised_date`, `revised_user`) VALUES ('DEMO', 'pro_inv_item(add)', '2015-11-03 10:07:04', 'AJM', NULL, NULL);
REPLACE INTO `mnu_role_task` (`role_id`, `task_id`, `created_date`, `created_user`, `revised_date`, `revised_user`) VALUES ('PRODUCT', 'pro_inv_item(add)', '2014-04-19 06:16:33', 'AJM', NULL, NULL);
REPLACE INTO `mnu_role_task` (`role_id`, `task_id`, `created_date`, `created_user`, `revised_date`, `revised_user`) VALUES ('PROTO', 'pro_inv_item(add)', '2014-04-20 11:45:39', 'AJM', NULL, NULL);

REPLACE INTO `mnu_task` (`task_id`, `task_name`, `task_desc`, `button_text`, `task_type`, `script_id`, `is_disabled`, `pattern_id`, `subsys_id`, `initial_passthru`, `selection_fixed`, `selection_temp`, `settings`, `order_by`, `keep_data`, `log_sql_query`, `screen_refresh`, `use_https`, `max_execution_time`, `task_id_run_at_end`, `task_id_run_at_cancel`, `created_date`, `created_user`, `revised_date`, `revised_user`) VALUES ('pro_inv_item(del)', 'Delete Inventory Item', NULL, 'Delete', 'PROC', 'inventory_item.del.php', 'N', 'DEL1', 'PRODUCT', NULL, NULL, NULL, NULL, NULL, 'N', 'N', NULL, 'N', NULL, NULL, NULL, '2006-07-03 10:23:13', 'AJM', NULL, NULL);

REPLACE INTO `mnu_role_task` (`role_id`, `task_id`, `created_date`, `created_user`, `revised_date`, `revised_user`) VALUES ('DEMO', 'pro_inv_item(del)', '2015-11-03 10:07:04', 'AJM', NULL, NULL);
REPLACE INTO `mnu_role_task` (`role_id`, `task_id`, `created_date`, `created_user`, `revised_date`, `revised_user`) VALUES ('PRODUCT', 'pro_inv_item(del)', '2014-04-19 06:13:53', 'AJM', NULL, NULL);
REPLACE INTO `mnu_role_task` (`role_id`, `task_id`, `created_date`, `created_user`, `revised_date`, `revised_user`) VALUES ('PROTO', 'pro_inv_item(del)', '2014-04-20 11:45:57', 'AJM', NULL, NULL);

REPLACE INTO `mnu_task` (`task_id`, `task_name`, `task_desc`, `button_text`, `task_type`, `script_id`, `is_disabled`, `pattern_id`, `subsys_id`, `initial_passthru`, `selection_fixed`, `selection_temp`, `settings`, `order_by`, `keep_data`, `log_sql_query`, `screen_refresh`, `use_https`, `max_execution_time`, `task_id_run_at_end`, `task_id_run_at_cancel`, `created_date`, `created_user`, `revised_date`, `revised_user`) VALUES ('pro_inv_item(enq)', 'Enquire Inventory Item', NULL, 'Read', 'PROC', 'inventory_item.enq.php', 'N', 'ENQ1', 'PRODUCT', NULL, NULL, NULL, NULL, NULL, 'N', 'N', NULL, 'N', NULL, NULL, NULL, '2006-07-03 10:23:43', 'AJM', NULL, NULL);

REPLACE INTO `mnu_role_task` (`role_id`, `task_id`, `created_date`, `created_user`, `revised_date`, `revised_user`) VALUES ('DEMO', 'pro_inv_item(enq)', '2015-11-03 10:07:04', 'AJM', NULL, NULL);
REPLACE INTO `mnu_role_task` (`role_id`, `task_id`, `created_date`, `created_user`, `revised_date`, `revised_user`) VALUES ('PRODUCT', 'pro_inv_item(enq)', '2014-04-19 06:13:54', 'AJM', NULL, NULL);
REPLACE INTO `mnu_role_task` (`role_id`, `task_id`, `created_date`, `created_user`, `revised_date`, `revised_user`) VALUES ('PROTO', 'pro_inv_item(enq)', '2014-04-20 11:45:57', 'AJM', NULL, NULL);

REPLACE INTO `mnu_task` (`task_id`, `task_name`, `task_desc`, `button_text`, `task_type`, `script_id`, `is_disabled`, `pattern_id`, `subsys_id`, `initial_passthru`, `selection_fixed`, `selection_temp`, `settings`, `order_by`, `keep_data`, `log_sql_query`, `screen_refresh`, `use_https`, `max_execution_time`, `task_id_run_at_end`, `task_id_run_at_cancel`, `created_date`, `created_user`, `revised_date`, `revised_user`) VALUES ('pro_inv_item(list)', 'List Inventory Item', NULL, 'Inventory', 'PROC', 'inventory_item.list.php', 'N', 'LIST1', 'PRODUCT', NULL, NULL, NULL, NULL, 'product_id, inventory_item_id', 'Y', 'N', NULL, 'N', NULL, NULL, NULL, '2006-07-03 10:21:57', 'AJM', '2006-07-09 19:40:05', 'AJM');

REPLACE INTO `mnu_nav_button` (`task_id_snr`, `task_id_jnr`, `sort_seq`, `button_text`, `context_preselect`, `created_date`, `created_user`, `revised_date`, `revised_user`) VALUES ('pro_inv_item(list)', 'audit_dtl(list)3', '008', 'Audit Trail', 'Y', '2006-07-03 10:25:29', 'AJM', '2006-07-06 17:56:57', 'AJM');
REPLACE INTO `mnu_nav_button` (`task_id_snr`, `task_id_jnr`, `sort_seq`, `button_text`, `context_preselect`, `created_date`, `created_user`, `revised_date`, `revised_user`) VALUES ('pro_inv_item(list)', 'pro_inv_item_status_hist(list)2', '006', 'Status History', 'Y', '2006-07-04 18:36:31', 'AJM', '2006-07-04 18:36:41', 'AJM');
REPLACE INTO `mnu_nav_button` (`task_id_snr`, `task_id_jnr`, `sort_seq`, `button_text`, `context_preselect`, `created_date`, `created_user`, `revised_date`, `revised_user`) VALUES ('pro_inv_item(list)', 'pro_inv_item_variance(list)2', '007', 'Variance', 'Y', '2006-07-06 17:56:46', 'AJM', '2006-07-06 17:56:57', 'AJM');
REPLACE INTO `mnu_nav_button` (`task_id_snr`, `task_id_jnr`, `sort_seq`, `button_text`, `context_preselect`, `created_date`, `created_user`, `revised_date`, `revised_user`) VALUES ('pro_inv_item(list)', 'pro_inv_item(add)', '001', 'New', 'N', '2006-07-03 10:25:00', 'AJM', NULL, NULL);
REPLACE INTO `mnu_nav_button` (`task_id_snr`, `task_id_jnr`, `sort_seq`, `button_text`, `context_preselect`, `created_date`, `created_user`, `revised_date`, `revised_user`) VALUES ('pro_inv_item(list)', 'pro_inv_item(del)', '004', 'Delete', 'Y', '2006-07-03 10:25:00', 'AJM', '2006-07-04 18:00:31', 'AJM');
REPLACE INTO `mnu_nav_button` (`task_id_snr`, `task_id_jnr`, `sort_seq`, `button_text`, `context_preselect`, `created_date`, `created_user`, `revised_date`, `revised_user`) VALUES ('pro_inv_item(list)', 'pro_inv_item(enq)', '002', 'Read', 'Y', '2006-07-03 10:25:00', 'AJM', '2006-07-03 10:26:05', 'AJM');
REPLACE INTO `mnu_nav_button` (`task_id_snr`, `task_id_jnr`, `sort_seq`, `button_text`, `context_preselect`, `created_date`, `created_user`, `revised_date`, `revised_user`) VALUES ('pro_inv_item(list)', 'pro_inv_item(search)', '005', 'Search', 'N', '2006-07-03 10:25:21', 'AJM', '2006-07-03 10:26:05', 'AJM');
REPLACE INTO `mnu_nav_button` (`task_id_snr`, `task_id_jnr`, `sort_seq`, `button_text`, `context_preselect`, `created_date`, `created_user`, `revised_date`, `revised_user`) VALUES ('pro_inv_item(list)', 'pro_inv_item(upd)', '003', 'Update', 'Y', '2006-07-03 10:25:22', 'AJM', '2006-07-04 18:00:32', 'AJM');

REPLACE INTO `mnu_role_task` (`role_id`, `task_id`, `created_date`, `created_user`, `revised_date`, `revised_user`) VALUES ('DEMO', 'pro_inv_item(list)', '2015-11-03 10:07:04', 'AJM', NULL, NULL);
REPLACE INTO `mnu_role_task` (`role_id`, `task_id`, `created_date`, `created_user`, `revised_date`, `revised_user`) VALUES ('PRODUCT', 'pro_inv_item(list)', '2014-04-19 06:13:54', 'AJM', NULL, NULL);
REPLACE INTO `mnu_role_task` (`role_id`, `task_id`, `created_date`, `created_user`, `revised_date`, `revised_user`) VALUES ('PROTO', 'pro_inv_item(list)', '2014-04-20 11:45:58', 'AJM', NULL, NULL);

REPLACE INTO `mnu_task` (`task_id`, `task_name`, `task_desc`, `button_text`, `task_type`, `script_id`, `is_disabled`, `pattern_id`, `subsys_id`, `initial_passthru`, `selection_fixed`, `selection_temp`, `settings`, `order_by`, `keep_data`, `log_sql_query`, `screen_refresh`, `use_https`, `max_execution_time`, `task_id_run_at_end`, `task_id_run_at_cancel`, `created_date`, `created_user`, `revised_date`, `revised_user`) VALUES ('pro_inv_item(list)2', 'List Inventory Item by Product', NULL, 'Inventory', 'PROC', 'inventory_item.list2.php', 'N', 'LIST2', 'PRODUCT', NULL, NULL, NULL, NULL, 'product_id, inventory_item_id', 'N', 'N', NULL, 'N', NULL, NULL, NULL, '2006-07-03 16:51:31', 'AJM', '2006-07-09 19:40:11', 'AJM');

REPLACE INTO `mnu_nav_button` (`task_id_snr`, `task_id_jnr`, `sort_seq`, `button_text`, `context_preselect`, `created_date`, `created_user`, `revised_date`, `revised_user`) VALUES ('pro_inv_item(list)2', 'audit_dtl(list)3', '006', 'Audit Trail', 'Y', '2006-07-03 17:08:50', 'AJM', NULL, NULL);
REPLACE INTO `mnu_nav_button` (`task_id_snr`, `task_id_jnr`, `sort_seq`, `button_text`, `context_preselect`, `created_date`, `created_user`, `revised_date`, `revised_user`) VALUES ('pro_inv_item(list)2', 'pro_inv_item(add)', '001', 'New', 'N', '2006-07-03 17:07:56', 'AJM', NULL, NULL);
REPLACE INTO `mnu_nav_button` (`task_id_snr`, `task_id_jnr`, `sort_seq`, `button_text`, `context_preselect`, `created_date`, `created_user`, `revised_date`, `revised_user`) VALUES ('pro_inv_item(list)2', 'pro_inv_item(del)', '004', 'Delete', 'Y', '2006-07-03 17:07:56', 'AJM', '2006-07-04 18:01:10', 'AJM');
REPLACE INTO `mnu_nav_button` (`task_id_snr`, `task_id_jnr`, `sort_seq`, `button_text`, `context_preselect`, `created_date`, `created_user`, `revised_date`, `revised_user`) VALUES ('pro_inv_item(list)2', 'pro_inv_item(enq)', '002', 'Read', 'Y', '2006-07-03 17:08:42', 'AJM', '2006-07-03 17:09:06', 'AJM');
REPLACE INTO `mnu_nav_button` (`task_id_snr`, `task_id_jnr`, `sort_seq`, `button_text`, `context_preselect`, `created_date`, `created_user`, `revised_date`, `revised_user`) VALUES ('pro_inv_item(list)2', 'pro_inv_item(search)', '005', 'Search', 'N', '2006-07-03 17:08:42', 'AJM', '2006-07-03 17:09:06', 'AJM');
REPLACE INTO `mnu_nav_button` (`task_id_snr`, `task_id_jnr`, `sort_seq`, `button_text`, `context_preselect`, `created_date`, `created_user`, `revised_date`, `revised_user`) VALUES ('pro_inv_item(list)2', 'pro_inv_item(upd)', '003', 'Update', 'Y', '2006-07-03 17:08:42', 'AJM', '2006-07-04 18:01:10', 'AJM');

REPLACE INTO `mnu_role_task` (`role_id`, `task_id`, `created_date`, `created_user`, `revised_date`, `revised_user`) VALUES ('DEMO', 'pro_inv_item(list)2', '2015-11-03 10:07:08', 'AJM', NULL, NULL);
REPLACE INTO `mnu_role_task` (`role_id`, `task_id`, `created_date`, `created_user`, `revised_date`, `revised_user`) VALUES ('PRODUCT', 'pro_inv_item(list)2', '2014-04-19 06:13:54', 'AJM', NULL, NULL);
REPLACE INTO `mnu_role_task` (`role_id`, `task_id`, `created_date`, `created_user`, `revised_date`, `revised_user`) VALUES ('PROTO', 'pro_inv_item(list)2', '2014-04-20 11:45:58', 'AJM', NULL, NULL);

REPLACE INTO `mnu_task` (`task_id`, `task_name`, `task_desc`, `button_text`, `task_type`, `script_id`, `is_disabled`, `pattern_id`, `subsys_id`, `initial_passthru`, `selection_fixed`, `selection_temp`, `settings`, `order_by`, `keep_data`, `log_sql_query`, `screen_refresh`, `use_https`, `max_execution_time`, `task_id_run_at_end`, `task_id_run_at_cancel`, `created_date`, `created_user`, `revised_date`, `revised_user`) VALUES ('pro_inv_item(list)3', 'List Inventory Item by Facility', NULL, 'Inventory', 'PROC', 'inventory_item.list3.php', 'N', 'LIST2', 'PRODUCT', NULL, NULL, NULL, NULL, 'product_id, inventory_item_id', 'N', 'N', NULL, 'N', NULL, NULL, NULL, '2006-07-04 16:31:02', 'AJM', '2006-07-09 19:40:17', 'AJM');

REPLACE INTO `mnu_nav_button` (`task_id_snr`, `task_id_jnr`, `sort_seq`, `button_text`, `context_preselect`, `created_date`, `created_user`, `revised_date`, `revised_user`) VALUES ('pro_inv_item(list)3', 'audit_dtl(list)3', '006', 'Audit Trail', 'Y', '2006-07-04 16:47:28', 'AJM', NULL, NULL);
REPLACE INTO `mnu_nav_button` (`task_id_snr`, `task_id_jnr`, `sort_seq`, `button_text`, `context_preselect`, `created_date`, `created_user`, `revised_date`, `revised_user`) VALUES ('pro_inv_item(list)3', 'pro_inv_item(add)', '001', 'New', 'N', '2006-07-04 16:47:02', 'AJM', NULL, NULL);
REPLACE INTO `mnu_nav_button` (`task_id_snr`, `task_id_jnr`, `sort_seq`, `button_text`, `context_preselect`, `created_date`, `created_user`, `revised_date`, `revised_user`) VALUES ('pro_inv_item(list)3', 'pro_inv_item(del)', '004', 'Delete', 'Y', '2006-07-04 16:47:02', 'AJM', '2006-07-04 18:00:05', 'AJM');
REPLACE INTO `mnu_nav_button` (`task_id_snr`, `task_id_jnr`, `sort_seq`, `button_text`, `context_preselect`, `created_date`, `created_user`, `revised_date`, `revised_user`) VALUES ('pro_inv_item(list)3', 'pro_inv_item(enq)', '002', 'Read', 'Y', '2006-07-04 16:47:17', 'AJM', '2006-07-04 16:47:44', 'AJM');
REPLACE INTO `mnu_nav_button` (`task_id_snr`, `task_id_jnr`, `sort_seq`, `button_text`, `context_preselect`, `created_date`, `created_user`, `revised_date`, `revised_user`) VALUES ('pro_inv_item(list)3', 'pro_inv_item(search)', '005', 'Search', 'N', '2006-07-04 16:47:17', 'AJM', '2006-07-04 16:47:44', 'AJM');
REPLACE INTO `mnu_nav_button` (`task_id_snr`, `task_id_jnr`, `sort_seq`, `button_text`, `context_preselect`, `created_date`, `created_user`, `revised_date`, `revised_user`) VALUES ('pro_inv_item(list)3', 'pro_inv_item(upd)', '003', 'Update', 'Y', '2006-07-04 16:47:17', 'AJM', '2006-07-04 18:00:05', 'AJM');

REPLACE INTO `mnu_role_task` (`role_id`, `task_id`, `created_date`, `created_user`, `revised_date`, `revised_user`) VALUES ('DEMO', 'pro_inv_item(list)3', '2015-11-03 10:07:08', 'AJM', NULL, NULL);
REPLACE INTO `mnu_role_task` (`role_id`, `task_id`, `created_date`, `created_user`, `revised_date`, `revised_user`) VALUES ('PRODUCT', 'pro_inv_item(list)3', '2014-04-19 06:13:55', 'AJM', NULL, NULL);
REPLACE INTO `mnu_role_task` (`role_id`, `task_id`, `created_date`, `created_user`, `revised_date`, `revised_user`) VALUES ('PROTO', 'pro_inv_item(list)3', '2014-04-20 11:45:58', 'AJM', NULL, NULL);

REPLACE INTO `mnu_task` (`task_id`, `task_name`, `task_desc`, `button_text`, `task_type`, `script_id`, `is_disabled`, `pattern_id`, `subsys_id`, `initial_passthru`, `selection_fixed`, `selection_temp`, `settings`, `order_by`, `keep_data`, `log_sql_query`, `screen_refresh`, `use_https`, `max_execution_time`, `task_id_run_at_end`, `task_id_run_at_cancel`, `created_date`, `created_user`, `revised_date`, `revised_user`) VALUES ('pro_inv_item(search)', 'Search Inventory Item', NULL, 'Search', 'PROC', 'inventory_item.search.php', 'N', 'SRCH', 'PRODUCT', NULL, NULL, NULL, NULL, NULL, 'N', 'N', NULL, 'N', NULL, NULL, NULL, '2006-07-03 10:24:10', 'AJM', '2006-07-03 10:27:15', 'AJM');

REPLACE INTO `mnu_role_task` (`role_id`, `task_id`, `created_date`, `created_user`, `revised_date`, `revised_user`) VALUES ('DEMO', 'pro_inv_item(search)', '2015-11-03 10:07:08', 'AJM', NULL, NULL);
REPLACE INTO `mnu_role_task` (`role_id`, `task_id`, `created_date`, `created_user`, `revised_date`, `revised_user`) VALUES ('PRODUCT', 'pro_inv_item(search)', '2014-04-19 06:13:55', 'AJM', NULL, NULL);
REPLACE INTO `mnu_role_task` (`role_id`, `task_id`, `created_date`, `created_user`, `revised_date`, `revised_user`) VALUES ('PROTO', 'pro_inv_item(search)', '2014-04-20 11:45:59', 'AJM', NULL, NULL);

REPLACE INTO `mnu_task` (`task_id`, `task_name`, `task_desc`, `button_text`, `task_type`, `script_id`, `is_disabled`, `pattern_id`, `subsys_id`, `initial_passthru`, `selection_fixed`, `selection_temp`, `settings`, `order_by`, `keep_data`, `log_sql_query`, `screen_refresh`, `use_https`, `max_execution_time`, `task_id_run_at_end`, `task_id_run_at_cancel`, `created_date`, `created_user`, `revised_date`, `revised_user`) VALUES ('pro_inv_item(upd)', 'Update Inventory Item', NULL, 'Update', 'PROC', 'inventory_item.upd.php', 'N', 'UPD1', 'PRODUCT', NULL, NULL, NULL, NULL, NULL, 'N', 'N', NULL, 'N', NULL, NULL, NULL, '2006-07-03 10:24:33', 'AJM', '2006-07-03 10:27:23', 'AJM');

REPLACE INTO `mnu_role_task` (`role_id`, `task_id`, `created_date`, `created_user`, `revised_date`, `revised_user`) VALUES ('DEMO', 'pro_inv_item(upd)', '2015-11-03 10:07:08', 'AJM', NULL, NULL);
REPLACE INTO `mnu_role_task` (`role_id`, `task_id`, `created_date`, `created_user`, `revised_date`, `revised_user`) VALUES ('PRODUCT', 'pro_inv_item(upd)', '2014-04-19 06:13:55', 'AJM', NULL, NULL);
REPLACE INTO `mnu_role_task` (`role_id`, `task_id`, `created_date`, `created_user`, `revised_date`, `revised_user`) VALUES ('PROTO', 'pro_inv_item(upd)', '2014-04-20 11:45:59', 'AJM', NULL, NULL);

REPLACE INTO `mnu_task` (`task_id`, `task_name`, `task_desc`, `button_text`, `task_type`, `script_id`, `is_disabled`, `pattern_id`, `subsys_id`, `initial_passthru`, `selection_fixed`, `selection_temp`, `settings`, `order_by`, `keep_data`, `log_sql_query`, `screen_refresh`, `use_https`, `max_execution_time`, `task_id_run_at_end`, `task_id_run_at_cancel`, `created_date`, `created_user`, `revised_date`, `revised_user`) VALUES ('pro_inv_var_reason(add)', 'Add Inventory Variance Reason', NULL, 'New', 'PROC', 'inventory_variance_reason.add.php', 'N', 'ADD1', 'PRODUCT', NULL, NULL, NULL, NULL, NULL, 'N', 'N', NULL, 'N', NULL, NULL, NULL, '2006-07-02 13:39:15', 'AJM', NULL, NULL);

REPLACE INTO `mnu_role_task` (`role_id`, `task_id`, `created_date`, `created_user`, `revised_date`, `revised_user`) VALUES ('DEMO', 'pro_inv_var_reason(add)', '2015-11-03 10:07:09', 'AJM', NULL, NULL);
REPLACE INTO `mnu_role_task` (`role_id`, `task_id`, `created_date`, `created_user`, `revised_date`, `revised_user`) VALUES ('PRODUCT', 'pro_inv_var_reason(add)', '2014-04-19 06:14:06', 'AJM', NULL, NULL);
REPLACE INTO `mnu_role_task` (`role_id`, `task_id`, `created_date`, `created_user`, `revised_date`, `revised_user`) VALUES ('PROTO', 'pro_inv_var_reason(add)', '2014-04-20 11:45:59', 'AJM', NULL, NULL);

REPLACE INTO `mnu_task` (`task_id`, `task_name`, `task_desc`, `button_text`, `task_type`, `script_id`, `is_disabled`, `pattern_id`, `subsys_id`, `initial_passthru`, `selection_fixed`, `selection_temp`, `settings`, `order_by`, `keep_data`, `log_sql_query`, `screen_refresh`, `use_https`, `max_execution_time`, `task_id_run_at_end`, `task_id_run_at_cancel`, `created_date`, `created_user`, `revised_date`, `revised_user`) VALUES ('pro_inv_var_reason(del)', 'Delete Inventory Variance Reason', NULL, 'Delete', 'PROC', 'inventory_variance_reason.del.php', 'N', 'DEL1', 'PRODUCT', NULL, NULL, NULL, NULL, NULL, 'N', 'N', NULL, 'N', NULL, NULL, NULL, '2006-07-02 13:40:24', 'AJM', NULL, NULL);

REPLACE INTO `mnu_role_task` (`role_id`, `task_id`, `created_date`, `created_user`, `revised_date`, `revised_user`) VALUES ('DEMO', 'pro_inv_var_reason(del)', '2015-11-03 10:07:09', 'AJM', NULL, NULL);
REPLACE INTO `mnu_role_task` (`role_id`, `task_id`, `created_date`, `created_user`, `revised_date`, `revised_user`) VALUES ('PRODUCT', 'pro_inv_var_reason(del)', '2014-04-19 06:14:06', 'AJM', NULL, NULL);
REPLACE INTO `mnu_role_task` (`role_id`, `task_id`, `created_date`, `created_user`, `revised_date`, `revised_user`) VALUES ('PROTO', 'pro_inv_var_reason(del)', '2014-04-20 11:46:00', 'AJM', NULL, NULL);

REPLACE INTO `mnu_task` (`task_id`, `task_name`, `task_desc`, `button_text`, `task_type`, `script_id`, `is_disabled`, `pattern_id`, `subsys_id`, `initial_passthru`, `selection_fixed`, `selection_temp`, `settings`, `order_by`, `keep_data`, `log_sql_query`, `screen_refresh`, `use_https`, `max_execution_time`, `task_id_run_at_end`, `task_id_run_at_cancel`, `created_date`, `created_user`, `revised_date`, `revised_user`) VALUES ('pro_inv_var_reason(enq)', 'Enquire Inventory Variance Reason', NULL, 'Read', 'PROC', 'inventory_variance_reason.enq.php', 'N', 'ENQ1', 'PRODUCT', NULL, NULL, NULL, NULL, NULL, 'N', 'N', NULL, 'N', NULL, NULL, NULL, '2006-07-02 13:40:55', 'AJM', NULL, NULL);

REPLACE INTO `mnu_role_task` (`role_id`, `task_id`, `created_date`, `created_user`, `revised_date`, `revised_user`) VALUES ('DEMO', 'pro_inv_var_reason(enq)', '2015-11-03 10:07:09', 'AJM', NULL, NULL);
REPLACE INTO `mnu_role_task` (`role_id`, `task_id`, `created_date`, `created_user`, `revised_date`, `revised_user`) VALUES ('PRODUCT', 'pro_inv_var_reason(enq)', '2014-04-19 06:14:07', 'AJM', NULL, NULL);
REPLACE INTO `mnu_role_task` (`role_id`, `task_id`, `created_date`, `created_user`, `revised_date`, `revised_user`) VALUES ('PROTO', 'pro_inv_var_reason(enq)', '2014-04-20 11:46:00', 'AJM', NULL, NULL);

REPLACE INTO `mnu_task` (`task_id`, `task_name`, `task_desc`, `button_text`, `task_type`, `script_id`, `is_disabled`, `pattern_id`, `subsys_id`, `initial_passthru`, `selection_fixed`, `selection_temp`, `settings`, `order_by`, `keep_data`, `log_sql_query`, `screen_refresh`, `use_https`, `max_execution_time`, `task_id_run_at_end`, `task_id_run_at_cancel`, `created_date`, `created_user`, `revised_date`, `revised_user`) VALUES ('pro_inv_var_reason(list)', 'List Inventory Variance Reason', NULL, 'Reason', 'PROC', 'inventory_variance_reason.list.php', 'N', 'LIST1', 'PRODUCT', NULL, NULL, NULL, NULL, 'inv_var_reason_desc', 'N', 'N', NULL, 'N', NULL, NULL, NULL, '2006-07-02 13:38:37', 'AJM', NULL, NULL);

REPLACE INTO `mnu_nav_button` (`task_id_snr`, `task_id_jnr`, `sort_seq`, `button_text`, `context_preselect`, `created_date`, `created_user`, `revised_date`, `revised_user`) VALUES ('pro_inv_var_reason(list)', 'audit_dtl(list)3', '006', 'Audit Trail', 'Y', '2006-07-02 13:43:27', 'AJM', NULL, NULL);
REPLACE INTO `mnu_nav_button` (`task_id_snr`, `task_id_jnr`, `sort_seq`, `button_text`, `context_preselect`, `created_date`, `created_user`, `revised_date`, `revised_user`) VALUES ('pro_inv_var_reason(list)', 'pro_inv_var_reason(add)', '001', 'New', 'N', '2006-07-02 13:43:00', 'AJM', NULL, NULL);
REPLACE INTO `mnu_nav_button` (`task_id_snr`, `task_id_jnr`, `sort_seq`, `button_text`, `context_preselect`, `created_date`, `created_user`, `revised_date`, `revised_user`) VALUES ('pro_inv_var_reason(list)', 'pro_inv_var_reason(del)', '004', 'Delete', 'Y', '2006-07-02 13:43:00', 'AJM', '2006-07-02 23:51:20', 'AJM');
REPLACE INTO `mnu_nav_button` (`task_id_snr`, `task_id_jnr`, `sort_seq`, `button_text`, `context_preselect`, `created_date`, `created_user`, `revised_date`, `revised_user`) VALUES ('pro_inv_var_reason(list)', 'pro_inv_var_reason(enq)', '002', 'Read', 'Y', '2006-07-02 13:43:00', 'AJM', '2006-07-02 13:43:45', 'AJM');
REPLACE INTO `mnu_nav_button` (`task_id_snr`, `task_id_jnr`, `sort_seq`, `button_text`, `context_preselect`, `created_date`, `created_user`, `revised_date`, `revised_user`) VALUES ('pro_inv_var_reason(list)', 'pro_inv_var_reason(search)', '005', 'Search', 'N', '2006-07-02 13:43:20', 'AJM', '2006-07-02 13:43:45', 'AJM');
REPLACE INTO `mnu_nav_button` (`task_id_snr`, `task_id_jnr`, `sort_seq`, `button_text`, `context_preselect`, `created_date`, `created_user`, `revised_date`, `revised_user`) VALUES ('pro_inv_var_reason(list)', 'pro_inv_var_reason(upd)', '003', 'Update', 'Y', '2006-07-02 13:43:20', 'AJM', '2006-07-02 23:51:20', 'AJM');

REPLACE INTO `mnu_role_task` (`role_id`, `task_id`, `created_date`, `created_user`, `revised_date`, `revised_user`) VALUES ('DEMO', 'pro_inv_var_reason(list)', '2015-11-03 10:07:09', 'AJM', NULL, NULL);
REPLACE INTO `mnu_role_task` (`role_id`, `task_id`, `created_date`, `created_user`, `revised_date`, `revised_user`) VALUES ('PRODUCT', 'pro_inv_var_reason(list)', '2014-04-19 06:14:07', 'AJM', NULL, NULL);
REPLACE INTO `mnu_role_task` (`role_id`, `task_id`, `created_date`, `created_user`, `revised_date`, `revised_user`) VALUES ('PROTO', 'pro_inv_var_reason(list)', '2014-04-20 11:46:07', 'AJM', NULL, NULL);

REPLACE INTO `mnu_task` (`task_id`, `task_name`, `task_desc`, `button_text`, `task_type`, `script_id`, `is_disabled`, `pattern_id`, `subsys_id`, `initial_passthru`, `selection_fixed`, `selection_temp`, `settings`, `order_by`, `keep_data`, `log_sql_query`, `screen_refresh`, `use_https`, `max_execution_time`, `task_id_run_at_end`, `task_id_run_at_cancel`, `created_date`, `created_user`, `revised_date`, `revised_user`) VALUES ('pro_inv_var_reason(search)', 'Search Inventory Variance Reason', NULL, 'Search', 'PROC', 'inventory_variance_reason.search.php', 'N', 'SRCH', 'PRODUCT', NULL, NULL, NULL, NULL, NULL, 'N', 'N', NULL, 'N', NULL, NULL, NULL, '2006-07-02 13:41:31', 'AJM', NULL, NULL);

REPLACE INTO `mnu_role_task` (`role_id`, `task_id`, `created_date`, `created_user`, `revised_date`, `revised_user`) VALUES ('DEMO', 'pro_inv_var_reason(search)', '2015-11-03 10:07:09', 'AJM', NULL, NULL);
REPLACE INTO `mnu_role_task` (`role_id`, `task_id`, `created_date`, `created_user`, `revised_date`, `revised_user`) VALUES ('PRODUCT', 'pro_inv_var_reason(search)', '2014-04-19 06:14:08', 'AJM', NULL, NULL);
REPLACE INTO `mnu_role_task` (`role_id`, `task_id`, `created_date`, `created_user`, `revised_date`, `revised_user`) VALUES ('PROTO', 'pro_inv_var_reason(search)', '2014-04-20 11:46:07', 'AJM', NULL, NULL);

REPLACE INTO `mnu_task` (`task_id`, `task_name`, `task_desc`, `button_text`, `task_type`, `script_id`, `is_disabled`, `pattern_id`, `subsys_id`, `initial_passthru`, `selection_fixed`, `selection_temp`, `settings`, `order_by`, `keep_data`, `log_sql_query`, `screen_refresh`, `use_https`, `max_execution_time`, `task_id_run_at_end`, `task_id_run_at_cancel`, `created_date`, `created_user`, `revised_date`, `revised_user`) VALUES ('pro_inv_var_reason(upd)', 'Update Inventory Variance Reason', NULL, 'Update', 'PROC', 'inventory_variance_reason.upd.php', 'N', 'UPD1', 'PRODUCT', NULL, NULL, NULL, NULL, NULL, 'N', 'N', NULL, 'N', NULL, NULL, NULL, '2006-07-02 13:42:04', 'AJM', NULL, NULL);

REPLACE INTO `mnu_role_task` (`role_id`, `task_id`, `created_date`, `created_user`, `revised_date`, `revised_user`) VALUES ('DEMO', 'pro_inv_var_reason(upd)', '2015-11-03 10:07:09', 'AJM', NULL, NULL);
REPLACE INTO `mnu_role_task` (`role_id`, `task_id`, `created_date`, `created_user`, `revised_date`, `revised_user`) VALUES ('PRODUCT', 'pro_inv_var_reason(upd)', '2014-04-19 06:17:04', 'AJM', NULL, NULL);
REPLACE INTO `mnu_role_task` (`role_id`, `task_id`, `created_date`, `created_user`, `revised_date`, `revised_user`) VALUES ('PROTO', 'pro_inv_var_reason(upd)', '2014-04-20 11:46:08', 'AJM', NULL, NULL);

REPLACE INTO `mnu_task` (`task_id`, `task_name`, `task_desc`, `button_text`, `task_type`, `script_id`, `is_disabled`, `pattern_id`, `subsys_id`, `initial_passthru`, `selection_fixed`, `selection_temp`, `settings`, `order_by`, `keep_data`, `log_sql_query`, `screen_refresh`, `use_https`, `max_execution_time`, `task_id_run_at_end`, `task_id_run_at_cancel`, `created_date`, `created_user`, `revised_date`, `revised_user`) VALUES ('pro_lot(add)', 'Add Lot', NULL, 'New', 'PROC', 'lot.add.php', 'N', 'ADD1', 'PRODUCT', NULL, NULL, NULL, NULL, NULL, 'N', 'N', NULL, 'N', NULL, NULL, NULL, '2006-07-02 15:35:57', 'AJM', NULL, NULL);

REPLACE INTO `mnu_role_task` (`role_id`, `task_id`, `created_date`, `created_user`, `revised_date`, `revised_user`) VALUES ('DEMO', 'pro_lot(add)', '2015-11-03 10:07:20', 'AJM', NULL, NULL);
REPLACE INTO `mnu_role_task` (`role_id`, `task_id`, `created_date`, `created_user`, `revised_date`, `revised_user`) VALUES ('PRODUCT', 'pro_lot(add)', '2014-04-19 06:17:04', 'AJM', NULL, NULL);
REPLACE INTO `mnu_role_task` (`role_id`, `task_id`, `created_date`, `created_user`, `revised_date`, `revised_user`) VALUES ('PROTO', 'pro_lot(add)', '2014-04-20 11:46:08', 'AJM', NULL, NULL);

REPLACE INTO `mnu_task` (`task_id`, `task_name`, `task_desc`, `button_text`, `task_type`, `script_id`, `is_disabled`, `pattern_id`, `subsys_id`, `initial_passthru`, `selection_fixed`, `selection_temp`, `settings`, `order_by`, `keep_data`, `log_sql_query`, `screen_refresh`, `use_https`, `max_execution_time`, `task_id_run_at_end`, `task_id_run_at_cancel`, `created_date`, `created_user`, `revised_date`, `revised_user`) VALUES ('pro_lot(del)', 'Delete Lot', NULL, 'Delete', 'PROC', 'lot.del.php', 'N', 'DEL1', 'PRODUCT', NULL, NULL, NULL, NULL, NULL, 'N', 'N', NULL, 'N', NULL, NULL, NULL, '2006-07-02 15:36:26', 'AJM', NULL, NULL);

REPLACE INTO `mnu_role_task` (`role_id`, `task_id`, `created_date`, `created_user`, `revised_date`, `revised_user`) VALUES ('DEMO', 'pro_lot(del)', '2015-11-03 10:07:20', 'AJM', NULL, NULL);
REPLACE INTO `mnu_role_task` (`role_id`, `task_id`, `created_date`, `created_user`, `revised_date`, `revised_user`) VALUES ('PRODUCT', 'pro_lot(del)', '2014-04-19 06:17:05', 'AJM', NULL, NULL);
REPLACE INTO `mnu_role_task` (`role_id`, `task_id`, `created_date`, `created_user`, `revised_date`, `revised_user`) VALUES ('PROTO', 'pro_lot(del)', '2014-04-20 11:46:08', 'AJM', NULL, NULL);

REPLACE INTO `mnu_task` (`task_id`, `task_name`, `task_desc`, `button_text`, `task_type`, `script_id`, `is_disabled`, `pattern_id`, `subsys_id`, `initial_passthru`, `selection_fixed`, `selection_temp`, `settings`, `order_by`, `keep_data`, `log_sql_query`, `screen_refresh`, `use_https`, `max_execution_time`, `task_id_run_at_end`, `task_id_run_at_cancel`, `created_date`, `created_user`, `revised_date`, `revised_user`) VALUES ('pro_lot(enq)', 'Enquire Lot', NULL, 'Read', 'PROC', 'lot.enq.php', 'N', 'ENQ1', 'PRODUCT', NULL, NULL, NULL, NULL, NULL, 'N', 'N', NULL, 'N', NULL, NULL, NULL, '2006-07-02 15:36:52', 'AJM', '2006-07-02 23:47:36', 'AJM');

REPLACE INTO `mnu_role_task` (`role_id`, `task_id`, `created_date`, `created_user`, `revised_date`, `revised_user`) VALUES ('DEMO', 'pro_lot(enq)', '2015-11-03 10:07:20', 'AJM', NULL, NULL);
REPLACE INTO `mnu_role_task` (`role_id`, `task_id`, `created_date`, `created_user`, `revised_date`, `revised_user`) VALUES ('PRODUCT', 'pro_lot(enq)', '2014-04-19 06:17:05', 'AJM', NULL, NULL);
REPLACE INTO `mnu_role_task` (`role_id`, `task_id`, `created_date`, `created_user`, `revised_date`, `revised_user`) VALUES ('PROTO', 'pro_lot(enq)', '2014-04-20 11:46:09', 'AJM', NULL, NULL);

REPLACE INTO `mnu_task` (`task_id`, `task_name`, `task_desc`, `button_text`, `task_type`, `script_id`, `is_disabled`, `pattern_id`, `subsys_id`, `initial_passthru`, `selection_fixed`, `selection_temp`, `settings`, `order_by`, `keep_data`, `log_sql_query`, `screen_refresh`, `use_https`, `max_execution_time`, `task_id_run_at_end`, `task_id_run_at_cancel`, `created_date`, `created_user`, `revised_date`, `revised_user`) VALUES ('pro_lot(list)', 'List Lot', NULL, 'Lot', 'PROC', 'lot.list.php', 'N', 'LIST1', 'PRODUCT', NULL, NULL, NULL, NULL, 'lot_id', 'Y', 'N', NULL, 'N', NULL, NULL, NULL, '2006-07-02 15:34:40', 'AJM', NULL, NULL);

REPLACE INTO `mnu_nav_button` (`task_id_snr`, `task_id_jnr`, `sort_seq`, `button_text`, `context_preselect`, `created_date`, `created_user`, `revised_date`, `revised_user`) VALUES ('pro_lot(list)', 'audit_dtl(list)3', '006', 'Audit Trail', 'Y', '2006-07-02 15:39:22', 'AJM', NULL, NULL);
REPLACE INTO `mnu_nav_button` (`task_id_snr`, `task_id_jnr`, `sort_seq`, `button_text`, `context_preselect`, `created_date`, `created_user`, `revised_date`, `revised_user`) VALUES ('pro_lot(list)', 'pro_lot(add)', '001', 'New', 'N', '2006-07-02 15:38:40', 'AJM', NULL, NULL);
REPLACE INTO `mnu_nav_button` (`task_id_snr`, `task_id_jnr`, `sort_seq`, `button_text`, `context_preselect`, `created_date`, `created_user`, `revised_date`, `revised_user`) VALUES ('pro_lot(list)', 'pro_lot(del)', '004', 'Delete', 'Y', '2006-07-02 15:38:40', 'AJM', '2006-07-02 23:47:14', 'AJM');
REPLACE INTO `mnu_nav_button` (`task_id_snr`, `task_id_jnr`, `sort_seq`, `button_text`, `context_preselect`, `created_date`, `created_user`, `revised_date`, `revised_user`) VALUES ('pro_lot(list)', 'pro_lot(enq)', '002', 'Read', 'Y', '2006-07-02 15:39:13', 'AJM', '2006-07-02 23:47:14', 'AJM');
REPLACE INTO `mnu_nav_button` (`task_id_snr`, `task_id_jnr`, `sort_seq`, `button_text`, `context_preselect`, `created_date`, `created_user`, `revised_date`, `revised_user`) VALUES ('pro_lot(list)', 'pro_lot(search)', '005', 'Search', 'N', '2006-07-02 15:39:13', 'AJM', '2006-07-02 15:39:37', 'AJM');
REPLACE INTO `mnu_nav_button` (`task_id_snr`, `task_id_jnr`, `sort_seq`, `button_text`, `context_preselect`, `created_date`, `created_user`, `revised_date`, `revised_user`) VALUES ('pro_lot(list)', 'pro_lot(upd)', '003', 'Update', 'Y', '2006-07-02 15:39:13', 'AJM', '2006-07-02 23:47:14', 'AJM');

REPLACE INTO `mnu_role_task` (`role_id`, `task_id`, `created_date`, `created_user`, `revised_date`, `revised_user`) VALUES ('DEMO', 'pro_lot(list)', '2015-11-03 10:07:20', 'AJM', NULL, NULL);
REPLACE INTO `mnu_role_task` (`role_id`, `task_id`, `created_date`, `created_user`, `revised_date`, `revised_user`) VALUES ('PRODUCT', 'pro_lot(list)', '2014-04-19 06:17:05', 'AJM', NULL, NULL);
REPLACE INTO `mnu_role_task` (`role_id`, `task_id`, `created_date`, `created_user`, `revised_date`, `revised_user`) VALUES ('PROTO', 'pro_lot(list)', '2014-04-20 11:46:09', 'AJM', NULL, NULL);

REPLACE INTO `mnu_task` (`task_id`, `task_name`, `task_desc`, `button_text`, `task_type`, `script_id`, `is_disabled`, `pattern_id`, `subsys_id`, `initial_passthru`, `selection_fixed`, `selection_temp`, `settings`, `order_by`, `keep_data`, `log_sql_query`, `screen_refresh`, `use_https`, `max_execution_time`, `task_id_run_at_end`, `task_id_run_at_cancel`, `created_date`, `created_user`, `revised_date`, `revised_user`) VALUES ('pro_lot(popup)', 'Choose Lot', NULL, 'Choose', 'PROC', 'lot.popup.php', 'N', 'POPUP1', 'PRODUCT', NULL, NULL, NULL, NULL, 'lot_id', 'N', 'N', NULL, 'N', NULL, NULL, NULL, '2006-07-03 14:31:41', 'AJM', '2006-10-06 13:36:04', 'AJM');

REPLACE INTO `mnu_role_task` (`role_id`, `task_id`, `created_date`, `created_user`, `revised_date`, `revised_user`) VALUES ('DEMO', 'pro_lot(popup)', '2015-11-03 10:07:20', 'AJM', NULL, NULL);
REPLACE INTO `mnu_role_task` (`role_id`, `task_id`, `created_date`, `created_user`, `revised_date`, `revised_user`) VALUES ('PRODUCT', 'pro_lot(popup)', '2014-04-19 06:17:06', 'AJM', NULL, NULL);
REPLACE INTO `mnu_role_task` (`role_id`, `task_id`, `created_date`, `created_user`, `revised_date`, `revised_user`) VALUES ('PROTO', 'pro_lot(popup)', '2014-04-20 11:46:09', 'AJM', NULL, NULL);

REPLACE INTO `mnu_task` (`task_id`, `task_name`, `task_desc`, `button_text`, `task_type`, `script_id`, `is_disabled`, `pattern_id`, `subsys_id`, `initial_passthru`, `selection_fixed`, `selection_temp`, `settings`, `order_by`, `keep_data`, `log_sql_query`, `screen_refresh`, `use_https`, `max_execution_time`, `task_id_run_at_end`, `task_id_run_at_cancel`, `created_date`, `created_user`, `revised_date`, `revised_user`) VALUES ('pro_lot(search)', 'Search Lot', NULL, 'Search', 'PROC', 'lot.search.php', 'N', 'SRCH', 'PRODUCT', NULL, NULL, NULL, NULL, NULL, 'N', 'N', NULL, 'N', NULL, NULL, NULL, '2006-07-02 15:37:23', 'AJM', NULL, NULL);

REPLACE INTO `mnu_role_task` (`role_id`, `task_id`, `created_date`, `created_user`, `revised_date`, `revised_user`) VALUES ('DEMO', 'pro_lot(search)', '2015-11-03 10:07:20', 'AJM', NULL, NULL);
REPLACE INTO `mnu_role_task` (`role_id`, `task_id`, `created_date`, `created_user`, `revised_date`, `revised_user`) VALUES ('PRODUCT', 'pro_lot(search)', '2014-04-19 06:17:06', 'AJM', NULL, NULL);
REPLACE INTO `mnu_role_task` (`role_id`, `task_id`, `created_date`, `created_user`, `revised_date`, `revised_user`) VALUES ('PROTO', 'pro_lot(search)', '2014-04-20 11:46:09', 'AJM', NULL, NULL);

REPLACE INTO `mnu_task` (`task_id`, `task_name`, `task_desc`, `button_text`, `task_type`, `script_id`, `is_disabled`, `pattern_id`, `subsys_id`, `initial_passthru`, `selection_fixed`, `selection_temp`, `settings`, `order_by`, `keep_data`, `log_sql_query`, `screen_refresh`, `use_https`, `max_execution_time`, `task_id_run_at_end`, `task_id_run_at_cancel`, `created_date`, `created_user`, `revised_date`, `revised_user`) VALUES ('pro_lot(upd)', 'Update Lot', NULL, 'Update', 'PROC', 'lot.upd.php', 'N', 'UPD1', 'PRODUCT', NULL, NULL, NULL, NULL, NULL, 'N', 'N', NULL, 'N', NULL, NULL, NULL, '2006-07-02 15:38:04', 'AJM', NULL, NULL);

REPLACE INTO `mnu_role_task` (`role_id`, `task_id`, `created_date`, `created_user`, `revised_date`, `revised_user`) VALUES ('DEMO', 'pro_lot(upd)', '2015-11-03 10:07:20', 'AJM', NULL, NULL);
REPLACE INTO `mnu_role_task` (`role_id`, `task_id`, `created_date`, `created_user`, `revised_date`, `revised_user`) VALUES ('PRODUCT', 'pro_lot(upd)', '2014-04-19 06:17:06', 'AJM', NULL, NULL);
REPLACE INTO `mnu_role_task` (`role_id`, `task_id`, `created_date`, `created_user`, `revised_date`, `revised_user`) VALUES ('PROTO', 'pro_lot(upd)', '2014-04-20 11:46:10', 'AJM', NULL, NULL);

REPLACE INTO `mnu_task` (`task_id`, `task_name`, `task_desc`, `button_text`, `task_type`, `script_id`, `is_disabled`, `pattern_id`, `subsys_id`, `initial_passthru`, `selection_fixed`, `selection_temp`, `settings`, `order_by`, `keep_data`, `log_sql_query`, `screen_refresh`, `use_https`, `max_execution_time`, `task_id_run_at_end`, `task_id_run_at_cancel`, `created_date`, `created_user`, `revised_date`, `revised_user`) VALUES ('pro_price_component_a(add)', 'Insert Price by Product', NULL, 'New', 'PROC', 'price_component.product.add.php', 'N', 'ADD2', 'PRODUCT', NULL, NULL, NULL, NULL, NULL, 'N', 'N', NULL, 'N', NULL, NULL, NULL, '2003-01-01 12:00:00', 'AJM', NULL, NULL);

REPLACE INTO `mnu_role_task` (`role_id`, `task_id`, `created_date`, `created_user`, `revised_date`, `revised_user`) VALUES ('DEMO', 'pro_price_component_a(add)', '2015-11-03 10:07:20', 'AJM', NULL, NULL);
REPLACE INTO `mnu_role_task` (`role_id`, `task_id`, `created_date`, `created_user`, `revised_date`, `revised_user`) VALUES ('PRODUCT', 'pro_price_component_a(add)', '2014-04-19 06:17:07', 'AJM', NULL, NULL);
REPLACE INTO `mnu_role_task` (`role_id`, `task_id`, `created_date`, `created_user`, `revised_date`, `revised_user`) VALUES ('PROTO', 'pro_price_component_a(add)', '2014-04-20 11:46:17', 'AJM', NULL, NULL);

REPLACE INTO `mnu_task` (`task_id`, `task_name`, `task_desc`, `button_text`, `task_type`, `script_id`, `is_disabled`, `pattern_id`, `subsys_id`, `initial_passthru`, `selection_fixed`, `selection_temp`, `settings`, `order_by`, `keep_data`, `log_sql_query`, `screen_refresh`, `use_https`, `max_execution_time`, `task_id_run_at_end`, `task_id_run_at_cancel`, `created_date`, `created_user`, `revised_date`, `revised_user`) VALUES ('pro_price_component_a(del)', 'Delete Price by Product', NULL, 'Delete', 'PROC', 'price_component.product.del.php', 'N', 'DEL1', 'PRODUCT', NULL, NULL, NULL, NULL, NULL, 'N', 'N', NULL, 'N', NULL, NULL, NULL, '2003-01-01 12:00:00', 'AJM', NULL, NULL);

REPLACE INTO `mnu_role_task` (`role_id`, `task_id`, `created_date`, `created_user`, `revised_date`, `revised_user`) VALUES ('DEMO', 'pro_price_component_a(del)', '2015-11-03 10:07:20', 'AJM', NULL, NULL);
REPLACE INTO `mnu_role_task` (`role_id`, `task_id`, `created_date`, `created_user`, `revised_date`, `revised_user`) VALUES ('PRODUCT', 'pro_price_component_a(del)', '2014-04-19 06:17:07', 'AJM', NULL, NULL);
REPLACE INTO `mnu_role_task` (`role_id`, `task_id`, `created_date`, `created_user`, `revised_date`, `revised_user`) VALUES ('PROTO', 'pro_price_component_a(del)', '2014-04-20 11:46:17', 'AJM', NULL, NULL);

REPLACE INTO `mnu_task` (`task_id`, `task_name`, `task_desc`, `button_text`, `task_type`, `script_id`, `is_disabled`, `pattern_id`, `subsys_id`, `initial_passthru`, `selection_fixed`, `selection_temp`, `settings`, `order_by`, `keep_data`, `log_sql_query`, `screen_refresh`, `use_https`, `max_execution_time`, `task_id_run_at_end`, `task_id_run_at_cancel`, `created_date`, `created_user`, `revised_date`, `revised_user`) VALUES ('pro_price_component_a(enq)', 'Enquire Price by Product', NULL, 'Read', 'PROC', 'price_component.product.enq.php', 'N', 'ENQ1', 'PRODUCT', NULL, NULL, NULL, NULL, NULL, 'N', 'N', NULL, 'N', NULL, NULL, NULL, '2003-01-01 12:00:00', 'AJM', NULL, NULL);

REPLACE INTO `mnu_role_task` (`role_id`, `task_id`, `created_date`, `created_user`, `revised_date`, `revised_user`) VALUES ('DEMO', 'pro_price_component_a(enq)', '2015-11-03 10:07:20', 'AJM', NULL, NULL);
REPLACE INTO `mnu_role_task` (`role_id`, `task_id`, `created_date`, `created_user`, `revised_date`, `revised_user`) VALUES ('PRODUCT', 'pro_price_component_a(enq)', '2014-04-19 06:14:14', 'AJM', NULL, NULL);
REPLACE INTO `mnu_role_task` (`role_id`, `task_id`, `created_date`, `created_user`, `revised_date`, `revised_user`) VALUES ('PROTO', 'pro_price_component_a(enq)', '2014-04-20 11:46:17', 'AJM', NULL, NULL);

REPLACE INTO `mnu_task` (`task_id`, `task_name`, `task_desc`, `button_text`, `task_type`, `script_id`, `is_disabled`, `pattern_id`, `subsys_id`, `initial_passthru`, `selection_fixed`, `selection_temp`, `settings`, `order_by`, `keep_data`, `log_sql_query`, `screen_refresh`, `use_https`, `max_execution_time`, `task_id_run_at_end`, `task_id_run_at_cancel`, `created_date`, `created_user`, `revised_date`, `revised_user`) VALUES ('pro_price_component_a(list)', 'List Price by Product', NULL, 'Price Components', 'PROC', 'price_component.product.list.php', 'N', 'LIST2', 'PRODUCT', NULL, NULL, 'curr_or_hist=\'C\'', NULL, NULL, 'N', 'N', NULL, 'N', NULL, NULL, NULL, '2003-01-01 12:00:00', 'AJM', '2004-05-18 16:26:43', 'AJM');

REPLACE INTO `mnu_nav_button` (`task_id_snr`, `task_id_jnr`, `sort_seq`, `button_text`, `context_preselect`, `created_date`, `created_user`, `revised_date`, `revised_user`) VALUES ('pro_price_component_a(list)', 'audit_dtl(list)3', '008', 'Audit Trail', 'Y', '2004-04-09 12:00:35', 'AJM', '2004-04-17 17:20:41', 'AJM');
REPLACE INTO `mnu_nav_button` (`task_id_snr`, `task_id_jnr`, `sort_seq`, `button_text`, `context_preselect`, `created_date`, `created_user`, `revised_date`, `revised_user`) VALUES ('pro_price_component_a(list)', 'date(current)', '006', 'Current', 'N', '2004-04-17 17:20:19', 'AJM', '2004-04-17 17:20:41', 'AJM');
REPLACE INTO `mnu_nav_button` (`task_id_snr`, `task_id_jnr`, `sort_seq`, `button_text`, `context_preselect`, `created_date`, `created_user`, `revised_date`, `revised_user`) VALUES ('pro_price_component_a(list)', 'date(historic)', '007', 'Historic', 'N', '2004-04-17 17:20:19', 'AJM', '2004-04-17 17:20:41', 'AJM');
REPLACE INTO `mnu_nav_button` (`task_id_snr`, `task_id_jnr`, `sort_seq`, `button_text`, `context_preselect`, `created_date`, `created_user`, `revised_date`, `revised_user`) VALUES ('pro_price_component_a(list)', 'pro_price_component_a(add)', '001', 'New', 'N', '2003-01-01 12:00:00', 'AJM', NULL, NULL);
REPLACE INTO `mnu_nav_button` (`task_id_snr`, `task_id_jnr`, `sort_seq`, `button_text`, `context_preselect`, `created_date`, `created_user`, `revised_date`, `revised_user`) VALUES ('pro_price_component_a(list)', 'pro_price_component_a(del)', '004', 'Delete', 'Y', '2003-01-01 12:00:00', 'AJM', NULL, NULL);
REPLACE INTO `mnu_nav_button` (`task_id_snr`, `task_id_jnr`, `sort_seq`, `button_text`, `context_preselect`, `created_date`, `created_user`, `revised_date`, `revised_user`) VALUES ('pro_price_component_a(list)', 'pro_price_component_a(enq)', '002', 'Read', 'Y', '2003-01-01 12:00:00', 'AJM', NULL, NULL);
REPLACE INTO `mnu_nav_button` (`task_id_snr`, `task_id_jnr`, `sort_seq`, `button_text`, `context_preselect`, `created_date`, `created_user`, `revised_date`, `revised_user`) VALUES ('pro_price_component_a(list)', 'pro_price_component_a(search)', '005', 'Search', 'N', '2003-01-01 12:00:00', 'AJM', NULL, NULL);
REPLACE INTO `mnu_nav_button` (`task_id_snr`, `task_id_jnr`, `sort_seq`, `button_text`, `context_preselect`, `created_date`, `created_user`, `revised_date`, `revised_user`) VALUES ('pro_price_component_a(list)', 'pro_price_component_a(upd)', '003', 'Update', 'Y', '2003-01-01 12:00:00', 'AJM', NULL, NULL);

REPLACE INTO `mnu_role_task` (`role_id`, `task_id`, `created_date`, `created_user`, `revised_date`, `revised_user`) VALUES ('DEMO', 'pro_price_component_a(list)', '2015-11-03 10:07:25', 'AJM', NULL, NULL);
REPLACE INTO `mnu_role_task` (`role_id`, `task_id`, `created_date`, `created_user`, `revised_date`, `revised_user`) VALUES ('PRODUCT', 'pro_price_component_a(list)', '2014-04-19 06:14:14', 'AJM', NULL, NULL);
REPLACE INTO `mnu_role_task` (`role_id`, `task_id`, `created_date`, `created_user`, `revised_date`, `revised_user`) VALUES ('PROTO', 'pro_price_component_a(list)', '2014-04-20 11:46:18', 'AJM', NULL, NULL);

REPLACE INTO `mnu_task` (`task_id`, `task_name`, `task_desc`, `button_text`, `task_type`, `script_id`, `is_disabled`, `pattern_id`, `subsys_id`, `initial_passthru`, `selection_fixed`, `selection_temp`, `settings`, `order_by`, `keep_data`, `log_sql_query`, `screen_refresh`, `use_https`, `max_execution_time`, `task_id_run_at_end`, `task_id_run_at_cancel`, `created_date`, `created_user`, `revised_date`, `revised_user`) VALUES ('pro_price_component_a(search)', 'Search Price by Product', NULL, 'Search', 'PROC', 'price_component.product.search.php', 'N', 'SRCH', 'PRODUCT', NULL, NULL, NULL, NULL, NULL, 'N', 'N', NULL, 'N', NULL, NULL, NULL, '2003-01-01 12:00:00', 'AJM', NULL, NULL);

REPLACE INTO `mnu_role_task` (`role_id`, `task_id`, `created_date`, `created_user`, `revised_date`, `revised_user`) VALUES ('DEMO', 'pro_price_component_a(search)', '2015-11-03 10:07:25', 'AJM', NULL, NULL);
REPLACE INTO `mnu_role_task` (`role_id`, `task_id`, `created_date`, `created_user`, `revised_date`, `revised_user`) VALUES ('PRODUCT', 'pro_price_component_a(search)', '2014-04-19 06:14:14', 'AJM', NULL, NULL);
REPLACE INTO `mnu_role_task` (`role_id`, `task_id`, `created_date`, `created_user`, `revised_date`, `revised_user`) VALUES ('PROTO', 'pro_price_component_a(search)', '2014-04-20 11:46:18', 'AJM', NULL, NULL);

REPLACE INTO `mnu_task` (`task_id`, `task_name`, `task_desc`, `button_text`, `task_type`, `script_id`, `is_disabled`, `pattern_id`, `subsys_id`, `initial_passthru`, `selection_fixed`, `selection_temp`, `settings`, `order_by`, `keep_data`, `log_sql_query`, `screen_refresh`, `use_https`, `max_execution_time`, `task_id_run_at_end`, `task_id_run_at_cancel`, `created_date`, `created_user`, `revised_date`, `revised_user`) VALUES ('pro_price_component_a(upd)', 'Update Price by Product', NULL, 'Update', 'PROC', 'price_component.product.upd.php', 'N', 'UPD1', 'PRODUCT', NULL, NULL, NULL, NULL, NULL, 'N', 'N', NULL, 'N', NULL, NULL, NULL, '2003-01-01 12:00:00', 'AJM', '2004-04-16 17:31:26', 'AJM');

REPLACE INTO `mnu_role_task` (`role_id`, `task_id`, `created_date`, `created_user`, `revised_date`, `revised_user`) VALUES ('DEMO', 'pro_price_component_a(upd)', '2015-11-03 10:07:25', 'AJM', NULL, NULL);
REPLACE INTO `mnu_role_task` (`role_id`, `task_id`, `created_date`, `created_user`, `revised_date`, `revised_user`) VALUES ('PRODUCT', 'pro_price_component_a(upd)', '2014-04-19 06:14:15', 'AJM', NULL, NULL);
REPLACE INTO `mnu_role_task` (`role_id`, `task_id`, `created_date`, `created_user`, `revised_date`, `revised_user`) VALUES ('PROTO', 'pro_price_component_a(upd)', '2014-04-20 11:46:19', 'AJM', NULL, NULL);

REPLACE INTO `mnu_task` (`task_id`, `task_name`, `task_desc`, `button_text`, `task_type`, `script_id`, `is_disabled`, `pattern_id`, `subsys_id`, `initial_passthru`, `selection_fixed`, `selection_temp`, `settings`, `order_by`, `keep_data`, `log_sql_query`, `screen_refresh`, `use_https`, `max_execution_time`, `task_id_run_at_end`, `task_id_run_at_cancel`, `created_date`, `created_user`, `revised_date`, `revised_user`) VALUES ('pro_price_component_b(add)', 'Insert Price by Product Feature', NULL, 'New', 'PROC', 'price_component.prod_feature.add.php', 'N', 'ADD2', 'PRODUCT', NULL, NULL, NULL, NULL, NULL, 'N', 'N', NULL, 'N', NULL, NULL, NULL, '2003-01-01 12:00:00', 'AJM', NULL, NULL);

REPLACE INTO `mnu_role_task` (`role_id`, `task_id`, `created_date`, `created_user`, `revised_date`, `revised_user`) VALUES ('DEMO', 'pro_price_component_b(add)', '2015-11-03 10:07:25', 'AJM', NULL, NULL);
REPLACE INTO `mnu_role_task` (`role_id`, `task_id`, `created_date`, `created_user`, `revised_date`, `revised_user`) VALUES ('PRODUCT', 'pro_price_component_b(add)', '2014-04-19 06:14:15', 'AJM', NULL, NULL);
REPLACE INTO `mnu_role_task` (`role_id`, `task_id`, `created_date`, `created_user`, `revised_date`, `revised_user`) VALUES ('PROTO', 'pro_price_component_b(add)', '2014-04-20 11:46:19', 'AJM', NULL, NULL);

REPLACE INTO `mnu_task` (`task_id`, `task_name`, `task_desc`, `button_text`, `task_type`, `script_id`, `is_disabled`, `pattern_id`, `subsys_id`, `initial_passthru`, `selection_fixed`, `selection_temp`, `settings`, `order_by`, `keep_data`, `log_sql_query`, `screen_refresh`, `use_https`, `max_execution_time`, `task_id_run_at_end`, `task_id_run_at_cancel`, `created_date`, `created_user`, `revised_date`, `revised_user`) VALUES ('pro_price_component_b(del)', 'Delete Price by Product Feature', NULL, 'Delete', 'PROC', 'price_component.prod_feature.del.php', 'N', 'DEL1', 'PRODUCT', NULL, NULL, NULL, NULL, NULL, 'N', 'N', NULL, 'N', NULL, NULL, NULL, '2003-01-01 12:00:00', 'AJM', NULL, NULL);

REPLACE INTO `mnu_role_task` (`role_id`, `task_id`, `created_date`, `created_user`, `revised_date`, `revised_user`) VALUES ('DEMO', 'pro_price_component_b(del)', '2015-11-03 10:07:25', 'AJM', NULL, NULL);
REPLACE INTO `mnu_role_task` (`role_id`, `task_id`, `created_date`, `created_user`, `revised_date`, `revised_user`) VALUES ('PRODUCT', 'pro_price_component_b(del)', '2014-04-19 06:14:16', 'AJM', NULL, NULL);
REPLACE INTO `mnu_role_task` (`role_id`, `task_id`, `created_date`, `created_user`, `revised_date`, `revised_user`) VALUES ('PROTO', 'pro_price_component_b(del)', '2014-04-20 11:46:20', 'AJM', NULL, NULL);

REPLACE INTO `mnu_task` (`task_id`, `task_name`, `task_desc`, `button_text`, `task_type`, `script_id`, `is_disabled`, `pattern_id`, `subsys_id`, `initial_passthru`, `selection_fixed`, `selection_temp`, `settings`, `order_by`, `keep_data`, `log_sql_query`, `screen_refresh`, `use_https`, `max_execution_time`, `task_id_run_at_end`, `task_id_run_at_cancel`, `created_date`, `created_user`, `revised_date`, `revised_user`) VALUES ('pro_price_component_b(enq)', 'Enquire Price by Product Feature', NULL, 'Read', 'PROC', 'price_component.prod_feature.enq.php', 'N', 'ENQ1', 'PRODUCT', NULL, NULL, NULL, NULL, NULL, 'N', 'N', NULL, 'N', NULL, NULL, NULL, '2003-01-01 12:00:00', 'AJM', NULL, NULL);

REPLACE INTO `mnu_role_task` (`role_id`, `task_id`, `created_date`, `created_user`, `revised_date`, `revised_user`) VALUES ('DEMO', 'pro_price_component_b(enq)', '2015-11-03 10:07:25', 'AJM', NULL, NULL);
REPLACE INTO `mnu_role_task` (`role_id`, `task_id`, `created_date`, `created_user`, `revised_date`, `revised_user`) VALUES ('PRODUCT', 'pro_price_component_b(enq)', '2014-04-19 06:14:16', 'AJM', NULL, NULL);
REPLACE INTO `mnu_role_task` (`role_id`, `task_id`, `created_date`, `created_user`, `revised_date`, `revised_user`) VALUES ('PROTO', 'pro_price_component_b(enq)', '2014-04-20 11:46:20', 'AJM', NULL, NULL);

REPLACE INTO `mnu_task` (`task_id`, `task_name`, `task_desc`, `button_text`, `task_type`, `script_id`, `is_disabled`, `pattern_id`, `subsys_id`, `initial_passthru`, `selection_fixed`, `selection_temp`, `settings`, `order_by`, `keep_data`, `log_sql_query`, `screen_refresh`, `use_https`, `max_execution_time`, `task_id_run_at_end`, `task_id_run_at_cancel`, `created_date`, `created_user`, `revised_date`, `revised_user`) VALUES ('pro_price_component_b(list)', 'List Price by Product Feature', NULL, 'Price Component', 'PROC', 'price_component.prod_feature.list.php', 'N', 'LIST2', 'PRODUCT', NULL, NULL, 'curr_or_hist=\'C\'', NULL, NULL, 'N', 'N', NULL, 'N', NULL, NULL, NULL, '2003-01-01 12:00:00', 'AJM', '2004-05-18 16:27:00', 'AJM');

REPLACE INTO `mnu_nav_button` (`task_id_snr`, `task_id_jnr`, `sort_seq`, `button_text`, `context_preselect`, `created_date`, `created_user`, `revised_date`, `revised_user`) VALUES ('pro_price_component_b(list)', 'audit_dtl(list)3', '008', 'Audit Trail', 'Y', '2004-04-09 12:00:44', 'AJM', '2004-04-17 17:21:11', 'AJM');
REPLACE INTO `mnu_nav_button` (`task_id_snr`, `task_id_jnr`, `sort_seq`, `button_text`, `context_preselect`, `created_date`, `created_user`, `revised_date`, `revised_user`) VALUES ('pro_price_component_b(list)', 'date(current)', '006', 'Current', 'N', '2004-04-17 17:20:58', 'AJM', '2004-04-17 17:21:11', 'AJM');
REPLACE INTO `mnu_nav_button` (`task_id_snr`, `task_id_jnr`, `sort_seq`, `button_text`, `context_preselect`, `created_date`, `created_user`, `revised_date`, `revised_user`) VALUES ('pro_price_component_b(list)', 'date(historic)', '007', 'Historic', 'N', '2004-04-17 17:20:58', 'AJM', '2004-04-17 17:21:11', 'AJM');
REPLACE INTO `mnu_nav_button` (`task_id_snr`, `task_id_jnr`, `sort_seq`, `button_text`, `context_preselect`, `created_date`, `created_user`, `revised_date`, `revised_user`) VALUES ('pro_price_component_b(list)', 'pro_price_component_b(add)', '001', 'New', 'N', '2003-01-01 12:00:00', 'AJM', NULL, NULL);
REPLACE INTO `mnu_nav_button` (`task_id_snr`, `task_id_jnr`, `sort_seq`, `button_text`, `context_preselect`, `created_date`, `created_user`, `revised_date`, `revised_user`) VALUES ('pro_price_component_b(list)', 'pro_price_component_b(del)', '004', 'Delete', 'Y', '2003-01-01 12:00:00', 'AJM', NULL, NULL);
REPLACE INTO `mnu_nav_button` (`task_id_snr`, `task_id_jnr`, `sort_seq`, `button_text`, `context_preselect`, `created_date`, `created_user`, `revised_date`, `revised_user`) VALUES ('pro_price_component_b(list)', 'pro_price_component_b(enq)', '002', 'Read', 'Y', '2003-01-01 12:00:00', 'AJM', NULL, NULL);
REPLACE INTO `mnu_nav_button` (`task_id_snr`, `task_id_jnr`, `sort_seq`, `button_text`, `context_preselect`, `created_date`, `created_user`, `revised_date`, `revised_user`) VALUES ('pro_price_component_b(list)', 'pro_price_component_b(search)', '005', 'Search', 'N', '2003-01-01 12:00:00', 'AJM', NULL, NULL);
REPLACE INTO `mnu_nav_button` (`task_id_snr`, `task_id_jnr`, `sort_seq`, `button_text`, `context_preselect`, `created_date`, `created_user`, `revised_date`, `revised_user`) VALUES ('pro_price_component_b(list)', 'pro_price_component_b(upd)', '003', 'Update', 'Y', '2003-01-01 12:00:00', 'AJM', NULL, NULL);

REPLACE INTO `mnu_role_task` (`role_id`, `task_id`, `created_date`, `created_user`, `revised_date`, `revised_user`) VALUES ('DEMO', 'pro_price_component_b(list)', '2015-11-03 10:07:25', 'AJM', NULL, NULL);
REPLACE INTO `mnu_role_task` (`role_id`, `task_id`, `created_date`, `created_user`, `revised_date`, `revised_user`) VALUES ('PRODUCT', 'pro_price_component_b(list)', '2014-04-19 06:14:16', 'AJM', NULL, NULL);
REPLACE INTO `mnu_role_task` (`role_id`, `task_id`, `created_date`, `created_user`, `revised_date`, `revised_user`) VALUES ('PROTO', 'pro_price_component_b(list)', '2014-04-20 11:46:20', 'AJM', NULL, NULL);

REPLACE INTO `mnu_task` (`task_id`, `task_name`, `task_desc`, `button_text`, `task_type`, `script_id`, `is_disabled`, `pattern_id`, `subsys_id`, `initial_passthru`, `selection_fixed`, `selection_temp`, `settings`, `order_by`, `keep_data`, `log_sql_query`, `screen_refresh`, `use_https`, `max_execution_time`, `task_id_run_at_end`, `task_id_run_at_cancel`, `created_date`, `created_user`, `revised_date`, `revised_user`) VALUES ('pro_price_component_b(search)', 'Search Price by Product Feature', NULL, 'Search', 'PROC', 'price_component.prod_feature.search.php', 'N', 'SRCH', 'PRODUCT', NULL, NULL, NULL, NULL, NULL, 'N', 'N', NULL, 'N', NULL, NULL, NULL, '2003-01-01 12:00:00', 'AJM', NULL, NULL);

REPLACE INTO `mnu_role_task` (`role_id`, `task_id`, `created_date`, `created_user`, `revised_date`, `revised_user`) VALUES ('DEMO', 'pro_price_component_b(search)', '2015-11-03 10:07:25', 'AJM', NULL, NULL);
REPLACE INTO `mnu_role_task` (`role_id`, `task_id`, `created_date`, `created_user`, `revised_date`, `revised_user`) VALUES ('PRODUCT', 'pro_price_component_b(search)', '2014-04-19 06:14:17', 'AJM', NULL, NULL);
REPLACE INTO `mnu_role_task` (`role_id`, `task_id`, `created_date`, `created_user`, `revised_date`, `revised_user`) VALUES ('PROTO', 'pro_price_component_b(search)', '2014-04-20 11:46:28', 'AJM', NULL, NULL);

REPLACE INTO `mnu_task` (`task_id`, `task_name`, `task_desc`, `button_text`, `task_type`, `script_id`, `is_disabled`, `pattern_id`, `subsys_id`, `initial_passthru`, `selection_fixed`, `selection_temp`, `settings`, `order_by`, `keep_data`, `log_sql_query`, `screen_refresh`, `use_https`, `max_execution_time`, `task_id_run_at_end`, `task_id_run_at_cancel`, `created_date`, `created_user`, `revised_date`, `revised_user`) VALUES ('pro_price_component_b(upd)', 'Update Price by Product Feature', NULL, 'Update', 'PROC', 'price_component.prod_feature.upd.php', 'N', 'UPD1', 'PRODUCT', NULL, NULL, NULL, NULL, NULL, 'N', 'N', NULL, 'N', NULL, NULL, NULL, '2003-01-01 12:00:00', 'AJM', '2004-04-16 17:31:30', 'AJM');

REPLACE INTO `mnu_role_task` (`role_id`, `task_id`, `created_date`, `created_user`, `revised_date`, `revised_user`) VALUES ('DEMO', 'pro_price_component_b(upd)', '2015-11-03 10:07:25', 'AJM', NULL, NULL);
REPLACE INTO `mnu_role_task` (`role_id`, `task_id`, `created_date`, `created_user`, `revised_date`, `revised_user`) VALUES ('PRODUCT', 'pro_price_component_b(upd)', '2014-04-19 06:14:17', 'AJM', NULL, NULL);
REPLACE INTO `mnu_role_task` (`role_id`, `task_id`, `created_date`, `created_user`, `revised_date`, `revised_user`) VALUES ('PROTO', 'pro_price_component_b(upd)', '2014-04-20 11:46:29', 'AJM', NULL, NULL);

REPLACE INTO `mnu_task` (`task_id`, `task_name`, `task_desc`, `button_text`, `task_type`, `script_id`, `is_disabled`, `pattern_id`, `subsys_id`, `initial_passthru`, `selection_fixed`, `selection_temp`, `settings`, `order_by`, `keep_data`, `log_sql_query`, `screen_refresh`, `use_https`, `max_execution_time`, `task_id_run_at_end`, `task_id_run_at_cancel`, `created_date`, `created_user`, `revised_date`, `revised_user`) VALUES ('pro_price_component_c(add)', 'Insert Price by Product Category', NULL, 'New', 'PROC', 'price_component.prod_cat.add.php', 'N', 'ADD2', 'PRODUCT', NULL, NULL, NULL, NULL, NULL, 'N', 'N', NULL, 'N', NULL, NULL, NULL, '2003-01-01 12:00:00', 'AJM', NULL, NULL);

REPLACE INTO `mnu_role_task` (`role_id`, `task_id`, `created_date`, `created_user`, `revised_date`, `revised_user`) VALUES ('DEMO', 'pro_price_component_c(add)', '2015-11-03 10:07:26', 'AJM', NULL, NULL);
REPLACE INTO `mnu_role_task` (`role_id`, `task_id`, `created_date`, `created_user`, `revised_date`, `revised_user`) VALUES ('PRODUCT', 'pro_price_component_c(add)', '2014-04-19 06:15:44', 'AJM', NULL, NULL);
REPLACE INTO `mnu_role_task` (`role_id`, `task_id`, `created_date`, `created_user`, `revised_date`, `revised_user`) VALUES ('PROTO', 'pro_price_component_c(add)', '2014-04-20 11:46:29', 'AJM', NULL, NULL);

REPLACE INTO `mnu_task` (`task_id`, `task_name`, `task_desc`, `button_text`, `task_type`, `script_id`, `is_disabled`, `pattern_id`, `subsys_id`, `initial_passthru`, `selection_fixed`, `selection_temp`, `settings`, `order_by`, `keep_data`, `log_sql_query`, `screen_refresh`, `use_https`, `max_execution_time`, `task_id_run_at_end`, `task_id_run_at_cancel`, `created_date`, `created_user`, `revised_date`, `revised_user`) VALUES ('pro_price_component_c(del)', 'Delete Price by Product Category', NULL, 'Delete', 'PROC', 'price_component.prod_cat.del.php', 'N', 'DEL1', 'PRODUCT', NULL, NULL, NULL, NULL, NULL, 'N', 'N', NULL, 'N', NULL, NULL, NULL, '2003-01-01 12:00:00', 'AJM', NULL, NULL);

REPLACE INTO `mnu_role_task` (`role_id`, `task_id`, `created_date`, `created_user`, `revised_date`, `revised_user`) VALUES ('DEMO', 'pro_price_component_c(del)', '2015-11-03 10:07:32', 'AJM', NULL, NULL);
REPLACE INTO `mnu_role_task` (`role_id`, `task_id`, `created_date`, `created_user`, `revised_date`, `revised_user`) VALUES ('PRODUCT', 'pro_price_component_c(del)', '2014-04-19 06:15:45', 'AJM', NULL, NULL);
REPLACE INTO `mnu_role_task` (`role_id`, `task_id`, `created_date`, `created_user`, `revised_date`, `revised_user`) VALUES ('PROTO', 'pro_price_component_c(del)', '2014-04-20 11:46:29', 'AJM', NULL, NULL);

REPLACE INTO `mnu_task` (`task_id`, `task_name`, `task_desc`, `button_text`, `task_type`, `script_id`, `is_disabled`, `pattern_id`, `subsys_id`, `initial_passthru`, `selection_fixed`, `selection_temp`, `settings`, `order_by`, `keep_data`, `log_sql_query`, `screen_refresh`, `use_https`, `max_execution_time`, `task_id_run_at_end`, `task_id_run_at_cancel`, `created_date`, `created_user`, `revised_date`, `revised_user`) VALUES ('pro_price_component_c(enq)', 'Enquire Price by Product Category', NULL, 'Read', 'PROC', 'price_component.prod_cat.enq.php', 'N', 'ENQ1', 'PRODUCT', NULL, NULL, NULL, NULL, NULL, 'N', 'N', NULL, 'N', NULL, NULL, NULL, '2003-01-01 12:00:00', 'AJM', NULL, NULL);

REPLACE INTO `mnu_role_task` (`role_id`, `task_id`, `created_date`, `created_user`, `revised_date`, `revised_user`) VALUES ('DEMO', 'pro_price_component_c(enq)', '2015-11-03 10:07:32', 'AJM', NULL, NULL);
REPLACE INTO `mnu_role_task` (`role_id`, `task_id`, `created_date`, `created_user`, `revised_date`, `revised_user`) VALUES ('PRODUCT', 'pro_price_component_c(enq)', '2014-04-19 06:15:46', 'AJM', NULL, NULL);
REPLACE INTO `mnu_role_task` (`role_id`, `task_id`, `created_date`, `created_user`, `revised_date`, `revised_user`) VALUES ('PROTO', 'pro_price_component_c(enq)', '2014-04-20 11:46:30', 'AJM', NULL, NULL);

REPLACE INTO `mnu_task` (`task_id`, `task_name`, `task_desc`, `button_text`, `task_type`, `script_id`, `is_disabled`, `pattern_id`, `subsys_id`, `initial_passthru`, `selection_fixed`, `selection_temp`, `settings`, `order_by`, `keep_data`, `log_sql_query`, `screen_refresh`, `use_https`, `max_execution_time`, `task_id_run_at_end`, `task_id_run_at_cancel`, `created_date`, `created_user`, `revised_date`, `revised_user`) VALUES ('pro_price_component_c(list)', 'List Price by Product Category', NULL, 'Price Component', 'PROC', 'price_component.prod_cat.list.php', 'N', 'LIST2', 'PRODUCT', NULL, NULL, 'curr_or_hist=\'C\'', NULL, NULL, 'Y', 'N', NULL, 'N', NULL, NULL, NULL, '2003-01-01 12:00:00', 'AJM', '2004-05-18 16:21:17', 'AJM');

REPLACE INTO `mnu_nav_button` (`task_id_snr`, `task_id_jnr`, `sort_seq`, `button_text`, `context_preselect`, `created_date`, `created_user`, `revised_date`, `revised_user`) VALUES ('pro_price_component_c(list)', 'audit_dtl(list)3', '008', 'Audit Trail', 'Y', '2004-04-09 11:53:57', 'AJM', '2004-04-17 17:21:39', 'AJM');
REPLACE INTO `mnu_nav_button` (`task_id_snr`, `task_id_jnr`, `sort_seq`, `button_text`, `context_preselect`, `created_date`, `created_user`, `revised_date`, `revised_user`) VALUES ('pro_price_component_c(list)', 'date(current)', '006', 'Current', 'N', '2004-04-17 17:21:26', 'AJM', '2004-04-17 17:21:39', 'AJM');
REPLACE INTO `mnu_nav_button` (`task_id_snr`, `task_id_jnr`, `sort_seq`, `button_text`, `context_preselect`, `created_date`, `created_user`, `revised_date`, `revised_user`) VALUES ('pro_price_component_c(list)', 'date(historic)', '007', 'Historic', 'N', '2004-04-17 17:21:26', 'AJM', '2004-04-17 17:21:39', 'AJM');
REPLACE INTO `mnu_nav_button` (`task_id_snr`, `task_id_jnr`, `sort_seq`, `button_text`, `context_preselect`, `created_date`, `created_user`, `revised_date`, `revised_user`) VALUES ('pro_price_component_c(list)', 'pro_price_component_c(add)', '001', 'New', 'N', '2003-01-01 12:00:00', 'AJM', '2005-04-24 18:51:44', 'AJM');
REPLACE INTO `mnu_nav_button` (`task_id_snr`, `task_id_jnr`, `sort_seq`, `button_text`, `context_preselect`, `created_date`, `created_user`, `revised_date`, `revised_user`) VALUES ('pro_price_component_c(list)', 'pro_price_component_c(del)', '004', 'Delete', 'Y', '2003-01-01 12:00:00', 'AJM', NULL, NULL);
REPLACE INTO `mnu_nav_button` (`task_id_snr`, `task_id_jnr`, `sort_seq`, `button_text`, `context_preselect`, `created_date`, `created_user`, `revised_date`, `revised_user`) VALUES ('pro_price_component_c(list)', 'pro_price_component_c(enq)', '002', 'Read', 'Y', '2003-01-01 12:00:00', 'AJM', NULL, NULL);
REPLACE INTO `mnu_nav_button` (`task_id_snr`, `task_id_jnr`, `sort_seq`, `button_text`, `context_preselect`, `created_date`, `created_user`, `revised_date`, `revised_user`) VALUES ('pro_price_component_c(list)', 'pro_price_component_c(search)', '005', 'Search', 'N', '2003-01-01 12:00:00', 'AJM', NULL, NULL);
REPLACE INTO `mnu_nav_button` (`task_id_snr`, `task_id_jnr`, `sort_seq`, `button_text`, `context_preselect`, `created_date`, `created_user`, `revised_date`, `revised_user`) VALUES ('pro_price_component_c(list)', 'pro_price_component_c(upd)', '003', 'Update', 'Y', '2003-01-01 12:00:00', 'AJM', NULL, NULL);

REPLACE INTO `mnu_role_task` (`role_id`, `task_id`, `created_date`, `created_user`, `revised_date`, `revised_user`) VALUES ('DEMO', 'pro_price_component_c(list)', '2015-11-03 10:07:32', 'AJM', NULL, NULL);
REPLACE INTO `mnu_role_task` (`role_id`, `task_id`, `created_date`, `created_user`, `revised_date`, `revised_user`) VALUES ('PRODUCT', 'pro_price_component_c(list)', '2014-04-19 06:15:46', 'AJM', NULL, NULL);
REPLACE INTO `mnu_role_task` (`role_id`, `task_id`, `created_date`, `created_user`, `revised_date`, `revised_user`) VALUES ('PROTO', 'pro_price_component_c(list)', '2014-04-20 11:46:30', 'AJM', NULL, NULL);

REPLACE INTO `mnu_task` (`task_id`, `task_name`, `task_desc`, `button_text`, `task_type`, `script_id`, `is_disabled`, `pattern_id`, `subsys_id`, `initial_passthru`, `selection_fixed`, `selection_temp`, `settings`, `order_by`, `keep_data`, `log_sql_query`, `screen_refresh`, `use_https`, `max_execution_time`, `task_id_run_at_end`, `task_id_run_at_cancel`, `created_date`, `created_user`, `revised_date`, `revised_user`) VALUES ('pro_price_component_c(search)', 'Search Price by Product Category', NULL, 'Search', 'PROC', 'price_component.prod_cat.search.php', 'N', 'SRCH', 'PRODUCT', NULL, NULL, NULL, NULL, NULL, 'N', 'N', NULL, 'N', NULL, NULL, NULL, '2003-01-01 12:00:00', 'AJM', NULL, NULL);

REPLACE INTO `mnu_role_task` (`role_id`, `task_id`, `created_date`, `created_user`, `revised_date`, `revised_user`) VALUES ('DEMO', 'pro_price_component_c(search)', '2015-11-03 10:07:32', 'AJM', NULL, NULL);
REPLACE INTO `mnu_role_task` (`role_id`, `task_id`, `created_date`, `created_user`, `revised_date`, `revised_user`) VALUES ('PRODUCT', 'pro_price_component_c(search)', '2014-04-19 06:15:47', 'AJM', NULL, NULL);
REPLACE INTO `mnu_role_task` (`role_id`, `task_id`, `created_date`, `created_user`, `revised_date`, `revised_user`) VALUES ('PROTO', 'pro_price_component_c(search)', '2014-04-20 11:46:31', 'AJM', NULL, NULL);

REPLACE INTO `mnu_task` (`task_id`, `task_name`, `task_desc`, `button_text`, `task_type`, `script_id`, `is_disabled`, `pattern_id`, `subsys_id`, `initial_passthru`, `selection_fixed`, `selection_temp`, `settings`, `order_by`, `keep_data`, `log_sql_query`, `screen_refresh`, `use_https`, `max_execution_time`, `task_id_run_at_end`, `task_id_run_at_cancel`, `created_date`, `created_user`, `revised_date`, `revised_user`) VALUES ('pro_price_component_c(upd)', 'Update Price by Product Category', NULL, 'Update', 'PROC', 'price_component.prod_cat.upd.php', 'N', 'UPD1', 'PRODUCT', NULL, NULL, NULL, NULL, NULL, 'N', 'N', NULL, 'N', NULL, NULL, NULL, '2003-01-01 12:00:00', 'AJM', '2004-04-16 17:31:34', 'AJM');

REPLACE INTO `mnu_role_task` (`role_id`, `task_id`, `created_date`, `created_user`, `revised_date`, `revised_user`) VALUES ('DEMO', 'pro_price_component_c(upd)', '2015-11-03 10:07:33', 'AJM', NULL, NULL);
REPLACE INTO `mnu_role_task` (`role_id`, `task_id`, `created_date`, `created_user`, `revised_date`, `revised_user`) VALUES ('PRODUCT', 'pro_price_component_c(upd)', '2014-04-19 06:15:47', 'AJM', NULL, NULL);
REPLACE INTO `mnu_role_task` (`role_id`, `task_id`, `created_date`, `created_user`, `revised_date`, `revised_user`) VALUES ('PROTO', 'pro_price_component_c(upd)', '2014-04-20 11:46:31', 'AJM', NULL, NULL);

REPLACE INTO `mnu_task` (`task_id`, `task_name`, `task_desc`, `button_text`, `task_type`, `script_id`, `is_disabled`, `pattern_id`, `subsys_id`, `initial_passthru`, `selection_fixed`, `selection_temp`, `settings`, `order_by`, `keep_data`, `log_sql_query`, `screen_refresh`, `use_https`, `max_execution_time`, `task_id_run_at_end`, `task_id_run_at_cancel`, `created_date`, `created_user`, `revised_date`, `revised_user`) VALUES ('pro_prod_cat_class(add)', 'Insert Product Category Class', NULL, 'New', 'PROC', 'prod_cat_class.add.php', 'N', 'ADD1', 'PRODUCT', NULL, NULL, NULL, NULL, NULL, 'N', 'N', NULL, 'N', NULL, NULL, NULL, '2003-01-01 12:00:00', 'AJM', NULL, NULL);

REPLACE INTO `mnu_role_task` (`role_id`, `task_id`, `created_date`, `created_user`, `revised_date`, `revised_user`) VALUES ('DEMO', 'pro_prod_cat_class(add)', '2015-11-03 10:07:33', 'AJM', NULL, NULL);
REPLACE INTO `mnu_role_task` (`role_id`, `task_id`, `created_date`, `created_user`, `revised_date`, `revised_user`) VALUES ('PRODUCT', 'pro_prod_cat_class(add)', '2014-04-19 06:16:38', 'AJM', NULL, NULL);
REPLACE INTO `mnu_role_task` (`role_id`, `task_id`, `created_date`, `created_user`, `revised_date`, `revised_user`) VALUES ('PROTO', 'pro_prod_cat_class(add)', '2014-04-20 11:46:31', 'AJM', NULL, NULL);

REPLACE INTO `mnu_task` (`task_id`, `task_name`, `task_desc`, `button_text`, `task_type`, `script_id`, `is_disabled`, `pattern_id`, `subsys_id`, `initial_passthru`, `selection_fixed`, `selection_temp`, `settings`, `order_by`, `keep_data`, `log_sql_query`, `screen_refresh`, `use_https`, `max_execution_time`, `task_id_run_at_end`, `task_id_run_at_cancel`, `created_date`, `created_user`, `revised_date`, `revised_user`) VALUES ('pro_prod_cat_class(del)', 'Delete Product Category Class', NULL, 'Delete', 'PROC', 'prod_cat_class.del.php', 'N', 'DEL1', 'PRODUCT', NULL, NULL, NULL, NULL, NULL, 'N', 'N', NULL, 'N', NULL, NULL, NULL, '2003-01-01 12:00:00', 'AJM', NULL, NULL);

REPLACE INTO `mnu_role_task` (`role_id`, `task_id`, `created_date`, `created_user`, `revised_date`, `revised_user`) VALUES ('DEMO', 'pro_prod_cat_class(del)', '2015-11-03 10:07:33', 'AJM', NULL, NULL);
REPLACE INTO `mnu_role_task` (`role_id`, `task_id`, `created_date`, `created_user`, `revised_date`, `revised_user`) VALUES ('PRODUCT', 'pro_prod_cat_class(del)', '2014-04-19 06:16:39', 'AJM', NULL, NULL);
REPLACE INTO `mnu_role_task` (`role_id`, `task_id`, `created_date`, `created_user`, `revised_date`, `revised_user`) VALUES ('PROTO', 'pro_prod_cat_class(del)', '2014-04-20 11:46:32', 'AJM', NULL, NULL);

REPLACE INTO `mnu_task` (`task_id`, `task_name`, `task_desc`, `button_text`, `task_type`, `script_id`, `is_disabled`, `pattern_id`, `subsys_id`, `initial_passthru`, `selection_fixed`, `selection_temp`, `settings`, `order_by`, `keep_data`, `log_sql_query`, `screen_refresh`, `use_https`, `max_execution_time`, `task_id_run_at_end`, `task_id_run_at_cancel`, `created_date`, `created_user`, `revised_date`, `revised_user`) VALUES ('pro_prod_cat_class(enq)', 'Enquire Product Category Class', NULL, 'Read', 'PROC', 'prod_cat_class.enq.php', 'N', 'ENQ1', 'PRODUCT', NULL, NULL, NULL, NULL, NULL, 'N', 'N', NULL, 'N', NULL, NULL, NULL, '2003-01-01 12:00:00', 'AJM', NULL, NULL);

REPLACE INTO `mnu_role_task` (`role_id`, `task_id`, `created_date`, `created_user`, `revised_date`, `revised_user`) VALUES ('DEMO', 'pro_prod_cat_class(enq)', '2015-11-03 10:07:33', 'AJM', NULL, NULL);
REPLACE INTO `mnu_role_task` (`role_id`, `task_id`, `created_date`, `created_user`, `revised_date`, `revised_user`) VALUES ('PRODUCT', 'pro_prod_cat_class(enq)', '2014-04-19 06:16:40', 'AJM', NULL, NULL);
REPLACE INTO `mnu_role_task` (`role_id`, `task_id`, `created_date`, `created_user`, `revised_date`, `revised_user`) VALUES ('PROTO', 'pro_prod_cat_class(enq)', '2014-04-20 11:46:40', 'AJM', NULL, NULL);

REPLACE INTO `mnu_task` (`task_id`, `task_name`, `task_desc`, `button_text`, `task_type`, `script_id`, `is_disabled`, `pattern_id`, `subsys_id`, `initial_passthru`, `selection_fixed`, `selection_temp`, `settings`, `order_by`, `keep_data`, `log_sql_query`, `screen_refresh`, `use_https`, `max_execution_time`, `task_id_run_at_end`, `task_id_run_at_cancel`, `created_date`, `created_user`, `revised_date`, `revised_user`) VALUES ('pro_prod_cat_class(list)', 'List Product Category Class', NULL, 'Category Class', 'PROC', 'prod_cat_class.list.php', 'N', 'LIST2', 'PRODUCT', NULL, NULL, 'curr_or_hist=\'C\'', NULL, NULL, 'N', 'N', NULL, 'N', NULL, NULL, NULL, '2003-01-01 12:00:00', 'AJM', '2004-05-18 16:27:12', 'AJM');

REPLACE INTO `mnu_nav_button` (`task_id_snr`, `task_id_jnr`, `sort_seq`, `button_text`, `context_preselect`, `created_date`, `created_user`, `revised_date`, `revised_user`) VALUES ('pro_prod_cat_class(list)', 'audit_dtl(list)3', '007', 'Audit Trail', 'Y', '2004-04-09 12:00:51', 'AJM', NULL, NULL);
REPLACE INTO `mnu_nav_button` (`task_id_snr`, `task_id_jnr`, `sort_seq`, `button_text`, `context_preselect`, `created_date`, `created_user`, `revised_date`, `revised_user`) VALUES ('pro_prod_cat_class(list)', 'pro_prod_cat_class(add)', '001', 'New', 'N', '2003-01-01 12:00:00', 'AJM', NULL, NULL);
REPLACE INTO `mnu_nav_button` (`task_id_snr`, `task_id_jnr`, `sort_seq`, `button_text`, `context_preselect`, `created_date`, `created_user`, `revised_date`, `revised_user`) VALUES ('pro_prod_cat_class(list)', 'pro_prod_cat_class(del)', '004', 'Delete', 'Y', '2003-01-01 12:00:00', 'AJM', NULL, NULL);
REPLACE INTO `mnu_nav_button` (`task_id_snr`, `task_id_jnr`, `sort_seq`, `button_text`, `context_preselect`, `created_date`, `created_user`, `revised_date`, `revised_user`) VALUES ('pro_prod_cat_class(list)', 'pro_prod_cat_class(enq)', '002', 'Read', 'Y', '2003-01-01 12:00:00', 'AJM', NULL, NULL);
REPLACE INTO `mnu_nav_button` (`task_id_snr`, `task_id_jnr`, `sort_seq`, `button_text`, `context_preselect`, `created_date`, `created_user`, `revised_date`, `revised_user`) VALUES ('pro_prod_cat_class(list)', 'pro_prod_cat_class(search)', '006', 'Search', 'N', '2003-01-01 12:00:00', 'AJM', NULL, NULL);
REPLACE INTO `mnu_nav_button` (`task_id_snr`, `task_id_jnr`, `sort_seq`, `button_text`, `context_preselect`, `created_date`, `created_user`, `revised_date`, `revised_user`) VALUES ('pro_prod_cat_class(list)', 'pro_prod_cat_class(upd)', '003', 'Update', 'Y', '2003-01-01 12:00:00', 'AJM', NULL, NULL);

REPLACE INTO `mnu_role_task` (`role_id`, `task_id`, `created_date`, `created_user`, `revised_date`, `revised_user`) VALUES ('DEMO', 'pro_prod_cat_class(list)', '2015-11-03 10:07:33', 'AJM', NULL, NULL);
REPLACE INTO `mnu_role_task` (`role_id`, `task_id`, `created_date`, `created_user`, `revised_date`, `revised_user`) VALUES ('PRODUCT', 'pro_prod_cat_class(list)', '2014-04-19 06:16:40', 'AJM', NULL, NULL);
REPLACE INTO `mnu_role_task` (`role_id`, `task_id`, `created_date`, `created_user`, `revised_date`, `revised_user`) VALUES ('PROTO', 'pro_prod_cat_class(list)', '2014-04-20 11:46:40', 'AJM', NULL, NULL);

REPLACE INTO `mnu_task` (`task_id`, `task_name`, `task_desc`, `button_text`, `task_type`, `script_id`, `is_disabled`, `pattern_id`, `subsys_id`, `initial_passthru`, `selection_fixed`, `selection_temp`, `settings`, `order_by`, `keep_data`, `log_sql_query`, `screen_refresh`, `use_https`, `max_execution_time`, `task_id_run_at_end`, `task_id_run_at_cancel`, `created_date`, `created_user`, `revised_date`, `revised_user`) VALUES ('pro_prod_cat_class(search)', 'Search Product Category Class', NULL, 'Search', 'PROC', 'prod_cat_class.search.php', 'N', 'SRCH', 'PRODUCT', NULL, NULL, NULL, NULL, NULL, 'N', 'N', NULL, 'N', NULL, NULL, NULL, '2003-01-01 12:00:00', 'AJM', NULL, NULL);

REPLACE INTO `mnu_role_task` (`role_id`, `task_id`, `created_date`, `created_user`, `revised_date`, `revised_user`) VALUES ('DEMO', 'pro_prod_cat_class(search)', '2015-11-03 10:07:34', 'AJM', NULL, NULL);
REPLACE INTO `mnu_role_task` (`role_id`, `task_id`, `created_date`, `created_user`, `revised_date`, `revised_user`) VALUES ('PRODUCT', 'pro_prod_cat_class(search)', '2014-04-19 06:16:40', 'AJM', NULL, NULL);
REPLACE INTO `mnu_role_task` (`role_id`, `task_id`, `created_date`, `created_user`, `revised_date`, `revised_user`) VALUES ('PROTO', 'pro_prod_cat_class(search)', '2014-04-20 11:46:41', 'AJM', NULL, NULL);

REPLACE INTO `mnu_task` (`task_id`, `task_name`, `task_desc`, `button_text`, `task_type`, `script_id`, `is_disabled`, `pattern_id`, `subsys_id`, `initial_passthru`, `selection_fixed`, `selection_temp`, `settings`, `order_by`, `keep_data`, `log_sql_query`, `screen_refresh`, `use_https`, `max_execution_time`, `task_id_run_at_end`, `task_id_run_at_cancel`, `created_date`, `created_user`, `revised_date`, `revised_user`) VALUES ('pro_prod_cat_class(upd)', 'Update Product Category Class', NULL, 'Update', 'PROC', 'prod_cat_class.upd.php', 'N', 'UPD1', 'PRODUCT', NULL, NULL, NULL, NULL, NULL, 'N', 'N', NULL, 'N', NULL, NULL, NULL, '2003-01-01 12:00:00', 'AJM', '2004-04-16 17:31:47', 'AJM');

REPLACE INTO `mnu_role_task` (`role_id`, `task_id`, `created_date`, `created_user`, `revised_date`, `revised_user`) VALUES ('DEMO', 'pro_prod_cat_class(upd)', '2015-11-03 10:07:40', 'AJM', NULL, NULL);
REPLACE INTO `mnu_role_task` (`role_id`, `task_id`, `created_date`, `created_user`, `revised_date`, `revised_user`) VALUES ('PRODUCT', 'pro_prod_cat_class(upd)', '2014-04-19 06:16:41', 'AJM', NULL, NULL);
REPLACE INTO `mnu_role_task` (`role_id`, `task_id`, `created_date`, `created_user`, `revised_date`, `revised_user`) VALUES ('PROTO', 'pro_prod_cat_class(upd)', '2014-04-20 11:46:41', 'AJM', NULL, NULL);

REPLACE INTO `mnu_task` (`task_id`, `task_name`, `task_desc`, `button_text`, `task_type`, `script_id`, `is_disabled`, `pattern_id`, `subsys_id`, `initial_passthru`, `selection_fixed`, `selection_temp`, `settings`, `order_by`, `keep_data`, `log_sql_query`, `screen_refresh`, `use_https`, `max_execution_time`, `task_id_run_at_end`, `task_id_run_at_cancel`, `created_date`, `created_user`, `revised_date`, `revised_user`) VALUES ('pro_prod_cat_rollup(add)', 'Insert Product Category Rollup', NULL, 'New', 'PROC', 'prod_cat_rollup.add.php', 'N', 'ADD3', 'PRODUCT', NULL, NULL, NULL, NULL, NULL, 'N', 'N', NULL, 'N', NULL, NULL, NULL, '2003-01-01 12:00:00', 'AJM', NULL, NULL);

REPLACE INTO `mnu_role_task` (`role_id`, `task_id`, `created_date`, `created_user`, `revised_date`, `revised_user`) VALUES ('DEMO', 'pro_prod_cat_rollup(add)', '2015-11-03 10:07:40', 'AJM', NULL, NULL);
REPLACE INTO `mnu_role_task` (`role_id`, `task_id`, `created_date`, `created_user`, `revised_date`, `revised_user`) VALUES ('PRODUCT', 'pro_prod_cat_rollup(add)', '2014-04-19 06:16:41', 'AJM', NULL, NULL);
REPLACE INTO `mnu_role_task` (`role_id`, `task_id`, `created_date`, `created_user`, `revised_date`, `revised_user`) VALUES ('PROTO', 'pro_prod_cat_rollup(add)', '2014-04-20 11:46:41', 'AJM', NULL, NULL);

REPLACE INTO `mnu_task` (`task_id`, `task_name`, `task_desc`, `button_text`, `task_type`, `script_id`, `is_disabled`, `pattern_id`, `subsys_id`, `initial_passthru`, `selection_fixed`, `selection_temp`, `settings`, `order_by`, `keep_data`, `log_sql_query`, `screen_refresh`, `use_https`, `max_execution_time`, `task_id_run_at_end`, `task_id_run_at_cancel`, `created_date`, `created_user`, `revised_date`, `revised_user`) VALUES ('pro_prod_cat_rollup(del)', 'Delete Product Category Rollup', NULL, 'Delete', 'PROC', 'prod_cat_rollup.del.php', 'N', 'DEL2', 'PRODUCT', NULL, NULL, NULL, NULL, NULL, 'N', 'N', NULL, 'N', NULL, NULL, NULL, '2003-01-01 12:00:00', 'AJM', NULL, NULL);

REPLACE INTO `mnu_role_task` (`role_id`, `task_id`, `created_date`, `created_user`, `revised_date`, `revised_user`) VALUES ('DEMO', 'pro_prod_cat_rollup(del)', '2015-11-03 10:07:40', 'AJM', NULL, NULL);
REPLACE INTO `mnu_role_task` (`role_id`, `task_id`, `created_date`, `created_user`, `revised_date`, `revised_user`) VALUES ('PRODUCT', 'pro_prod_cat_rollup(del)', '2014-04-19 06:16:41', 'AJM', NULL, NULL);
REPLACE INTO `mnu_role_task` (`role_id`, `task_id`, `created_date`, `created_user`, `revised_date`, `revised_user`) VALUES ('PROTO', 'pro_prod_cat_rollup(del)', '2014-04-20 11:46:42', 'AJM', NULL, NULL);

REPLACE INTO `mnu_task` (`task_id`, `task_name`, `task_desc`, `button_text`, `task_type`, `script_id`, `is_disabled`, `pattern_id`, `subsys_id`, `initial_passthru`, `selection_fixed`, `selection_temp`, `settings`, `order_by`, `keep_data`, `log_sql_query`, `screen_refresh`, `use_https`, `max_execution_time`, `task_id_run_at_end`, `task_id_run_at_cancel`, `created_date`, `created_user`, `revised_date`, `revised_user`) VALUES ('pro_prod_cat_rollup(list)', 'Product Category Rollup List', NULL, 'Rollup', 'PROC', 'prod_cat_rollup.list.php', 'N', 'LIST2', 'PRODUCT', NULL, NULL, NULL, NULL, 'prod_cat_id_jnr', 'N', 'N', NULL, 'N', NULL, NULL, NULL, '2003-01-01 12:00:00', 'AJM', '2004-05-18 16:35:23', 'AJM');

REPLACE INTO `mnu_nav_button` (`task_id_snr`, `task_id_jnr`, `sort_seq`, `button_text`, `context_preselect`, `created_date`, `created_user`, `revised_date`, `revised_user`) VALUES ('pro_prod_cat_rollup(list)', 'audit_dtl(list)3', '003', 'Audit Trail', 'Y', '2004-04-09 12:00:58', 'AJM', NULL, NULL);
REPLACE INTO `mnu_nav_button` (`task_id_snr`, `task_id_jnr`, `sort_seq`, `button_text`, `context_preselect`, `created_date`, `created_user`, `revised_date`, `revised_user`) VALUES ('pro_prod_cat_rollup(list)', 'pro_prod_cat_rollup(add)', '001', 'New', 'N', '2003-01-01 12:00:00', 'AJM', NULL, NULL);
REPLACE INTO `mnu_nav_button` (`task_id_snr`, `task_id_jnr`, `sort_seq`, `button_text`, `context_preselect`, `created_date`, `created_user`, `revised_date`, `revised_user`) VALUES ('pro_prod_cat_rollup(list)', 'pro_prod_cat_rollup(del)', '002', 'Delete', 'Y', '2003-01-01 12:00:00', 'AJM', NULL, NULL);

REPLACE INTO `mnu_role_task` (`role_id`, `task_id`, `created_date`, `created_user`, `revised_date`, `revised_user`) VALUES ('DEMO', 'pro_prod_cat_rollup(list)', '2015-11-03 10:07:40', 'AJM', NULL, NULL);
REPLACE INTO `mnu_role_task` (`role_id`, `task_id`, `created_date`, `created_user`, `revised_date`, `revised_user`) VALUES ('PRODUCT', 'pro_prod_cat_rollup(list)', '2014-04-19 06:16:42', 'AJM', NULL, NULL);
REPLACE INTO `mnu_role_task` (`role_id`, `task_id`, `created_date`, `created_user`, `revised_date`, `revised_user`) VALUES ('PROTO', 'pro_prod_cat_rollup(list)', '2014-04-20 11:46:42', 'AJM', NULL, NULL);

REPLACE INTO `mnu_task` (`task_id`, `task_name`, `task_desc`, `button_text`, `task_type`, `script_id`, `is_disabled`, `pattern_id`, `subsys_id`, `initial_passthru`, `selection_fixed`, `selection_temp`, `settings`, `order_by`, `keep_data`, `log_sql_query`, `screen_refresh`, `use_https`, `max_execution_time`, `task_id_run_at_end`, `task_id_run_at_cancel`, `created_date`, `created_user`, `revised_date`, `revised_user`) VALUES ('pro_prod_cat(add)', 'Insert Product Category', NULL, 'New', 'PROC', 'product_category.add.php', 'N', 'ADD1', 'PRODUCT', NULL, NULL, NULL, NULL, NULL, 'N', 'N', NULL, 'N', NULL, NULL, NULL, '2003-01-01 12:00:00', 'AJM', NULL, NULL);

REPLACE INTO `mnu_role_task` (`role_id`, `task_id`, `created_date`, `created_user`, `revised_date`, `revised_user`) VALUES ('DEMO', 'pro_prod_cat(add)', '2015-11-03 10:07:40', 'AJM', NULL, NULL);
REPLACE INTO `mnu_role_task` (`role_id`, `task_id`, `created_date`, `created_user`, `revised_date`, `revised_user`) VALUES ('PRODUCT', 'pro_prod_cat(add)', '2014-04-19 06:14:25', 'AJM', NULL, NULL);
REPLACE INTO `mnu_role_task` (`role_id`, `task_id`, `created_date`, `created_user`, `revised_date`, `revised_user`) VALUES ('PROTO', 'pro_prod_cat(add)', '2014-04-20 11:46:42', 'AJM', NULL, NULL);

REPLACE INTO `mnu_task` (`task_id`, `task_name`, `task_desc`, `button_text`, `task_type`, `script_id`, `is_disabled`, `pattern_id`, `subsys_id`, `initial_passthru`, `selection_fixed`, `selection_temp`, `settings`, `order_by`, `keep_data`, `log_sql_query`, `screen_refresh`, `use_https`, `max_execution_time`, `task_id_run_at_end`, `task_id_run_at_cancel`, `created_date`, `created_user`, `revised_date`, `revised_user`) VALUES ('pro_prod_cat(del)', 'Delete Product Category', NULL, 'Delete', 'PROC', 'product_category.del.php', 'N', 'DEL1', 'PRODUCT', NULL, NULL, NULL, NULL, NULL, 'N', 'N', NULL, 'N', NULL, NULL, NULL, '2003-01-01 12:00:00', 'AJM', NULL, NULL);

REPLACE INTO `mnu_role_task` (`role_id`, `task_id`, `created_date`, `created_user`, `revised_date`, `revised_user`) VALUES ('DEMO', 'pro_prod_cat(del)', '2015-11-03 10:07:40', 'AJM', NULL, NULL);
REPLACE INTO `mnu_role_task` (`role_id`, `task_id`, `created_date`, `created_user`, `revised_date`, `revised_user`) VALUES ('PRODUCT', 'pro_prod_cat(del)', '2014-04-19 06:14:25', 'AJM', NULL, NULL);
REPLACE INTO `mnu_role_task` (`role_id`, `task_id`, `created_date`, `created_user`, `revised_date`, `revised_user`) VALUES ('PROTO', 'pro_prod_cat(del)', '2014-04-20 11:46:43', 'AJM', NULL, NULL);

REPLACE INTO `mnu_task` (`task_id`, `task_name`, `task_desc`, `button_text`, `task_type`, `script_id`, `is_disabled`, `pattern_id`, `subsys_id`, `initial_passthru`, `selection_fixed`, `selection_temp`, `settings`, `order_by`, `keep_data`, `log_sql_query`, `screen_refresh`, `use_https`, `max_execution_time`, `task_id_run_at_end`, `task_id_run_at_cancel`, `created_date`, `created_user`, `revised_date`, `revised_user`) VALUES ('pro_prod_cat(enq)', 'Enquire Product Category', NULL, 'Read', 'PROC', 'product_category.enq.php', 'N', 'ENQ1', 'PRODUCT', NULL, NULL, NULL, NULL, NULL, 'N', 'N', NULL, 'N', NULL, NULL, NULL, '2003-01-01 12:00:00', 'AJM', NULL, NULL);

REPLACE INTO `mnu_role_task` (`role_id`, `task_id`, `created_date`, `created_user`, `revised_date`, `revised_user`) VALUES ('DEMO', 'pro_prod_cat(enq)', '2015-11-03 10:07:40', 'AJM', NULL, NULL);
REPLACE INTO `mnu_role_task` (`role_id`, `task_id`, `created_date`, `created_user`, `revised_date`, `revised_user`) VALUES ('PRODUCT', 'pro_prod_cat(enq)', '2014-04-19 06:14:26', 'AJM', NULL, NULL);
REPLACE INTO `mnu_role_task` (`role_id`, `task_id`, `created_date`, `created_user`, `revised_date`, `revised_user`) VALUES ('PROTO', 'pro_prod_cat(enq)', '2014-04-20 11:46:43', 'AJM', NULL, NULL);

REPLACE INTO `mnu_task` (`task_id`, `task_name`, `task_desc`, `button_text`, `task_type`, `script_id`, `is_disabled`, `pattern_id`, `subsys_id`, `initial_passthru`, `selection_fixed`, `selection_temp`, `settings`, `order_by`, `keep_data`, `log_sql_query`, `screen_refresh`, `use_https`, `max_execution_time`, `task_id_run_at_end`, `task_id_run_at_cancel`, `created_date`, `created_user`, `revised_date`, `revised_user`) VALUES ('pro_prod_cat(list)', 'List Product Category', NULL, 'Category', 'PROC', 'product_category.list.php', 'N', 'LIST1', 'PRODUCT', NULL, NULL, NULL, NULL, 'prod_cat_id', 'Y', 'N', NULL, 'N', NULL, NULL, NULL, '2003-01-01 12:00:00', 'AJM', '2006-07-03 09:55:03', 'AJM');

REPLACE INTO `mnu_nav_button` (`task_id_snr`, `task_id_jnr`, `sort_seq`, `button_text`, `context_preselect`, `created_date`, `created_user`, `revised_date`, `revised_user`) VALUES ('pro_prod_cat(list)', 'audit_dtl(list)3', '008', 'Audit Trail', 'Y', '2004-04-09 11:54:53', 'AJM', NULL, NULL);
REPLACE INTO `mnu_nav_button` (`task_id_snr`, `task_id_jnr`, `sort_seq`, `button_text`, `context_preselect`, `created_date`, `created_user`, `revised_date`, `revised_user`) VALUES ('pro_prod_cat(list)', 'pro_price_component_c(list)', '006', 'Price Component', 'Y', '2003-01-01 12:00:00', 'AJM', '2004-05-18 15:22:35', 'AJM');
REPLACE INTO `mnu_nav_button` (`task_id_snr`, `task_id_jnr`, `sort_seq`, `button_text`, `context_preselect`, `created_date`, `created_user`, `revised_date`, `revised_user`) VALUES ('pro_prod_cat(list)', 'pro_prod_cat_rollup(list)', '005', 'Category Rollup', 'Y', '2003-01-01 12:00:00', 'AJM', NULL, NULL);
REPLACE INTO `mnu_nav_button` (`task_id_snr`, `task_id_jnr`, `sort_seq`, `button_text`, `context_preselect`, `created_date`, `created_user`, `revised_date`, `revised_user`) VALUES ('pro_prod_cat(list)', 'pro_prod_cat(add)', '001', 'New', 'N', '2003-01-01 12:00:00', 'AJM', NULL, NULL);
REPLACE INTO `mnu_nav_button` (`task_id_snr`, `task_id_jnr`, `sort_seq`, `button_text`, `context_preselect`, `created_date`, `created_user`, `revised_date`, `revised_user`) VALUES ('pro_prod_cat(list)', 'pro_prod_cat(del)', '004', 'Delete', 'Y', '2003-01-01 12:00:00', 'AJM', NULL, NULL);
REPLACE INTO `mnu_nav_button` (`task_id_snr`, `task_id_jnr`, `sort_seq`, `button_text`, `context_preselect`, `created_date`, `created_user`, `revised_date`, `revised_user`) VALUES ('pro_prod_cat(list)', 'pro_prod_cat(enq)', '002', 'Read', 'Y', '2003-01-01 12:00:00', 'AJM', NULL, NULL);
REPLACE INTO `mnu_nav_button` (`task_id_snr`, `task_id_jnr`, `sort_seq`, `button_text`, `context_preselect`, `created_date`, `created_user`, `revised_date`, `revised_user`) VALUES ('pro_prod_cat(list)', 'pro_prod_cat(search)', '007', 'Search', 'N', '2003-01-01 12:00:00', 'AJM', NULL, NULL);
REPLACE INTO `mnu_nav_button` (`task_id_snr`, `task_id_jnr`, `sort_seq`, `button_text`, `context_preselect`, `created_date`, `created_user`, `revised_date`, `revised_user`) VALUES ('pro_prod_cat(list)', 'pro_prod_cat(upd)', '003', 'Update', 'Y', '2003-01-01 12:00:00', 'AJM', NULL, NULL);

REPLACE INTO `mnu_role_task` (`role_id`, `task_id`, `created_date`, `created_user`, `revised_date`, `revised_user`) VALUES ('DEMO', 'pro_prod_cat(list)', '2015-11-03 10:07:40', 'AJM', NULL, NULL);
REPLACE INTO `mnu_role_task` (`role_id`, `task_id`, `created_date`, `created_user`, `revised_date`, `revised_user`) VALUES ('PRODUCT', 'pro_prod_cat(list)', '2014-04-19 06:14:26', 'AJM', NULL, NULL);
REPLACE INTO `mnu_role_task` (`role_id`, `task_id`, `created_date`, `created_user`, `revised_date`, `revised_user`) VALUES ('PROTO', 'pro_prod_cat(list)', '2014-04-20 11:46:49', 'AJM', NULL, NULL);

REPLACE INTO `mnu_task` (`task_id`, `task_name`, `task_desc`, `button_text`, `task_type`, `script_id`, `is_disabled`, `pattern_id`, `subsys_id`, `initial_passthru`, `selection_fixed`, `selection_temp`, `settings`, `order_by`, `keep_data`, `log_sql_query`, `screen_refresh`, `use_https`, `max_execution_time`, `task_id_run_at_end`, `task_id_run_at_cancel`, `created_date`, `created_user`, `revised_date`, `revised_user`) VALUES ('pro_prod_cat(popup)', 'Choose Product Category', NULL, 'Choose', 'PROC', 'product_category.popup.php', 'N', 'POPUP1', 'PRODUCT', NULL, NULL, NULL, NULL, NULL, 'N', 'N', NULL, 'N', NULL, NULL, NULL, '2003-01-01 12:00:00', 'AJM', '2006-10-06 13:37:46', 'AJM');

REPLACE INTO `mnu_nav_button` (`task_id_snr`, `task_id_jnr`, `sort_seq`, `button_text`, `context_preselect`, `created_date`, `created_user`, `revised_date`, `revised_user`) VALUES ('pro_prod_cat(popup)', 'pro_prod_cat(search)', '001', 'Search', 'N', '2003-01-01 12:00:00', 'AJM', NULL, NULL);

REPLACE INTO `mnu_role_task` (`role_id`, `task_id`, `created_date`, `created_user`, `revised_date`, `revised_user`) VALUES ('DEMO', 'pro_prod_cat(popup)', '2015-11-03 10:07:40', 'AJM', NULL, NULL);
REPLACE INTO `mnu_role_task` (`role_id`, `task_id`, `created_date`, `created_user`, `revised_date`, `revised_user`) VALUES ('PRODUCT', 'pro_prod_cat(popup)', '2014-04-19 06:14:26', 'AJM', NULL, NULL);
REPLACE INTO `mnu_role_task` (`role_id`, `task_id`, `created_date`, `created_user`, `revised_date`, `revised_user`) VALUES ('PROTO', 'pro_prod_cat(popup)', '2014-04-20 11:46:50', 'AJM', NULL, NULL);

REPLACE INTO `mnu_task` (`task_id`, `task_name`, `task_desc`, `button_text`, `task_type`, `script_id`, `is_disabled`, `pattern_id`, `subsys_id`, `initial_passthru`, `selection_fixed`, `selection_temp`, `settings`, `order_by`, `keep_data`, `log_sql_query`, `screen_refresh`, `use_https`, `max_execution_time`, `task_id_run_at_end`, `task_id_run_at_cancel`, `created_date`, `created_user`, `revised_date`, `revised_user`) VALUES ('pro_prod_cat(search)', 'Search Product Category', NULL, 'Search', 'PROC', 'product_category.search.php', 'N', 'SRCH', 'PRODUCT', NULL, NULL, NULL, NULL, NULL, 'N', 'N', NULL, 'N', NULL, NULL, NULL, '2003-01-01 12:00:00', 'AJM', NULL, NULL);

REPLACE INTO `mnu_role_task` (`role_id`, `task_id`, `created_date`, `created_user`, `revised_date`, `revised_user`) VALUES ('DEMO', 'pro_prod_cat(search)', '2015-11-03 10:07:41', 'AJM', NULL, NULL);
REPLACE INTO `mnu_role_task` (`role_id`, `task_id`, `created_date`, `created_user`, `revised_date`, `revised_user`) VALUES ('PRODUCT', 'pro_prod_cat(search)', '2014-04-19 06:14:27', 'AJM', NULL, NULL);
REPLACE INTO `mnu_role_task` (`role_id`, `task_id`, `created_date`, `created_user`, `revised_date`, `revised_user`) VALUES ('PROTO', 'pro_prod_cat(search)', '2014-04-20 11:46:50', 'AJM', NULL, NULL);

REPLACE INTO `mnu_task` (`task_id`, `task_name`, `task_desc`, `button_text`, `task_type`, `script_id`, `is_disabled`, `pattern_id`, `subsys_id`, `initial_passthru`, `selection_fixed`, `selection_temp`, `settings`, `order_by`, `keep_data`, `log_sql_query`, `screen_refresh`, `use_https`, `max_execution_time`, `task_id_run_at_end`, `task_id_run_at_cancel`, `created_date`, `created_user`, `revised_date`, `revised_user`) VALUES ('pro_prod_cat(upd)', 'Update Product Category', NULL, 'Update', 'PROC', 'product_category.upd.php', 'N', 'UPD1', 'PRODUCT', NULL, NULL, NULL, NULL, NULL, 'N', 'N', NULL, 'N', NULL, NULL, NULL, '2003-01-01 12:00:00', 'AJM', '2004-04-16 17:31:43', 'AJM');

REPLACE INTO `mnu_role_task` (`role_id`, `task_id`, `created_date`, `created_user`, `revised_date`, `revised_user`) VALUES ('DEMO', 'pro_prod_cat(upd)', '2015-11-03 10:07:46', 'AJM', NULL, NULL);
REPLACE INTO `mnu_role_task` (`role_id`, `task_id`, `created_date`, `created_user`, `revised_date`, `revised_user`) VALUES ('PRODUCT', 'pro_prod_cat(upd)', '2014-04-19 06:14:27', 'AJM', NULL, NULL);
REPLACE INTO `mnu_role_task` (`role_id`, `task_id`, `created_date`, `created_user`, `revised_date`, `revised_user`) VALUES ('PROTO', 'pro_prod_cat(upd)', '2014-04-20 11:46:51', 'AJM', NULL, NULL);

REPLACE INTO `mnu_task` (`task_id`, `task_name`, `task_desc`, `button_text`, `task_type`, `script_id`, `is_disabled`, `pattern_id`, `subsys_id`, `initial_passthru`, `selection_fixed`, `selection_temp`, `settings`, `order_by`, `keep_data`, `log_sql_query`, `screen_refresh`, `use_https`, `max_execution_time`, `task_id_run_at_end`, `task_id_run_at_cancel`, `created_date`, `created_user`, `revised_date`, `revised_user`) VALUES ('pro_prod_feat_applic(add)', 'Insert Product Feature Applicability', NULL, 'New', 'PROC', 'prod_feature_applicability.add.php', 'N', 'ADD2', 'PRODUCT', NULL, NULL, NULL, NULL, NULL, 'N', 'N', NULL, 'N', NULL, NULL, NULL, '2003-01-01 12:00:00', 'AJM', NULL, NULL);

REPLACE INTO `mnu_role_task` (`role_id`, `task_id`, `created_date`, `created_user`, `revised_date`, `revised_user`) VALUES ('DEMO', 'pro_prod_feat_applic(add)', '2015-11-03 10:07:46', 'AJM', NULL, NULL);
REPLACE INTO `mnu_role_task` (`role_id`, `task_id`, `created_date`, `created_user`, `revised_date`, `revised_user`) VALUES ('PRODUCT', 'pro_prod_feat_applic(add)', '2014-04-19 06:14:37', 'AJM', NULL, NULL);
REPLACE INTO `mnu_role_task` (`role_id`, `task_id`, `created_date`, `created_user`, `revised_date`, `revised_user`) VALUES ('PROTO', 'pro_prod_feat_applic(add)', '2014-04-20 11:46:51', 'AJM', NULL, NULL);

REPLACE INTO `mnu_task` (`task_id`, `task_name`, `task_desc`, `button_text`, `task_type`, `script_id`, `is_disabled`, `pattern_id`, `subsys_id`, `initial_passthru`, `selection_fixed`, `selection_temp`, `settings`, `order_by`, `keep_data`, `log_sql_query`, `screen_refresh`, `use_https`, `max_execution_time`, `task_id_run_at_end`, `task_id_run_at_cancel`, `created_date`, `created_user`, `revised_date`, `revised_user`) VALUES ('pro_prod_feat_applic(del)', 'Delete Product Feature Applicability', NULL, 'Delete', 'PROC', 'prod_feature_applicability.del.php', 'N', 'DEL1', 'PRODUCT', NULL, NULL, NULL, NULL, NULL, 'N', 'N', NULL, 'N', NULL, NULL, NULL, '2003-01-01 12:00:00', 'AJM', NULL, NULL);

REPLACE INTO `mnu_role_task` (`role_id`, `task_id`, `created_date`, `created_user`, `revised_date`, `revised_user`) VALUES ('DEMO', 'pro_prod_feat_applic(del)', '2015-11-03 10:07:46', 'AJM', NULL, NULL);
REPLACE INTO `mnu_role_task` (`role_id`, `task_id`, `created_date`, `created_user`, `revised_date`, `revised_user`) VALUES ('PRODUCT', 'pro_prod_feat_applic(del)', '2014-04-19 06:15:54', 'AJM', NULL, NULL);
REPLACE INTO `mnu_role_task` (`role_id`, `task_id`, `created_date`, `created_user`, `revised_date`, `revised_user`) VALUES ('PROTO', 'pro_prod_feat_applic(del)', '2014-04-20 11:46:51', 'AJM', NULL, NULL);

REPLACE INTO `mnu_task` (`task_id`, `task_name`, `task_desc`, `button_text`, `task_type`, `script_id`, `is_disabled`, `pattern_id`, `subsys_id`, `initial_passthru`, `selection_fixed`, `selection_temp`, `settings`, `order_by`, `keep_data`, `log_sql_query`, `screen_refresh`, `use_https`, `max_execution_time`, `task_id_run_at_end`, `task_id_run_at_cancel`, `created_date`, `created_user`, `revised_date`, `revised_user`) VALUES ('pro_prod_feat_applic(enq)', 'Enquire Product Feature Applicability', NULL, 'Read', 'PROC', 'prod_feature_applicability.enq.php', 'N', 'ENQ1', 'PRODUCT', NULL, NULL, NULL, NULL, NULL, 'N', 'N', NULL, 'N', NULL, NULL, NULL, '2003-01-01 12:00:00', 'AJM', NULL, NULL);

REPLACE INTO `mnu_role_task` (`role_id`, `task_id`, `created_date`, `created_user`, `revised_date`, `revised_user`) VALUES ('DEMO', 'pro_prod_feat_applic(enq)', '2015-11-03 10:07:47', 'AJM', NULL, NULL);
REPLACE INTO `mnu_role_task` (`role_id`, `task_id`, `created_date`, `created_user`, `revised_date`, `revised_user`) VALUES ('PRODUCT', 'pro_prod_feat_applic(enq)', '2014-04-19 06:15:56', 'AJM', NULL, NULL);
REPLACE INTO `mnu_role_task` (`role_id`, `task_id`, `created_date`, `created_user`, `revised_date`, `revised_user`) VALUES ('PROTO', 'pro_prod_feat_applic(enq)', '2014-04-20 11:46:52', 'AJM', NULL, NULL);

REPLACE INTO `mnu_task` (`task_id`, `task_name`, `task_desc`, `button_text`, `task_type`, `script_id`, `is_disabled`, `pattern_id`, `subsys_id`, `initial_passthru`, `selection_fixed`, `selection_temp`, `settings`, `order_by`, `keep_data`, `log_sql_query`, `screen_refresh`, `use_https`, `max_execution_time`, `task_id_run_at_end`, `task_id_run_at_cancel`, `created_date`, `created_user`, `revised_date`, `revised_user`) VALUES ('pro_prod_feat_applic(list)', 'List Product Feature Applicability', NULL, 'Feature Applicability', 'PROC', 'prod_feature_applicability.list.php', 'N', 'LIST2', 'PRODUCT', NULL, NULL, 'curr_or_hist=\'C\'', NULL, NULL, 'N', 'N', NULL, 'N', NULL, NULL, NULL, '2003-01-01 12:00:00', 'AJM', '2004-05-18 16:27:25', 'AJM');

REPLACE INTO `mnu_nav_button` (`task_id_snr`, `task_id_jnr`, `sort_seq`, `button_text`, `context_preselect`, `created_date`, `created_user`, `revised_date`, `revised_user`) VALUES ('pro_prod_feat_applic(list)', 'audit_dtl(list)3', '008', 'Audit Trail', 'Y', '2004-04-09 12:01:07', 'AJM', '2004-05-18 16:38:34', 'AJM');
REPLACE INTO `mnu_nav_button` (`task_id_snr`, `task_id_jnr`, `sort_seq`, `button_text`, `context_preselect`, `created_date`, `created_user`, `revised_date`, `revised_user`) VALUES ('pro_prod_feat_applic(list)', 'date(current)', '006', 'Current', 'N', '2004-05-18 16:38:21', 'AJM', '2004-05-18 16:38:34', 'AJM');
REPLACE INTO `mnu_nav_button` (`task_id_snr`, `task_id_jnr`, `sort_seq`, `button_text`, `context_preselect`, `created_date`, `created_user`, `revised_date`, `revised_user`) VALUES ('pro_prod_feat_applic(list)', 'date(historic)', '007', 'Historic', 'N', '2004-05-18 16:38:21', 'AJM', '2004-05-18 16:38:34', 'AJM');
REPLACE INTO `mnu_nav_button` (`task_id_snr`, `task_id_jnr`, `sort_seq`, `button_text`, `context_preselect`, `created_date`, `created_user`, `revised_date`, `revised_user`) VALUES ('pro_prod_feat_applic(list)', 'pro_prod_feat_applic(add)', '001', 'New', 'N', '2003-01-01 12:00:00', 'AJM', NULL, NULL);
REPLACE INTO `mnu_nav_button` (`task_id_snr`, `task_id_jnr`, `sort_seq`, `button_text`, `context_preselect`, `created_date`, `created_user`, `revised_date`, `revised_user`) VALUES ('pro_prod_feat_applic(list)', 'pro_prod_feat_applic(del)', '004', 'Delete', 'Y', '2003-01-01 12:00:00', 'AJM', NULL, NULL);
REPLACE INTO `mnu_nav_button` (`task_id_snr`, `task_id_jnr`, `sort_seq`, `button_text`, `context_preselect`, `created_date`, `created_user`, `revised_date`, `revised_user`) VALUES ('pro_prod_feat_applic(list)', 'pro_prod_feat_applic(enq)', '002', 'Read', 'Y', '2003-01-01 12:00:00', 'AJM', NULL, NULL);
REPLACE INTO `mnu_nav_button` (`task_id_snr`, `task_id_jnr`, `sort_seq`, `button_text`, `context_preselect`, `created_date`, `created_user`, `revised_date`, `revised_user`) VALUES ('pro_prod_feat_applic(list)', 'pro_prod_feat_applic(search)', '005', 'Search', 'N', '2003-01-01 12:00:00', 'AJM', NULL, NULL);
REPLACE INTO `mnu_nav_button` (`task_id_snr`, `task_id_jnr`, `sort_seq`, `button_text`, `context_preselect`, `created_date`, `created_user`, `revised_date`, `revised_user`) VALUES ('pro_prod_feat_applic(list)', 'pro_prod_feat_applic(upd)', '003', 'Update', 'Y', '2003-01-01 12:00:00', 'AJM', NULL, NULL);

REPLACE INTO `mnu_role_task` (`role_id`, `task_id`, `created_date`, `created_user`, `revised_date`, `revised_user`) VALUES ('DEMO', 'pro_prod_feat_applic(list)', '2015-11-03 10:07:47', 'AJM', NULL, NULL);
REPLACE INTO `mnu_role_task` (`role_id`, `task_id`, `created_date`, `created_user`, `revised_date`, `revised_user`) VALUES ('PRODUCT', 'pro_prod_feat_applic(list)', '2014-04-19 06:15:56', 'AJM', NULL, NULL);
REPLACE INTO `mnu_role_task` (`role_id`, `task_id`, `created_date`, `created_user`, `revised_date`, `revised_user`) VALUES ('PROTO', 'pro_prod_feat_applic(list)', '2014-04-20 11:46:52', 'AJM', NULL, NULL);

REPLACE INTO `mnu_task` (`task_id`, `task_name`, `task_desc`, `button_text`, `task_type`, `script_id`, `is_disabled`, `pattern_id`, `subsys_id`, `initial_passthru`, `selection_fixed`, `selection_temp`, `settings`, `order_by`, `keep_data`, `log_sql_query`, `screen_refresh`, `use_https`, `max_execution_time`, `task_id_run_at_end`, `task_id_run_at_cancel`, `created_date`, `created_user`, `revised_date`, `revised_user`) VALUES ('pro_prod_feat_applic(search)', 'Search Product Feature Applicability', NULL, 'Search', 'PROC', 'prod_feature_applicability.search.php', 'N', 'SRCH', 'PRODUCT', NULL, NULL, NULL, NULL, NULL, 'N', 'N', NULL, 'N', NULL, NULL, NULL, '2003-01-01 12:00:00', 'AJM', NULL, NULL);

REPLACE INTO `mnu_role_task` (`role_id`, `task_id`, `created_date`, `created_user`, `revised_date`, `revised_user`) VALUES ('DEMO', 'pro_prod_feat_applic(search)', '2015-11-03 10:07:47', 'AJM', NULL, NULL);
REPLACE INTO `mnu_role_task` (`role_id`, `task_id`, `created_date`, `created_user`, `revised_date`, `revised_user`) VALUES ('PRODUCT', 'pro_prod_feat_applic(search)', '2014-04-19 06:15:56', 'AJM', NULL, NULL);
REPLACE INTO `mnu_role_task` (`role_id`, `task_id`, `created_date`, `created_user`, `revised_date`, `revised_user`) VALUES ('PROTO', 'pro_prod_feat_applic(search)', '2014-04-20 11:46:52', 'AJM', NULL, NULL);

REPLACE INTO `mnu_task` (`task_id`, `task_name`, `task_desc`, `button_text`, `task_type`, `script_id`, `is_disabled`, `pattern_id`, `subsys_id`, `initial_passthru`, `selection_fixed`, `selection_temp`, `settings`, `order_by`, `keep_data`, `log_sql_query`, `screen_refresh`, `use_https`, `max_execution_time`, `task_id_run_at_end`, `task_id_run_at_cancel`, `created_date`, `created_user`, `revised_date`, `revised_user`) VALUES ('pro_prod_feat_applic(upd)', 'Update Product Feature Applicability', NULL, 'Update', 'PROC', 'prod_feature_applicability.upd.php', 'N', 'UPD1', 'PRODUCT', NULL, NULL, NULL, NULL, NULL, 'N', 'N', NULL, 'N', NULL, NULL, NULL, '2003-01-01 12:00:00', 'AJM', '2004-04-16 17:31:55', 'AJM');

REPLACE INTO `mnu_role_task` (`role_id`, `task_id`, `created_date`, `created_user`, `revised_date`, `revised_user`) VALUES ('DEMO', 'pro_prod_feat_applic(upd)', '2015-11-03 10:07:47', 'AJM', NULL, NULL);
REPLACE INTO `mnu_role_task` (`role_id`, `task_id`, `created_date`, `created_user`, `revised_date`, `revised_user`) VALUES ('PRODUCT', 'pro_prod_feat_applic(upd)', '2014-04-19 06:15:57', 'AJM', NULL, NULL);
REPLACE INTO `mnu_role_task` (`role_id`, `task_id`, `created_date`, `created_user`, `revised_date`, `revised_user`) VALUES ('PROTO', 'pro_prod_feat_applic(upd)', '2014-04-20 11:46:53', 'AJM', NULL, NULL);

REPLACE INTO `mnu_task` (`task_id`, `task_name`, `task_desc`, `button_text`, `task_type`, `script_id`, `is_disabled`, `pattern_id`, `subsys_id`, `initial_passthru`, `selection_fixed`, `selection_temp`, `settings`, `order_by`, `keep_data`, `log_sql_query`, `screen_refresh`, `use_https`, `max_execution_time`, `task_id_run_at_end`, `task_id_run_at_cancel`, `created_date`, `created_user`, `revised_date`, `revised_user`) VALUES ('pro_prod_feat_cat(add)', 'Insert Product Feature Category', NULL, 'New', 'PROC', 'product_feature_category.add.php', 'N', 'ADD1', 'PRODUCT', NULL, NULL, NULL, NULL, NULL, 'N', 'N', NULL, 'N', NULL, NULL, NULL, '2003-01-01 12:00:00', 'AJM', NULL, NULL);

REPLACE INTO `mnu_role_task` (`role_id`, `task_id`, `created_date`, `created_user`, `revised_date`, `revised_user`) VALUES ('DEMO', 'pro_prod_feat_cat(add)', '2015-11-03 10:07:47', 'AJM', NULL, NULL);
REPLACE INTO `mnu_role_task` (`role_id`, `task_id`, `created_date`, `created_user`, `revised_date`, `revised_user`) VALUES ('PRODUCT', 'pro_prod_feat_cat(add)', '2014-04-19 06:15:57', 'AJM', NULL, NULL);
REPLACE INTO `mnu_role_task` (`role_id`, `task_id`, `created_date`, `created_user`, `revised_date`, `revised_user`) VALUES ('PROTO', 'pro_prod_feat_cat(add)', '2014-04-20 11:46:59', 'AJM', NULL, NULL);

REPLACE INTO `mnu_task` (`task_id`, `task_name`, `task_desc`, `button_text`, `task_type`, `script_id`, `is_disabled`, `pattern_id`, `subsys_id`, `initial_passthru`, `selection_fixed`, `selection_temp`, `settings`, `order_by`, `keep_data`, `log_sql_query`, `screen_refresh`, `use_https`, `max_execution_time`, `task_id_run_at_end`, `task_id_run_at_cancel`, `created_date`, `created_user`, `revised_date`, `revised_user`) VALUES ('pro_prod_feat_cat(del)', 'Delete Product Feature Category', NULL, 'Delete', 'PROC', 'product_feature_category.del.php', 'N', 'DEL1', 'PRODUCT', NULL, NULL, NULL, NULL, NULL, 'N', 'N', NULL, 'N', NULL, NULL, NULL, '2003-01-01 12:00:00', 'AJM', NULL, NULL);

REPLACE INTO `mnu_role_task` (`role_id`, `task_id`, `created_date`, `created_user`, `revised_date`, `revised_user`) VALUES ('DEMO', 'pro_prod_feat_cat(del)', '2015-11-03 10:07:47', 'AJM', NULL, NULL);
REPLACE INTO `mnu_role_task` (`role_id`, `task_id`, `created_date`, `created_user`, `revised_date`, `revised_user`) VALUES ('PRODUCT', 'pro_prod_feat_cat(del)', '2014-04-19 06:15:58', 'AJM', NULL, NULL);
REPLACE INTO `mnu_role_task` (`role_id`, `task_id`, `created_date`, `created_user`, `revised_date`, `revised_user`) VALUES ('PROTO', 'pro_prod_feat_cat(del)', '2014-04-20 11:47:00', 'AJM', NULL, NULL);

REPLACE INTO `mnu_task` (`task_id`, `task_name`, `task_desc`, `button_text`, `task_type`, `script_id`, `is_disabled`, `pattern_id`, `subsys_id`, `initial_passthru`, `selection_fixed`, `selection_temp`, `settings`, `order_by`, `keep_data`, `log_sql_query`, `screen_refresh`, `use_https`, `max_execution_time`, `task_id_run_at_end`, `task_id_run_at_cancel`, `created_date`, `created_user`, `revised_date`, `revised_user`) VALUES ('pro_prod_feat_cat(enq)', 'Enquire Product Feature Category', NULL, 'Read', 'PROC', 'product_feature_category.enq.php', 'N', 'ENQ1', 'PRODUCT', NULL, NULL, NULL, NULL, NULL, 'N', 'N', NULL, 'N', NULL, NULL, NULL, '2003-01-01 12:00:00', 'AJM', NULL, NULL);

REPLACE INTO `mnu_role_task` (`role_id`, `task_id`, `created_date`, `created_user`, `revised_date`, `revised_user`) VALUES ('DEMO', 'pro_prod_feat_cat(enq)', '2015-11-03 10:07:47', 'AJM', NULL, NULL);
REPLACE INTO `mnu_role_task` (`role_id`, `task_id`, `created_date`, `created_user`, `revised_date`, `revised_user`) VALUES ('PRODUCT', 'pro_prod_feat_cat(enq)', '2014-04-19 06:15:58', 'AJM', NULL, NULL);
REPLACE INTO `mnu_role_task` (`role_id`, `task_id`, `created_date`, `created_user`, `revised_date`, `revised_user`) VALUES ('PROTO', 'pro_prod_feat_cat(enq)', '2014-04-20 11:47:00', 'AJM', NULL, NULL);

REPLACE INTO `mnu_task` (`task_id`, `task_name`, `task_desc`, `button_text`, `task_type`, `script_id`, `is_disabled`, `pattern_id`, `subsys_id`, `initial_passthru`, `selection_fixed`, `selection_temp`, `settings`, `order_by`, `keep_data`, `log_sql_query`, `screen_refresh`, `use_https`, `max_execution_time`, `task_id_run_at_end`, `task_id_run_at_cancel`, `created_date`, `created_user`, `revised_date`, `revised_user`) VALUES ('pro_prod_feat_cat(list)', 'List Product Feature Category', NULL, 'Feature Category', 'PROC', 'product_feature_category.list.php', 'N', 'LIST1', 'PRODUCT', NULL, NULL, NULL, NULL, 'prod_feature_cat_id', 'Y', 'N', NULL, 'N', NULL, NULL, NULL, '2003-01-01 12:00:00', 'AJM', '2006-07-03 09:55:38', 'AJM');

REPLACE INTO `mnu_nav_button` (`task_id_snr`, `task_id_jnr`, `sort_seq`, `button_text`, `context_preselect`, `created_date`, `created_user`, `revised_date`, `revised_user`) VALUES ('pro_prod_feat_cat(list)', 'audit_dtl(list)3', '007', 'Audit Trail', 'Y', '2004-04-09 11:55:15', 'AJM', '2006-06-27 16:32:41', 'AJM');
REPLACE INTO `mnu_nav_button` (`task_id_snr`, `task_id_jnr`, `sort_seq`, `button_text`, `context_preselect`, `created_date`, `created_user`, `revised_date`, `revised_user`) VALUES ('pro_prod_feat_cat(list)', 'pro_prod_feat_cat(add)', '001', 'New', 'N', '2003-01-01 12:00:00', 'AJM', NULL, NULL);
REPLACE INTO `mnu_nav_button` (`task_id_snr`, `task_id_jnr`, `sort_seq`, `button_text`, `context_preselect`, `created_date`, `created_user`, `revised_date`, `revised_user`) VALUES ('pro_prod_feat_cat(list)', 'pro_prod_feat_cat(del)', '004', 'Delete', 'Y', '2003-01-01 12:00:00', 'AJM', NULL, NULL);
REPLACE INTO `mnu_nav_button` (`task_id_snr`, `task_id_jnr`, `sort_seq`, `button_text`, `context_preselect`, `created_date`, `created_user`, `revised_date`, `revised_user`) VALUES ('pro_prod_feat_cat(list)', 'pro_prod_feat_cat(enq)', '002', 'Read', 'Y', '2003-01-01 12:00:00', 'AJM', NULL, NULL);
REPLACE INTO `mnu_nav_button` (`task_id_snr`, `task_id_jnr`, `sort_seq`, `button_text`, `context_preselect`, `created_date`, `created_user`, `revised_date`, `revised_user`) VALUES ('pro_prod_feat_cat(list)', 'pro_prod_feat_cat(search)', '005', 'Search', 'N', '2003-01-01 12:00:00', 'AJM', NULL, NULL);
REPLACE INTO `mnu_nav_button` (`task_id_snr`, `task_id_jnr`, `sort_seq`, `button_text`, `context_preselect`, `created_date`, `created_user`, `revised_date`, `revised_user`) VALUES ('pro_prod_feat_cat(list)', 'pro_prod_feat_cat(upd)', '003', 'Update', 'Y', '2003-01-01 12:00:00', 'AJM', NULL, NULL);
REPLACE INTO `mnu_nav_button` (`task_id_snr`, `task_id_jnr`, `sort_seq`, `button_text`, `context_preselect`, `created_date`, `created_user`, `revised_date`, `revised_user`) VALUES ('pro_prod_feat_cat(list)', 'pro_prod_feature(list2)', '006', 'Feature', 'Y', '2006-06-27 16:32:23', 'AJM', '2006-06-27 16:32:41', 'AJM');

REPLACE INTO `mnu_role_task` (`role_id`, `task_id`, `created_date`, `created_user`, `revised_date`, `revised_user`) VALUES ('DEMO', 'pro_prod_feat_cat(list)', '2015-11-03 10:08:03', 'AJM', NULL, NULL);
REPLACE INTO `mnu_role_task` (`role_id`, `task_id`, `created_date`, `created_user`, `revised_date`, `revised_user`) VALUES ('PRODUCT', 'pro_prod_feat_cat(list)', '2014-04-19 06:15:59', 'AJM', NULL, NULL);
REPLACE INTO `mnu_role_task` (`role_id`, `task_id`, `created_date`, `created_user`, `revised_date`, `revised_user`) VALUES ('PROTO', 'pro_prod_feat_cat(list)', '2014-04-20 11:47:01', 'AJM', NULL, NULL);

REPLACE INTO `mnu_task` (`task_id`, `task_name`, `task_desc`, `button_text`, `task_type`, `script_id`, `is_disabled`, `pattern_id`, `subsys_id`, `initial_passthru`, `selection_fixed`, `selection_temp`, `settings`, `order_by`, `keep_data`, `log_sql_query`, `screen_refresh`, `use_https`, `max_execution_time`, `task_id_run_at_end`, `task_id_run_at_cancel`, `created_date`, `created_user`, `revised_date`, `revised_user`) VALUES ('pro_prod_feat_cat(popup)', 'Choose Product Feature Category', NULL, 'Choose', 'PROC', 'product_feature_category.popup.php', 'N', 'POPUP1', 'PRODUCT', NULL, NULL, NULL, NULL, NULL, 'N', 'N', NULL, 'N', NULL, NULL, NULL, '2003-01-01 12:00:00', 'AJM', '2006-10-06 13:47:13', 'AJM');

REPLACE INTO `mnu_role_task` (`role_id`, `task_id`, `created_date`, `created_user`, `revised_date`, `revised_user`) VALUES ('DEMO', 'pro_prod_feat_cat(popup)', '2015-11-03 10:08:03', 'AJM', NULL, NULL);
REPLACE INTO `mnu_role_task` (`role_id`, `task_id`, `created_date`, `created_user`, `revised_date`, `revised_user`) VALUES ('PRODUCT', 'pro_prod_feat_cat(popup)', '2014-04-19 06:15:59', 'AJM', NULL, NULL);
REPLACE INTO `mnu_role_task` (`role_id`, `task_id`, `created_date`, `created_user`, `revised_date`, `revised_user`) VALUES ('PROTO', 'pro_prod_feat_cat(popup)', '2014-04-20 11:47:01', 'AJM', NULL, NULL);

REPLACE INTO `mnu_task` (`task_id`, `task_name`, `task_desc`, `button_text`, `task_type`, `script_id`, `is_disabled`, `pattern_id`, `subsys_id`, `initial_passthru`, `selection_fixed`, `selection_temp`, `settings`, `order_by`, `keep_data`, `log_sql_query`, `screen_refresh`, `use_https`, `max_execution_time`, `task_id_run_at_end`, `task_id_run_at_cancel`, `created_date`, `created_user`, `revised_date`, `revised_user`) VALUES ('pro_prod_feat_cat(search)', 'Search Product Feature Cateory', NULL, 'Search', 'PROC', 'product_feature_category.search.php', 'N', 'SRCH', 'PRODUCT', NULL, NULL, NULL, NULL, NULL, 'N', 'N', NULL, 'N', NULL, NULL, NULL, '2003-01-01 12:00:00', 'AJM', NULL, NULL);

REPLACE INTO `mnu_role_task` (`role_id`, `task_id`, `created_date`, `created_user`, `revised_date`, `revised_user`) VALUES ('DEMO', 'pro_prod_feat_cat(search)', '2015-11-03 10:08:04', 'AJM', NULL, NULL);
REPLACE INTO `mnu_role_task` (`role_id`, `task_id`, `created_date`, `created_user`, `revised_date`, `revised_user`) VALUES ('PRODUCT', 'pro_prod_feat_cat(search)', '2014-04-19 06:14:42', 'AJM', NULL, NULL);
REPLACE INTO `mnu_role_task` (`role_id`, `task_id`, `created_date`, `created_user`, `revised_date`, `revised_user`) VALUES ('PROTO', 'pro_prod_feat_cat(search)', '2014-04-20 11:47:01', 'AJM', NULL, NULL);

REPLACE INTO `mnu_task` (`task_id`, `task_name`, `task_desc`, `button_text`, `task_type`, `script_id`, `is_disabled`, `pattern_id`, `subsys_id`, `initial_passthru`, `selection_fixed`, `selection_temp`, `settings`, `order_by`, `keep_data`, `log_sql_query`, `screen_refresh`, `use_https`, `max_execution_time`, `task_id_run_at_end`, `task_id_run_at_cancel`, `created_date`, `created_user`, `revised_date`, `revised_user`) VALUES ('pro_prod_feat_cat(upd)', 'Update Product Feature Category', NULL, 'Update', 'PROC', 'product_feature_category.upd.php', 'N', 'UPD1', 'PRODUCT', NULL, NULL, NULL, NULL, NULL, 'N', 'N', NULL, 'N', NULL, NULL, NULL, '2003-01-01 12:00:00', 'AJM', '2004-04-16 17:31:59', 'AJM');

REPLACE INTO `mnu_role_task` (`role_id`, `task_id`, `created_date`, `created_user`, `revised_date`, `revised_user`) VALUES ('DEMO', 'pro_prod_feat_cat(upd)', '2015-11-03 10:08:04', 'AJM', NULL, NULL);
REPLACE INTO `mnu_role_task` (`role_id`, `task_id`, `created_date`, `created_user`, `revised_date`, `revised_user`) VALUES ('PRODUCT', 'pro_prod_feat_cat(upd)', '2014-04-19 06:14:42', 'AJM', NULL, NULL);
REPLACE INTO `mnu_role_task` (`role_id`, `task_id`, `created_date`, `created_user`, `revised_date`, `revised_user`) VALUES ('PROTO', 'pro_prod_feat_cat(upd)', '2014-04-20 11:47:02', 'AJM', NULL, NULL);

REPLACE INTO `mnu_task` (`task_id`, `task_name`, `task_desc`, `button_text`, `task_type`, `script_id`, `is_disabled`, `pattern_id`, `subsys_id`, `initial_passthru`, `selection_fixed`, `selection_temp`, `settings`, `order_by`, `keep_data`, `log_sql_query`, `screen_refresh`, `use_https`, `max_execution_time`, `task_id_run_at_end`, `task_id_run_at_cancel`, `created_date`, `created_user`, `revised_date`, `revised_user`) VALUES ('pro_prod_feat_interact(add)', 'Insert Product Feature Interaction', NULL, 'New', 'PROC', 'prod_feature_interaction.add.php', 'N', 'ADD2', 'PRODUCT', NULL, NULL, NULL, NULL, NULL, 'N', 'N', NULL, 'N', NULL, NULL, NULL, '2003-01-01 12:00:00', 'AJM', NULL, NULL);

REPLACE INTO `mnu_role_task` (`role_id`, `task_id`, `created_date`, `created_user`, `revised_date`, `revised_user`) VALUES ('DEMO', 'pro_prod_feat_interact(add)', '2015-11-03 10:08:04', 'AJM', NULL, NULL);
REPLACE INTO `mnu_role_task` (`role_id`, `task_id`, `created_date`, `created_user`, `revised_date`, `revised_user`) VALUES ('PRODUCT', 'pro_prod_feat_interact(add)', '2014-04-19 06:14:43', 'AJM', NULL, NULL);
REPLACE INTO `mnu_role_task` (`role_id`, `task_id`, `created_date`, `created_user`, `revised_date`, `revised_user`) VALUES ('PROTO', 'pro_prod_feat_interact(add)', '2014-04-20 11:47:02', 'AJM', NULL, NULL);

REPLACE INTO `mnu_task` (`task_id`, `task_name`, `task_desc`, `button_text`, `task_type`, `script_id`, `is_disabled`, `pattern_id`, `subsys_id`, `initial_passthru`, `selection_fixed`, `selection_temp`, `settings`, `order_by`, `keep_data`, `log_sql_query`, `screen_refresh`, `use_https`, `max_execution_time`, `task_id_run_at_end`, `task_id_run_at_cancel`, `created_date`, `created_user`, `revised_date`, `revised_user`) VALUES ('pro_prod_feat_interact(del)', 'Delete Product Feature Interaction', NULL, 'Delete', 'PROC', 'prod_feature_interaction.del.php', 'N', 'DEL1', 'PRODUCT', NULL, NULL, NULL, NULL, NULL, 'N', 'N', NULL, 'N', NULL, NULL, NULL, '2003-01-01 12:00:00', 'AJM', NULL, NULL);

REPLACE INTO `mnu_role_task` (`role_id`, `task_id`, `created_date`, `created_user`, `revised_date`, `revised_user`) VALUES ('DEMO', 'pro_prod_feat_interact(del)', '2015-11-03 10:08:04', 'AJM', NULL, NULL);
REPLACE INTO `mnu_role_task` (`role_id`, `task_id`, `created_date`, `created_user`, `revised_date`, `revised_user`) VALUES ('PRODUCT', 'pro_prod_feat_interact(del)', '2014-04-19 06:14:43', 'AJM', NULL, NULL);
REPLACE INTO `mnu_role_task` (`role_id`, `task_id`, `created_date`, `created_user`, `revised_date`, `revised_user`) VALUES ('PROTO', 'pro_prod_feat_interact(del)', '2014-04-20 11:47:02', 'AJM', NULL, NULL);

REPLACE INTO `mnu_task` (`task_id`, `task_name`, `task_desc`, `button_text`, `task_type`, `script_id`, `is_disabled`, `pattern_id`, `subsys_id`, `initial_passthru`, `selection_fixed`, `selection_temp`, `settings`, `order_by`, `keep_data`, `log_sql_query`, `screen_refresh`, `use_https`, `max_execution_time`, `task_id_run_at_end`, `task_id_run_at_cancel`, `created_date`, `created_user`, `revised_date`, `revised_user`) VALUES ('pro_prod_feat_interact(enq)', 'Enquire Product Feature Interaction', NULL, 'Read', 'PROC', 'prod_feature_interaction.enq.php', 'N', 'ENQ1', 'PRODUCT', NULL, NULL, NULL, NULL, NULL, 'N', 'N', NULL, 'N', NULL, NULL, NULL, '2003-01-01 12:00:00', 'AJM', NULL, NULL);

REPLACE INTO `mnu_role_task` (`role_id`, `task_id`, `created_date`, `created_user`, `revised_date`, `revised_user`) VALUES ('DEMO', 'pro_prod_feat_interact(enq)', '2015-11-03 10:08:04', 'AJM', NULL, NULL);
REPLACE INTO `mnu_role_task` (`role_id`, `task_id`, `created_date`, `created_user`, `revised_date`, `revised_user`) VALUES ('PRODUCT', 'pro_prod_feat_interact(enq)', '2014-04-19 06:14:43', 'AJM', NULL, NULL);
REPLACE INTO `mnu_role_task` (`role_id`, `task_id`, `created_date`, `created_user`, `revised_date`, `revised_user`) VALUES ('PROTO', 'pro_prod_feat_interact(enq)', '2014-04-20 11:47:03', 'AJM', NULL, NULL);

REPLACE INTO `mnu_task` (`task_id`, `task_name`, `task_desc`, `button_text`, `task_type`, `script_id`, `is_disabled`, `pattern_id`, `subsys_id`, `initial_passthru`, `selection_fixed`, `selection_temp`, `settings`, `order_by`, `keep_data`, `log_sql_query`, `screen_refresh`, `use_https`, `max_execution_time`, `task_id_run_at_end`, `task_id_run_at_cancel`, `created_date`, `created_user`, `revised_date`, `revised_user`) VALUES ('pro_prod_feat_interact(list)', 'List Product Feature Interaction', NULL, 'Feature Interaction', 'PROC', 'prod_feature_interaction.list.php', 'N', 'LIST2', 'PRODUCT', NULL, NULL, NULL, NULL, NULL, 'N', 'N', NULL, 'N', NULL, NULL, NULL, '2003-01-01 12:00:00', 'AJM', NULL, NULL);

REPLACE INTO `mnu_nav_button` (`task_id_snr`, `task_id_jnr`, `sort_seq`, `button_text`, `context_preselect`, `created_date`, `created_user`, `revised_date`, `revised_user`) VALUES ('pro_prod_feat_interact(list)', 'audit_dtl(list)3', '006', 'Audit Trail', 'Y', '2004-04-09 12:01:14', 'AJM', NULL, NULL);
REPLACE INTO `mnu_nav_button` (`task_id_snr`, `task_id_jnr`, `sort_seq`, `button_text`, `context_preselect`, `created_date`, `created_user`, `revised_date`, `revised_user`) VALUES ('pro_prod_feat_interact(list)', 'pro_prod_feat_interact(add)', '001', 'New', 'N', '2003-01-01 12:00:00', 'AJM', NULL, NULL);
REPLACE INTO `mnu_nav_button` (`task_id_snr`, `task_id_jnr`, `sort_seq`, `button_text`, `context_preselect`, `created_date`, `created_user`, `revised_date`, `revised_user`) VALUES ('pro_prod_feat_interact(list)', 'pro_prod_feat_interact(del)', '004', 'Delete', 'Y', '2003-01-01 12:00:00', 'AJM', NULL, NULL);
REPLACE INTO `mnu_nav_button` (`task_id_snr`, `task_id_jnr`, `sort_seq`, `button_text`, `context_preselect`, `created_date`, `created_user`, `revised_date`, `revised_user`) VALUES ('pro_prod_feat_interact(list)', 'pro_prod_feat_interact(enq)', '002', 'Read', 'Y', '2003-01-01 12:00:00', 'AJM', NULL, NULL);
REPLACE INTO `mnu_nav_button` (`task_id_snr`, `task_id_jnr`, `sort_seq`, `button_text`, `context_preselect`, `created_date`, `created_user`, `revised_date`, `revised_user`) VALUES ('pro_prod_feat_interact(list)', 'pro_prod_feat_interact(search)', '005', 'Search', 'N', '2003-01-01 12:00:00', 'AJM', NULL, NULL);
REPLACE INTO `mnu_nav_button` (`task_id_snr`, `task_id_jnr`, `sort_seq`, `button_text`, `context_preselect`, `created_date`, `created_user`, `revised_date`, `revised_user`) VALUES ('pro_prod_feat_interact(list)', 'pro_prod_feat_interact(upd)', '003', 'Update', 'Y', '2003-01-01 12:00:00', 'AJM', NULL, NULL);

REPLACE INTO `mnu_role_task` (`role_id`, `task_id`, `created_date`, `created_user`, `revised_date`, `revised_user`) VALUES ('DEMO', 'pro_prod_feat_interact(list)', '2015-11-03 10:08:04', 'AJM', NULL, NULL);
REPLACE INTO `mnu_role_task` (`role_id`, `task_id`, `created_date`, `created_user`, `revised_date`, `revised_user`) VALUES ('PRODUCT', 'pro_prod_feat_interact(list)', '2014-04-19 06:14:44', 'AJM', NULL, NULL);
REPLACE INTO `mnu_role_task` (`role_id`, `task_id`, `created_date`, `created_user`, `revised_date`, `revised_user`) VALUES ('PROTO', 'pro_prod_feat_interact(list)', '2014-04-20 11:47:10', 'AJM', NULL, NULL);

REPLACE INTO `mnu_task` (`task_id`, `task_name`, `task_desc`, `button_text`, `task_type`, `script_id`, `is_disabled`, `pattern_id`, `subsys_id`, `initial_passthru`, `selection_fixed`, `selection_temp`, `settings`, `order_by`, `keep_data`, `log_sql_query`, `screen_refresh`, `use_https`, `max_execution_time`, `task_id_run_at_end`, `task_id_run_at_cancel`, `created_date`, `created_user`, `revised_date`, `revised_user`) VALUES ('pro_prod_feat_interact(search)', 'Search Product Feature Interaction', NULL, 'Search', 'PROC', 'prod_feature_interaction.search.php', 'N', 'SRCH', 'PRODUCT', NULL, NULL, NULL, NULL, NULL, 'N', 'N', NULL, 'N', NULL, NULL, NULL, '2003-01-01 12:00:00', 'AJM', NULL, NULL);

REPLACE INTO `mnu_role_task` (`role_id`, `task_id`, `created_date`, `created_user`, `revised_date`, `revised_user`) VALUES ('DEMO', 'pro_prod_feat_interact(search)', '2015-11-03 10:08:04', 'AJM', NULL, NULL);
REPLACE INTO `mnu_role_task` (`role_id`, `task_id`, `created_date`, `created_user`, `revised_date`, `revised_user`) VALUES ('PRODUCT', 'pro_prod_feat_interact(search)', '2014-04-19 06:14:44', 'AJM', NULL, NULL);
REPLACE INTO `mnu_role_task` (`role_id`, `task_id`, `created_date`, `created_user`, `revised_date`, `revised_user`) VALUES ('PROTO', 'pro_prod_feat_interact(search)', '2014-04-20 11:47:10', 'AJM', NULL, NULL);

REPLACE INTO `mnu_task` (`task_id`, `task_name`, `task_desc`, `button_text`, `task_type`, `script_id`, `is_disabled`, `pattern_id`, `subsys_id`, `initial_passthru`, `selection_fixed`, `selection_temp`, `settings`, `order_by`, `keep_data`, `log_sql_query`, `screen_refresh`, `use_https`, `max_execution_time`, `task_id_run_at_end`, `task_id_run_at_cancel`, `created_date`, `created_user`, `revised_date`, `revised_user`) VALUES ('pro_prod_feat_interact(upd)', 'Update Product Feature Interaction', NULL, 'Update', 'PROC', 'prod_feature_interaction.upd.php', 'N', 'UPD1', 'PRODUCT', NULL, NULL, NULL, NULL, NULL, 'N', 'N', NULL, 'N', NULL, NULL, NULL, '2003-01-01 12:00:00', 'AJM', '2004-04-16 17:32:03', 'AJM');

REPLACE INTO `mnu_role_task` (`role_id`, `task_id`, `created_date`, `created_user`, `revised_date`, `revised_user`) VALUES ('DEMO', 'pro_prod_feat_interact(upd)', '2015-11-03 10:08:04', 'AJM', NULL, NULL);
REPLACE INTO `mnu_role_task` (`role_id`, `task_id`, `created_date`, `created_user`, `revised_date`, `revised_user`) VALUES ('PRODUCT', 'pro_prod_feat_interact(upd)', '2014-04-19 06:14:44', 'AJM', NULL, NULL);
REPLACE INTO `mnu_role_task` (`role_id`, `task_id`, `created_date`, `created_user`, `revised_date`, `revised_user`) VALUES ('PROTO', 'pro_prod_feat_interact(upd)', '2014-04-20 11:47:11', 'AJM', NULL, NULL);

REPLACE INTO `mnu_task` (`task_id`, `task_name`, `task_desc`, `button_text`, `task_type`, `script_id`, `is_disabled`, `pattern_id`, `subsys_id`, `initial_passthru`, `selection_fixed`, `selection_temp`, `settings`, `order_by`, `keep_data`, `log_sql_query`, `screen_refresh`, `use_https`, `max_execution_time`, `task_id_run_at_end`, `task_id_run_at_cancel`, `created_date`, `created_user`, `revised_date`, `revised_user`) VALUES ('pro_prod_feature(add)', 'Insert Product Feature', NULL, 'New', 'PROC', 'product_feature.add.php', 'N', 'ADD1', 'PRODUCT', NULL, NULL, NULL, NULL, NULL, 'N', 'N', NULL, 'N', NULL, NULL, NULL, '2003-01-01 12:00:00', 'AJM', NULL, NULL);

REPLACE INTO `mnu_role_task` (`role_id`, `task_id`, `created_date`, `created_user`, `revised_date`, `revised_user`) VALUES ('DEMO', 'pro_prod_feature(add)', '2015-11-03 10:08:09', 'AJM', NULL, NULL);
REPLACE INTO `mnu_role_task` (`role_id`, `task_id`, `created_date`, `created_user`, `revised_date`, `revised_user`) VALUES ('PRODUCT', 'pro_prod_feature(add)', '2014-04-19 06:16:42', 'AJM', NULL, NULL);
REPLACE INTO `mnu_role_task` (`role_id`, `task_id`, `created_date`, `created_user`, `revised_date`, `revised_user`) VALUES ('PROTO', 'pro_prod_feature(add)', '2014-04-20 11:47:11', 'AJM', NULL, NULL);

REPLACE INTO `mnu_task` (`task_id`, `task_name`, `task_desc`, `button_text`, `task_type`, `script_id`, `is_disabled`, `pattern_id`, `subsys_id`, `initial_passthru`, `selection_fixed`, `selection_temp`, `settings`, `order_by`, `keep_data`, `log_sql_query`, `screen_refresh`, `use_https`, `max_execution_time`, `task_id_run_at_end`, `task_id_run_at_cancel`, `created_date`, `created_user`, `revised_date`, `revised_user`) VALUES ('pro_prod_feature(del)', 'Delete Product Feature', NULL, 'Delete', 'PROC', 'product_feature.del.php', 'N', 'DEL1', 'PRODUCT', NULL, NULL, NULL, NULL, NULL, 'N', 'N', NULL, 'N', NULL, NULL, NULL, '2003-01-01 12:00:00', 'AJM', NULL, NULL);

REPLACE INTO `mnu_role_task` (`role_id`, `task_id`, `created_date`, `created_user`, `revised_date`, `revised_user`) VALUES ('DEMO', 'pro_prod_feature(del)', '2015-11-03 10:08:09', 'AJM', NULL, NULL);
REPLACE INTO `mnu_role_task` (`role_id`, `task_id`, `created_date`, `created_user`, `revised_date`, `revised_user`) VALUES ('PRODUCT', 'pro_prod_feature(del)', '2014-04-19 06:14:32', 'AJM', NULL, NULL);
REPLACE INTO `mnu_role_task` (`role_id`, `task_id`, `created_date`, `created_user`, `revised_date`, `revised_user`) VALUES ('PROTO', 'pro_prod_feature(del)', '2014-04-20 11:47:11', 'AJM', NULL, NULL);

REPLACE INTO `mnu_task` (`task_id`, `task_name`, `task_desc`, `button_text`, `task_type`, `script_id`, `is_disabled`, `pattern_id`, `subsys_id`, `initial_passthru`, `selection_fixed`, `selection_temp`, `settings`, `order_by`, `keep_data`, `log_sql_query`, `screen_refresh`, `use_https`, `max_execution_time`, `task_id_run_at_end`, `task_id_run_at_cancel`, `created_date`, `created_user`, `revised_date`, `revised_user`) VALUES ('pro_prod_feature(enq)', 'Enquire Product Feature', NULL, 'Read', 'PROC', 'product_feature.enq.php', 'N', 'ENQ1', 'PRODUCT', NULL, NULL, NULL, NULL, NULL, 'N', 'N', NULL, 'N', NULL, NULL, NULL, '2003-01-01 12:00:00', 'AJM', NULL, NULL);

REPLACE INTO `mnu_role_task` (`role_id`, `task_id`, `created_date`, `created_user`, `revised_date`, `revised_user`) VALUES ('DEMO', 'pro_prod_feature(enq)', '2015-11-03 10:08:09', 'AJM', NULL, NULL);
REPLACE INTO `mnu_role_task` (`role_id`, `task_id`, `created_date`, `created_user`, `revised_date`, `revised_user`) VALUES ('PRODUCT', 'pro_prod_feature(enq)', '2014-04-19 06:14:33', 'AJM', NULL, NULL);
REPLACE INTO `mnu_role_task` (`role_id`, `task_id`, `created_date`, `created_user`, `revised_date`, `revised_user`) VALUES ('PROTO', 'pro_prod_feature(enq)', '2014-04-20 11:47:12', 'AJM', NULL, NULL);

REPLACE INTO `mnu_task` (`task_id`, `task_name`, `task_desc`, `button_text`, `task_type`, `script_id`, `is_disabled`, `pattern_id`, `subsys_id`, `initial_passthru`, `selection_fixed`, `selection_temp`, `settings`, `order_by`, `keep_data`, `log_sql_query`, `screen_refresh`, `use_https`, `max_execution_time`, `task_id_run_at_end`, `task_id_run_at_cancel`, `created_date`, `created_user`, `revised_date`, `revised_user`) VALUES ('pro_prod_feature(list)', 'List Product Feature', NULL, 'Feature', 'PROC', 'product_feature.list.php', 'N', 'LIST1', 'PRODUCT', 'pro_prod_feature(search)', NULL, NULL, NULL, 'prod_feature_cat_id,prod_feature_desc', 'Y', 'N', NULL, 'N', NULL, NULL, NULL, '2003-01-01 12:00:00', 'AJM', '2006-07-03 09:55:32', 'AJM');

REPLACE INTO `mnu_nav_button` (`task_id_snr`, `task_id_jnr`, `sort_seq`, `button_text`, `context_preselect`, `created_date`, `created_user`, `revised_date`, `revised_user`) VALUES ('pro_prod_feature(list)', 'audit_dtl(list)3', '007', 'Audit Trail', 'Y', '2004-04-09 11:55:08', 'AJM', NULL, NULL);
REPLACE INTO `mnu_nav_button` (`task_id_snr`, `task_id_jnr`, `sort_seq`, `button_text`, `context_preselect`, `created_date`, `created_user`, `revised_date`, `revised_user`) VALUES ('pro_prod_feature(list)', 'pro_price_component_b(list)', '005', 'Price Component', 'Y', '2003-01-01 12:00:00', 'AJM', NULL, NULL);
REPLACE INTO `mnu_nav_button` (`task_id_snr`, `task_id_jnr`, `sort_seq`, `button_text`, `context_preselect`, `created_date`, `created_user`, `revised_date`, `revised_user`) VALUES ('pro_prod_feature(list)', 'pro_prod_feature(add)', '001', 'New', 'N', '2003-01-01 12:00:00', 'AJM', NULL, NULL);
REPLACE INTO `mnu_nav_button` (`task_id_snr`, `task_id_jnr`, `sort_seq`, `button_text`, `context_preselect`, `created_date`, `created_user`, `revised_date`, `revised_user`) VALUES ('pro_prod_feature(list)', 'pro_prod_feature(del)', '004', 'Delete', 'Y', '2003-01-01 12:00:00', 'AJM', NULL, NULL);
REPLACE INTO `mnu_nav_button` (`task_id_snr`, `task_id_jnr`, `sort_seq`, `button_text`, `context_preselect`, `created_date`, `created_user`, `revised_date`, `revised_user`) VALUES ('pro_prod_feature(list)', 'pro_prod_feature(enq)', '002', 'Read', 'Y', '2003-01-01 12:00:00', 'AJM', NULL, NULL);
REPLACE INTO `mnu_nav_button` (`task_id_snr`, `task_id_jnr`, `sort_seq`, `button_text`, `context_preselect`, `created_date`, `created_user`, `revised_date`, `revised_user`) VALUES ('pro_prod_feature(list)', 'pro_prod_feature(search)', '006', 'Search', 'N', '2003-01-01 12:00:00', 'AJM', NULL, NULL);
REPLACE INTO `mnu_nav_button` (`task_id_snr`, `task_id_jnr`, `sort_seq`, `button_text`, `context_preselect`, `created_date`, `created_user`, `revised_date`, `revised_user`) VALUES ('pro_prod_feature(list)', 'pro_prod_feature(upd)', '003', 'Update', 'Y', '2003-01-01 12:00:00', 'AJM', NULL, NULL);

REPLACE INTO `mnu_role_task` (`role_id`, `task_id`, `created_date`, `created_user`, `revised_date`, `revised_user`) VALUES ('DEMO', 'pro_prod_feature(list)', '2015-11-03 10:08:09', 'AJM', NULL, NULL);
REPLACE INTO `mnu_role_task` (`role_id`, `task_id`, `created_date`, `created_user`, `revised_date`, `revised_user`) VALUES ('PRODUCT', 'pro_prod_feature(list)', '2014-04-19 06:14:33', 'AJM', NULL, NULL);
REPLACE INTO `mnu_role_task` (`role_id`, `task_id`, `created_date`, `created_user`, `revised_date`, `revised_user`) VALUES ('PROTO', 'pro_prod_feature(list)', '2014-04-20 11:47:12', 'AJM', NULL, NULL);

REPLACE INTO `mnu_task` (`task_id`, `task_name`, `task_desc`, `button_text`, `task_type`, `script_id`, `is_disabled`, `pattern_id`, `subsys_id`, `initial_passthru`, `selection_fixed`, `selection_temp`, `settings`, `order_by`, `keep_data`, `log_sql_query`, `screen_refresh`, `use_https`, `max_execution_time`, `task_id_run_at_end`, `task_id_run_at_cancel`, `created_date`, `created_user`, `revised_date`, `revised_user`) VALUES ('pro_prod_feature(list2)', 'List Product Feature by Category', NULL, 'Feature', 'PROC', 'product_feature.list2.php', 'N', 'LIST2', 'PRODUCT', NULL, NULL, NULL, NULL, NULL, 'N', 'N', NULL, 'N', NULL, NULL, NULL, '2006-06-27 16:31:37', 'AJM', NULL, NULL);

REPLACE INTO `mnu_nav_button` (`task_id_snr`, `task_id_jnr`, `sort_seq`, `button_text`, `context_preselect`, `created_date`, `created_user`, `revised_date`, `revised_user`) VALUES ('pro_prod_feature(list2)', 'audit_dtl(list)3', '006', 'Audit Trail', 'Y', '2006-06-27 17:16:57', 'AJM', NULL, NULL);
REPLACE INTO `mnu_nav_button` (`task_id_snr`, `task_id_jnr`, `sort_seq`, `button_text`, `context_preselect`, `created_date`, `created_user`, `revised_date`, `revised_user`) VALUES ('pro_prod_feature(list2)', 'pro_prod_feature(add)', '001', 'New', 'N', '2006-06-27 16:35:16', 'AJM', NULL, NULL);
REPLACE INTO `mnu_nav_button` (`task_id_snr`, `task_id_jnr`, `sort_seq`, `button_text`, `context_preselect`, `created_date`, `created_user`, `revised_date`, `revised_user`) VALUES ('pro_prod_feature(list2)', 'pro_prod_feature(del)', '003', 'Delete', 'Y', '2006-06-27 16:35:16', 'AJM', '2006-06-27 16:37:47', 'AJM');
REPLACE INTO `mnu_nav_button` (`task_id_snr`, `task_id_jnr`, `sort_seq`, `button_text`, `context_preselect`, `created_date`, `created_user`, `revised_date`, `revised_user`) VALUES ('pro_prod_feature(list2)', 'pro_prod_feature(enq)', '002', 'Read', 'Y', '2006-06-27 16:35:16', 'AJM', '2006-06-27 16:37:47', 'AJM');
REPLACE INTO `mnu_nav_button` (`task_id_snr`, `task_id_jnr`, `sort_seq`, `button_text`, `context_preselect`, `created_date`, `created_user`, `revised_date`, `revised_user`) VALUES ('pro_prod_feature(list2)', 'pro_prod_feature(search)', '005', 'Search', 'N', '2006-06-27 16:35:49', 'AJM', '2006-06-27 16:49:36', 'AJM');
REPLACE INTO `mnu_nav_button` (`task_id_snr`, `task_id_jnr`, `sort_seq`, `button_text`, `context_preselect`, `created_date`, `created_user`, `revised_date`, `revised_user`) VALUES ('pro_prod_feature(list2)', 'pro_prod_feature(upd)', '004', 'Update', 'Y', '2006-06-27 16:35:49', 'AJM', '2006-06-27 16:49:36', 'AJM');

REPLACE INTO `mnu_role_task` (`role_id`, `task_id`, `created_date`, `created_user`, `revised_date`, `revised_user`) VALUES ('DEMO', 'pro_prod_feature(list2)', '2015-11-03 10:08:10', 'AJM', NULL, NULL);
REPLACE INTO `mnu_role_task` (`role_id`, `task_id`, `created_date`, `created_user`, `revised_date`, `revised_user`) VALUES ('PRODUCT', 'pro_prod_feature(list2)', '2014-04-19 06:14:34', 'AJM', NULL, NULL);
REPLACE INTO `mnu_role_task` (`role_id`, `task_id`, `created_date`, `created_user`, `revised_date`, `revised_user`) VALUES ('PROTO', 'pro_prod_feature(list2)', '2014-04-20 11:47:13', 'AJM', NULL, NULL);

REPLACE INTO `mnu_task` (`task_id`, `task_name`, `task_desc`, `button_text`, `task_type`, `script_id`, `is_disabled`, `pattern_id`, `subsys_id`, `initial_passthru`, `selection_fixed`, `selection_temp`, `settings`, `order_by`, `keep_data`, `log_sql_query`, `screen_refresh`, `use_https`, `max_execution_time`, `task_id_run_at_end`, `task_id_run_at_cancel`, `created_date`, `created_user`, `revised_date`, `revised_user`) VALUES ('pro_prod_feature(popup)', 'Choose Product Feature', NULL, 'Choose', 'PROC', 'product_feature.popup.php', 'N', 'POPUP1', 'PRODUCT', 'pro_prod_feature(search)', NULL, NULL, NULL, NULL, 'N', 'N', NULL, 'N', NULL, NULL, NULL, '2003-01-01 12:00:00', 'AJM', '2006-10-06 13:37:12', 'AJM');

REPLACE INTO `mnu_role_task` (`role_id`, `task_id`, `created_date`, `created_user`, `revised_date`, `revised_user`) VALUES ('DEMO', 'pro_prod_feature(popup)', '2015-11-03 10:08:10', 'AJM', NULL, NULL);
REPLACE INTO `mnu_role_task` (`role_id`, `task_id`, `created_date`, `created_user`, `revised_date`, `revised_user`) VALUES ('PRODUCT', 'pro_prod_feature(popup)', '2014-04-19 06:14:34', 'AJM', NULL, NULL);
REPLACE INTO `mnu_role_task` (`role_id`, `task_id`, `created_date`, `created_user`, `revised_date`, `revised_user`) VALUES ('PROTO', 'pro_prod_feature(popup)', '2014-04-20 11:47:13', 'AJM', NULL, NULL);

REPLACE INTO `mnu_task` (`task_id`, `task_name`, `task_desc`, `button_text`, `task_type`, `script_id`, `is_disabled`, `pattern_id`, `subsys_id`, `initial_passthru`, `selection_fixed`, `selection_temp`, `settings`, `order_by`, `keep_data`, `log_sql_query`, `screen_refresh`, `use_https`, `max_execution_time`, `task_id_run_at_end`, `task_id_run_at_cancel`, `created_date`, `created_user`, `revised_date`, `revised_user`) VALUES ('pro_prod_feature(popup)jnr', 'Choose Product Feature', NULL, 'Choose', 'PROC', 'product_feature.popup.php', 'N', 'POPUP1', 'PRODUCT', 'pro_prod_feature(search)', NULL, NULL, NULL, NULL, 'N', 'N', NULL, 'N', NULL, NULL, NULL, '2003-01-01 12:00:00', 'AJM', '2006-10-06 13:38:42', 'AJM');

REPLACE INTO `mnu_role_task` (`role_id`, `task_id`, `created_date`, `created_user`, `revised_date`, `revised_user`) VALUES ('DEMO', 'pro_prod_feature(popup)jnr', '2015-11-03 10:08:10', 'AJM', NULL, NULL);
REPLACE INTO `mnu_role_task` (`role_id`, `task_id`, `created_date`, `created_user`, `revised_date`, `revised_user`) VALUES ('PRODUCT', 'pro_prod_feature(popup)jnr', '2014-04-19 06:14:35', 'AJM', NULL, NULL);
REPLACE INTO `mnu_role_task` (`role_id`, `task_id`, `created_date`, `created_user`, `revised_date`, `revised_user`) VALUES ('PROTO', 'pro_prod_feature(popup)jnr', '2014-04-20 11:47:13', 'AJM', NULL, NULL);

REPLACE INTO `mnu_task` (`task_id`, `task_name`, `task_desc`, `button_text`, `task_type`, `script_id`, `is_disabled`, `pattern_id`, `subsys_id`, `initial_passthru`, `selection_fixed`, `selection_temp`, `settings`, `order_by`, `keep_data`, `log_sql_query`, `screen_refresh`, `use_https`, `max_execution_time`, `task_id_run_at_end`, `task_id_run_at_cancel`, `created_date`, `created_user`, `revised_date`, `revised_user`) VALUES ('pro_prod_feature(popup)snr', 'Choose Product Feature', NULL, 'Choose', 'PROC', 'product_feature.popup.php', 'N', 'POPUP1', 'PRODUCT', 'pro_prod_feature(search)', NULL, NULL, NULL, NULL, 'N', 'N', NULL, 'N', NULL, NULL, NULL, '2003-01-01 12:00:00', 'AJM', '2006-10-06 13:39:03', 'AJM');

REPLACE INTO `mnu_role_task` (`role_id`, `task_id`, `created_date`, `created_user`, `revised_date`, `revised_user`) VALUES ('DEMO', 'pro_prod_feature(popup)snr', '2015-11-03 10:08:10', 'AJM', NULL, NULL);
REPLACE INTO `mnu_role_task` (`role_id`, `task_id`, `created_date`, `created_user`, `revised_date`, `revised_user`) VALUES ('PRODUCT', 'pro_prod_feature(popup)snr', '2014-04-19 06:14:35', 'AJM', NULL, NULL);
REPLACE INTO `mnu_role_task` (`role_id`, `task_id`, `created_date`, `created_user`, `revised_date`, `revised_user`) VALUES ('PROTO', 'pro_prod_feature(popup)snr', '2014-04-20 11:47:21', 'AJM', NULL, NULL);

REPLACE INTO `mnu_task` (`task_id`, `task_name`, `task_desc`, `button_text`, `task_type`, `script_id`, `is_disabled`, `pattern_id`, `subsys_id`, `initial_passthru`, `selection_fixed`, `selection_temp`, `settings`, `order_by`, `keep_data`, `log_sql_query`, `screen_refresh`, `use_https`, `max_execution_time`, `task_id_run_at_end`, `task_id_run_at_cancel`, `created_date`, `created_user`, `revised_date`, `revised_user`) VALUES ('pro_prod_feature(search)', 'Search Product Feature', NULL, 'Search', 'PROC', 'product_feature.search.php', 'N', 'SRCH', 'PRODUCT', NULL, NULL, NULL, NULL, NULL, 'N', 'N', NULL, 'N', NULL, NULL, NULL, '2003-01-01 12:00:00', 'AJM', NULL, NULL);

REPLACE INTO `mnu_role_task` (`role_id`, `task_id`, `created_date`, `created_user`, `revised_date`, `revised_user`) VALUES ('DEMO', 'pro_prod_feature(search)', '2015-11-03 10:08:10', 'AJM', NULL, NULL);
REPLACE INTO `mnu_role_task` (`role_id`, `task_id`, `created_date`, `created_user`, `revised_date`, `revised_user`) VALUES ('PRODUCT', 'pro_prod_feature(search)', '2014-04-19 06:14:36', 'AJM', NULL, NULL);
REPLACE INTO `mnu_role_task` (`role_id`, `task_id`, `created_date`, `created_user`, `revised_date`, `revised_user`) VALUES ('PROTO', 'pro_prod_feature(search)', '2014-04-20 11:47:21', 'AJM', NULL, NULL);

REPLACE INTO `mnu_task` (`task_id`, `task_name`, `task_desc`, `button_text`, `task_type`, `script_id`, `is_disabled`, `pattern_id`, `subsys_id`, `initial_passthru`, `selection_fixed`, `selection_temp`, `settings`, `order_by`, `keep_data`, `log_sql_query`, `screen_refresh`, `use_https`, `max_execution_time`, `task_id_run_at_end`, `task_id_run_at_cancel`, `created_date`, `created_user`, `revised_date`, `revised_user`) VALUES ('pro_prod_feature(upd)', 'Update Product Feature', NULL, 'Update', 'PROC', 'product_feature.upd.php', 'N', 'UPD1', 'PRODUCT', NULL, NULL, NULL, NULL, NULL, 'N', 'N', NULL, 'N', NULL, NULL, NULL, '2003-01-01 12:00:00', 'AJM', '2004-04-16 17:31:51', 'AJM');

REPLACE INTO `mnu_role_task` (`role_id`, `task_id`, `created_date`, `created_user`, `revised_date`, `revised_user`) VALUES ('DEMO', 'pro_prod_feature(upd)', '2015-11-03 10:08:10', 'AJM', NULL, NULL);
REPLACE INTO `mnu_role_task` (`role_id`, `task_id`, `created_date`, `created_user`, `revised_date`, `revised_user`) VALUES ('PRODUCT', 'pro_prod_feature(upd)', '2014-04-19 06:14:36', 'AJM', NULL, NULL);
REPLACE INTO `mnu_role_task` (`role_id`, `task_id`, `created_date`, `created_user`, `revised_date`, `revised_user`) VALUES ('PROTO', 'pro_prod_feature(upd)', '2014-04-20 11:47:21', 'AJM', NULL, NULL);

REPLACE INTO `mnu_task` (`task_id`, `task_name`, `task_desc`, `button_text`, `task_type`, `script_id`, `is_disabled`, `pattern_id`, `subsys_id`, `initial_passthru`, `selection_fixed`, `selection_temp`, `settings`, `order_by`, `keep_data`, `log_sql_query`, `screen_refresh`, `use_https`, `max_execution_time`, `task_id_run_at_end`, `task_id_run_at_cancel`, `created_date`, `created_user`, `revised_date`, `revised_user`) VALUES ('pro_product(add)', 'Insert Product', NULL, 'New', 'PROC', 'product.add.php', 'N', 'ADD1', 'PRODUCT', NULL, NULL, NULL, NULL, NULL, 'N', 'N', NULL, 'N', NULL, NULL, NULL, '2003-01-01 12:00:00', 'AJM', NULL, NULL);

REPLACE INTO `mnu_role_task` (`role_id`, `task_id`, `created_date`, `created_user`, `revised_date`, `revised_user`) VALUES ('DEMO', 'pro_product(add)', '2015-11-03 10:08:16', 'AJM', NULL, NULL);
REPLACE INTO `mnu_role_task` (`role_id`, `task_id`, `created_date`, `created_user`, `revised_date`, `revised_user`) VALUES ('PRODUCT', 'pro_product(add)', '2014-04-19 06:15:47', 'AJM', NULL, NULL);
REPLACE INTO `mnu_role_task` (`role_id`, `task_id`, `created_date`, `created_user`, `revised_date`, `revised_user`) VALUES ('PROTO', 'pro_product(add)', '2014-04-20 11:47:22', 'AJM', NULL, NULL);

REPLACE INTO `mnu_task` (`task_id`, `task_name`, `task_desc`, `button_text`, `task_type`, `script_id`, `is_disabled`, `pattern_id`, `subsys_id`, `initial_passthru`, `selection_fixed`, `selection_temp`, `settings`, `order_by`, `keep_data`, `log_sql_query`, `screen_refresh`, `use_https`, `max_execution_time`, `task_id_run_at_end`, `task_id_run_at_cancel`, `created_date`, `created_user`, `revised_date`, `revised_user`) VALUES ('pro_product(del)', 'Delete Product', NULL, 'Delete', 'PROC', 'product.del.php', 'N', 'DEL1', 'PRODUCT', NULL, NULL, NULL, NULL, NULL, 'N', 'N', NULL, 'N', NULL, NULL, NULL, '2003-01-01 12:00:00', 'AJM', NULL, NULL);

REPLACE INTO `mnu_role_task` (`role_id`, `task_id`, `created_date`, `created_user`, `revised_date`, `revised_user`) VALUES ('DEMO', 'pro_product(del)', '2015-11-03 10:08:16', 'AJM', NULL, NULL);
REPLACE INTO `mnu_role_task` (`role_id`, `task_id`, `created_date`, `created_user`, `revised_date`, `revised_user`) VALUES ('PRODUCT', 'pro_product(del)', '2014-04-19 06:15:48', 'AJM', NULL, NULL);
REPLACE INTO `mnu_role_task` (`role_id`, `task_id`, `created_date`, `created_user`, `revised_date`, `revised_user`) VALUES ('PROTO', 'pro_product(del)', '2014-04-20 11:47:22', 'AJM', NULL, NULL);

REPLACE INTO `mnu_task` (`task_id`, `task_name`, `task_desc`, `button_text`, `task_type`, `script_id`, `is_disabled`, `pattern_id`, `subsys_id`, `initial_passthru`, `selection_fixed`, `selection_temp`, `settings`, `order_by`, `keep_data`, `log_sql_query`, `screen_refresh`, `use_https`, `max_execution_time`, `task_id_run_at_end`, `task_id_run_at_cancel`, `created_date`, `created_user`, `revised_date`, `revised_user`) VALUES ('pro_product(enq)', 'Enquire Product', NULL, 'Read', 'PROC', 'product.enq.php', 'N', 'ENQ1', 'PRODUCT', NULL, NULL, NULL, NULL, NULL, 'N', 'N', NULL, 'N', NULL, NULL, NULL, '2003-01-01 12:00:00', 'AJM', NULL, NULL);

REPLACE INTO `mnu_role_task` (`role_id`, `task_id`, `created_date`, `created_user`, `revised_date`, `revised_user`) VALUES ('DEMO', 'pro_product(enq)', '2015-11-03 10:08:16', 'AJM', NULL, NULL);
REPLACE INTO `mnu_role_task` (`role_id`, `task_id`, `created_date`, `created_user`, `revised_date`, `revised_user`) VALUES ('PRODUCT', 'pro_product(enq)', '2014-04-19 06:15:48', 'AJM', NULL, NULL);
REPLACE INTO `mnu_role_task` (`role_id`, `task_id`, `created_date`, `created_user`, `revised_date`, `revised_user`) VALUES ('PROTO', 'pro_product(enq)', '2014-04-20 11:47:23', 'AJM', NULL, NULL);

REPLACE INTO `mnu_task` (`task_id`, `task_name`, `task_desc`, `button_text`, `task_type`, `script_id`, `is_disabled`, `pattern_id`, `subsys_id`, `initial_passthru`, `selection_fixed`, `selection_temp`, `settings`, `order_by`, `keep_data`, `log_sql_query`, `screen_refresh`, `use_https`, `max_execution_time`, `task_id_run_at_end`, `task_id_run_at_cancel`, `created_date`, `created_user`, `revised_date`, `revised_user`) VALUES ('pro_product(list)', 'List Product', NULL, 'List Product', 'PROC', 'product.list.php', 'N', 'LIST1', 'PRODUCT', NULL, NULL, NULL, NULL, NULL, 'Y', 'N', NULL, 'N', NULL, NULL, NULL, '2003-01-01 12:00:00', 'AJM', '2006-07-03 09:55:13', 'AJM');

REPLACE INTO `mnu_nav_button` (`task_id_snr`, `task_id_jnr`, `sort_seq`, `button_text`, `context_preselect`, `created_date`, `created_user`, `revised_date`, `revised_user`) VALUES ('pro_product(list)', 'audit_dtl(list)3', '012', 'Audit Trail', 'Y', '2004-04-09 11:54:41', 'AJM', '2006-07-03 16:52:43', 'AJM');
REPLACE INTO `mnu_nav_button` (`task_id_snr`, `task_id_jnr`, `sort_seq`, `button_text`, `context_preselect`, `created_date`, `created_user`, `revised_date`, `revised_user`) VALUES ('pro_product(list)', 'pro_good_id(list)', '006', 'Good Identification', 'Y', '2003-01-01 12:00:00', 'AJM', NULL, NULL);
REPLACE INTO `mnu_nav_button` (`task_id_snr`, `task_id_jnr`, `sort_seq`, `button_text`, `context_preselect`, `created_date`, `created_user`, `revised_date`, `revised_user`) VALUES ('pro_product(list)', 'pro_inv_item(list)2', '011', 'Inventory', 'Y', '2006-07-03 16:52:34', 'AJM', '2006-07-03 16:52:43', 'AJM');
REPLACE INTO `mnu_nav_button` (`task_id_snr`, `task_id_jnr`, `sort_seq`, `button_text`, `context_preselect`, `created_date`, `created_user`, `revised_date`, `revised_user`) VALUES ('pro_product(list)', 'pro_price_component_a(list)', '009', 'Price Components', 'Y', '2003-01-01 12:00:00', 'AJM', NULL, NULL);
REPLACE INTO `mnu_nav_button` (`task_id_snr`, `task_id_jnr`, `sort_seq`, `button_text`, `context_preselect`, `created_date`, `created_user`, `revised_date`, `revised_user`) VALUES ('pro_product(list)', 'pro_prod_cat_class(list)', '005', 'Category Class', 'Y', '2003-01-01 12:00:00', 'AJM', NULL, NULL);
REPLACE INTO `mnu_nav_button` (`task_id_snr`, `task_id_jnr`, `sort_seq`, `button_text`, `context_preselect`, `created_date`, `created_user`, `revised_date`, `revised_user`) VALUES ('pro_product(list)', 'pro_prod_feat_applic(list)', '007', 'Feature Applicability', 'Y', '2003-01-01 12:00:00', 'AJM', '2006-07-03 09:52:24', 'AJM');
REPLACE INTO `mnu_nav_button` (`task_id_snr`, `task_id_jnr`, `sort_seq`, `button_text`, `context_preselect`, `created_date`, `created_user`, `revised_date`, `revised_user`) VALUES ('pro_product(list)', 'pro_prod_feat_interact(list)', '008', 'Feature Interaction', 'Y', '2003-01-01 12:00:00', 'AJM', '2006-07-03 09:52:24', 'AJM');
REPLACE INTO `mnu_nav_button` (`task_id_snr`, `task_id_jnr`, `sort_seq`, `button_text`, `context_preselect`, `created_date`, `created_user`, `revised_date`, `revised_user`) VALUES ('pro_product(list)', 'pro_product(add)', '001', 'New', 'N', '2003-01-01 12:00:00', 'AJM', NULL, NULL);
REPLACE INTO `mnu_nav_button` (`task_id_snr`, `task_id_jnr`, `sort_seq`, `button_text`, `context_preselect`, `created_date`, `created_user`, `revised_date`, `revised_user`) VALUES ('pro_product(list)', 'pro_product(del)', '004', 'Delete', 'Y', '2003-01-01 12:00:00', 'AJM', NULL, NULL);
REPLACE INTO `mnu_nav_button` (`task_id_snr`, `task_id_jnr`, `sort_seq`, `button_text`, `context_preselect`, `created_date`, `created_user`, `revised_date`, `revised_user`) VALUES ('pro_product(list)', 'pro_product(enq)', '002', 'Read', 'Y', '2003-01-01 12:00:00', 'AJM', NULL, NULL);
REPLACE INTO `mnu_nav_button` (`task_id_snr`, `task_id_jnr`, `sort_seq`, `button_text`, `context_preselect`, `created_date`, `created_user`, `revised_date`, `revised_user`) VALUES ('pro_product(list)', 'pro_product(search)', '010', 'Search', 'N', '2003-01-01 12:00:00', 'AJM', NULL, NULL);
REPLACE INTO `mnu_nav_button` (`task_id_snr`, `task_id_jnr`, `sort_seq`, `button_text`, `context_preselect`, `created_date`, `created_user`, `revised_date`, `revised_user`) VALUES ('pro_product(list)', 'pro_product(upd)', '003', 'Update', 'Y', '2003-01-01 12:00:00', 'AJM', NULL, NULL);

REPLACE INTO `mnu_role_task` (`role_id`, `task_id`, `created_date`, `created_user`, `revised_date`, `revised_user`) VALUES ('DEMO', 'pro_product(list)', '2015-11-03 10:08:16', 'AJM', NULL, NULL);
REPLACE INTO `mnu_role_task` (`role_id`, `task_id`, `created_date`, `created_user`, `revised_date`, `revised_user`) VALUES ('PRODUCT', 'pro_product(list)', '2014-04-19 06:15:48', 'AJM', NULL, NULL);
REPLACE INTO `mnu_role_task` (`role_id`, `task_id`, `created_date`, `created_user`, `revised_date`, `revised_user`) VALUES ('PROTO', 'pro_product(list)', '2014-04-20 11:47:23', 'AJM', NULL, NULL);

REPLACE INTO `mnu_task` (`task_id`, `task_name`, `task_desc`, `button_text`, `task_type`, `script_id`, `is_disabled`, `pattern_id`, `subsys_id`, `initial_passthru`, `selection_fixed`, `selection_temp`, `settings`, `order_by`, `keep_data`, `log_sql_query`, `screen_refresh`, `use_https`, `max_execution_time`, `task_id_run_at_end`, `task_id_run_at_cancel`, `created_date`, `created_user`, `revised_date`, `revised_user`) VALUES ('pro_product(popup)', 'Choose Product', NULL, 'Choose', 'PROC', 'product.popup.php', 'N', 'POPUP1', 'PRODUCT', NULL, NULL, NULL, NULL, NULL, 'N', 'N', NULL, 'N', NULL, NULL, NULL, '2003-01-01 12:00:00', 'AJM', '2006-10-06 13:36:38', 'AJM');

REPLACE INTO `mnu_role_task` (`role_id`, `task_id`, `created_date`, `created_user`, `revised_date`, `revised_user`) VALUES ('DEMO', 'pro_product(popup)', '2015-11-03 10:08:16', 'AJM', NULL, NULL);
REPLACE INTO `mnu_role_task` (`role_id`, `task_id`, `created_date`, `created_user`, `revised_date`, `revised_user`) VALUES ('PRODUCT', 'pro_product(popup)', '2014-04-19 06:14:23', 'AJM', NULL, NULL);
REPLACE INTO `mnu_role_task` (`role_id`, `task_id`, `created_date`, `created_user`, `revised_date`, `revised_user`) VALUES ('PROTO', 'pro_product(popup)', '2014-04-20 11:47:23', 'AJM', NULL, NULL);

REPLACE INTO `mnu_task` (`task_id`, `task_name`, `task_desc`, `button_text`, `task_type`, `script_id`, `is_disabled`, `pattern_id`, `subsys_id`, `initial_passthru`, `selection_fixed`, `selection_temp`, `settings`, `order_by`, `keep_data`, `log_sql_query`, `screen_refresh`, `use_https`, `max_execution_time`, `task_id_run_at_end`, `task_id_run_at_cancel`, `created_date`, `created_user`, `revised_date`, `revised_user`) VALUES ('pro_product(search)', 'Search Product', NULL, 'Search', 'PROC', 'product.search.php', 'N', 'SRCH', 'PRODUCT', NULL, NULL, NULL, NULL, NULL, 'N', 'N', NULL, 'N', NULL, NULL, NULL, '2003-01-01 12:00:00', 'AJM', NULL, NULL);

REPLACE INTO `mnu_role_task` (`role_id`, `task_id`, `created_date`, `created_user`, `revised_date`, `revised_user`) VALUES ('DEMO', 'pro_product(search)', '2015-11-03 10:08:16', 'AJM', NULL, NULL);
REPLACE INTO `mnu_role_task` (`role_id`, `task_id`, `created_date`, `created_user`, `revised_date`, `revised_user`) VALUES ('PRODUCT', 'pro_product(search)', '2014-04-19 06:14:24', 'AJM', NULL, NULL);
REPLACE INTO `mnu_role_task` (`role_id`, `task_id`, `created_date`, `created_user`, `revised_date`, `revised_user`) VALUES ('PROTO', 'pro_product(search)', '2014-04-20 11:47:24', 'AJM', NULL, NULL);

REPLACE INTO `mnu_task` (`task_id`, `task_name`, `task_desc`, `button_text`, `task_type`, `script_id`, `is_disabled`, `pattern_id`, `subsys_id`, `initial_passthru`, `selection_fixed`, `selection_temp`, `settings`, `order_by`, `keep_data`, `log_sql_query`, `screen_refresh`, `use_https`, `max_execution_time`, `task_id_run_at_end`, `task_id_run_at_cancel`, `created_date`, `created_user`, `revised_date`, `revised_user`) VALUES ('pro_product(upd)', 'Update Product', NULL, 'Update', 'PROC', 'product.upd.php', 'N', 'UPD1', 'PRODUCT', NULL, NULL, NULL, NULL, NULL, 'N', 'N', NULL, 'N', NULL, NULL, NULL, '2003-01-01 12:00:00', 'AJM', '2004-04-16 17:31:38', 'AJM');

REPLACE INTO `mnu_role_task` (`role_id`, `task_id`, `created_date`, `created_user`, `revised_date`, `revised_user`) VALUES ('DEMO', 'pro_product(upd)', '2015-11-03 10:08:16', 'AJM', NULL, NULL);
REPLACE INTO `mnu_role_task` (`role_id`, `task_id`, `created_date`, `created_user`, `revised_date`, `revised_user`) VALUES ('PRODUCT', 'pro_product(upd)', '2014-04-19 06:14:24', 'AJM', NULL, NULL);
REPLACE INTO `mnu_role_task` (`role_id`, `task_id`, `created_date`, `created_user`, `revised_date`, `revised_user`) VALUES ('PROTO', 'pro_product(upd)', '2014-04-20 11:47:24', 'AJM', NULL, NULL);

REPLACE INTO `mnu_task` (`task_id`, `task_name`, `task_desc`, `button_text`, `task_type`, `script_id`, `is_disabled`, `pattern_id`, `subsys_id`, `initial_passthru`, `selection_fixed`, `selection_temp`, `settings`, `order_by`, `keep_data`, `log_sql_query`, `screen_refresh`, `use_https`, `max_execution_time`, `task_id_run_at_end`, `task_id_run_at_cancel`, `created_date`, `created_user`, `revised_date`, `revised_user`) VALUES ('pro_uom_category(add)', 'Insert Unit of Measure Category', NULL, 'New', 'PROC', 'uom_category.add.php', 'N', 'ADD1', 'PRODUCT', NULL, NULL, NULL, NULL, NULL, 'N', 'N', NULL, 'N', NULL, NULL, NULL, '2003-01-01 12:00:00', 'AJM', NULL, NULL);

REPLACE INTO `mnu_role_task` (`role_id`, `task_id`, `created_date`, `created_user`, `revised_date`, `revised_user`) VALUES ('DEMO', 'pro_uom_category(add)', '2015-11-03 10:08:16', 'AJM', NULL, NULL);
REPLACE INTO `mnu_role_task` (`role_id`, `task_id`, `created_date`, `created_user`, `revised_date`, `revised_user`) VALUES ('PRODUCT', 'pro_uom_category(add)', '2014-04-19 06:16:08', 'AJM', NULL, NULL);
REPLACE INTO `mnu_role_task` (`role_id`, `task_id`, `created_date`, `created_user`, `revised_date`, `revised_user`) VALUES ('PROTO', 'pro_uom_category(add)', '2014-04-20 11:47:32', 'AJM', NULL, NULL);

REPLACE INTO `mnu_task` (`task_id`, `task_name`, `task_desc`, `button_text`, `task_type`, `script_id`, `is_disabled`, `pattern_id`, `subsys_id`, `initial_passthru`, `selection_fixed`, `selection_temp`, `settings`, `order_by`, `keep_data`, `log_sql_query`, `screen_refresh`, `use_https`, `max_execution_time`, `task_id_run_at_end`, `task_id_run_at_cancel`, `created_date`, `created_user`, `revised_date`, `revised_user`) VALUES ('pro_uom_category(del)', 'Delete Unit of Measure Category', NULL, 'Delete', 'PROC', 'uom_category.del.php', 'N', 'DEL1', 'PRODUCT', NULL, NULL, NULL, NULL, NULL, 'N', 'N', NULL, 'N', NULL, NULL, NULL, '2003-01-01 12:00:00', 'AJM', NULL, NULL);

REPLACE INTO `mnu_role_task` (`role_id`, `task_id`, `created_date`, `created_user`, `revised_date`, `revised_user`) VALUES ('DEMO', 'pro_uom_category(del)', '2015-11-03 10:08:17', 'AJM', NULL, NULL);
REPLACE INTO `mnu_role_task` (`role_id`, `task_id`, `created_date`, `created_user`, `revised_date`, `revised_user`) VALUES ('PRODUCT', 'pro_uom_category(del)', '2014-04-19 06:16:08', 'AJM', NULL, NULL);
REPLACE INTO `mnu_role_task` (`role_id`, `task_id`, `created_date`, `created_user`, `revised_date`, `revised_user`) VALUES ('PROTO', 'pro_uom_category(del)', '2014-04-20 11:47:33', 'AJM', NULL, NULL);

REPLACE INTO `mnu_task` (`task_id`, `task_name`, `task_desc`, `button_text`, `task_type`, `script_id`, `is_disabled`, `pattern_id`, `subsys_id`, `initial_passthru`, `selection_fixed`, `selection_temp`, `settings`, `order_by`, `keep_data`, `log_sql_query`, `screen_refresh`, `use_https`, `max_execution_time`, `task_id_run_at_end`, `task_id_run_at_cancel`, `created_date`, `created_user`, `revised_date`, `revised_user`) VALUES ('pro_uom_category(enq)', 'Enquire Unit of Measure Category', NULL, 'Read', 'PROC', 'uom_category.enq.php', 'N', 'ENQ1', 'PRODUCT', NULL, NULL, NULL, NULL, NULL, 'N', 'N', NULL, 'N', NULL, NULL, NULL, '2003-01-01 12:00:00', 'AJM', NULL, NULL);

REPLACE INTO `mnu_role_task` (`role_id`, `task_id`, `created_date`, `created_user`, `revised_date`, `revised_user`) VALUES ('DEMO', 'pro_uom_category(enq)', '2015-11-03 10:08:17', 'AJM', NULL, NULL);
REPLACE INTO `mnu_role_task` (`role_id`, `task_id`, `created_date`, `created_user`, `revised_date`, `revised_user`) VALUES ('PRODUCT', 'pro_uom_category(enq)', '2014-04-19 06:16:08', 'AJM', NULL, NULL);
REPLACE INTO `mnu_role_task` (`role_id`, `task_id`, `created_date`, `created_user`, `revised_date`, `revised_user`) VALUES ('PROTO', 'pro_uom_category(enq)', '2014-04-20 11:47:33', 'AJM', NULL, NULL);

REPLACE INTO `mnu_task` (`task_id`, `task_name`, `task_desc`, `button_text`, `task_type`, `script_id`, `is_disabled`, `pattern_id`, `subsys_id`, `initial_passthru`, `selection_fixed`, `selection_temp`, `settings`, `order_by`, `keep_data`, `log_sql_query`, `screen_refresh`, `use_https`, `max_execution_time`, `task_id_run_at_end`, `task_id_run_at_cancel`, `created_date`, `created_user`, `revised_date`, `revised_user`) VALUES ('pro_uom_category(list)', 'List Unit of Measure Category', NULL, 'UOM Category', 'PROC', 'uom_category.list.php', 'N', 'LIST1', 'PRODUCT', NULL, NULL, NULL, NULL, 'uom_cat_id', 'Y', 'N', NULL, 'N', NULL, NULL, NULL, '2003-01-01 12:00:00', 'AJM', '2006-07-03 09:55:54', 'AJM');

REPLACE INTO `mnu_nav_button` (`task_id_snr`, `task_id_jnr`, `sort_seq`, `button_text`, `context_preselect`, `created_date`, `created_user`, `revised_date`, `revised_user`) VALUES ('pro_uom_category(list)', 'audit_dtl(list)3', '007', 'Audit Trail', 'Y', '2004-04-09 11:55:55', 'AJM', '2006-06-27 17:01:05', 'AJM');
REPLACE INTO `mnu_nav_button` (`task_id_snr`, `task_id_jnr`, `sort_seq`, `button_text`, `context_preselect`, `created_date`, `created_user`, `revised_date`, `revised_user`) VALUES ('pro_uom_category(list)', 'pro_uom_category(add)', '001', 'New', 'N', '2003-01-01 12:00:00', 'AJM', NULL, NULL);
REPLACE INTO `mnu_nav_button` (`task_id_snr`, `task_id_jnr`, `sort_seq`, `button_text`, `context_preselect`, `created_date`, `created_user`, `revised_date`, `revised_user`) VALUES ('pro_uom_category(list)', 'pro_uom_category(del)', '004', 'Delete', 'Y', '2003-01-01 12:00:00', 'AJM', NULL, NULL);
REPLACE INTO `mnu_nav_button` (`task_id_snr`, `task_id_jnr`, `sort_seq`, `button_text`, `context_preselect`, `created_date`, `created_user`, `revised_date`, `revised_user`) VALUES ('pro_uom_category(list)', 'pro_uom_category(enq)', '002', 'Read', 'Y', '2003-01-01 12:00:00', 'AJM', NULL, NULL);
REPLACE INTO `mnu_nav_button` (`task_id_snr`, `task_id_jnr`, `sort_seq`, `button_text`, `context_preselect`, `created_date`, `created_user`, `revised_date`, `revised_user`) VALUES ('pro_uom_category(list)', 'pro_uom_category(search)', '005', 'Search', 'N', '2003-01-01 12:00:00', 'AJM', NULL, NULL);
REPLACE INTO `mnu_nav_button` (`task_id_snr`, `task_id_jnr`, `sort_seq`, `button_text`, `context_preselect`, `created_date`, `created_user`, `revised_date`, `revised_user`) VALUES ('pro_uom_category(list)', 'pro_uom_category(upd)', '003', 'Update', 'Y', '2003-01-01 12:00:00', 'AJM', NULL, NULL);
REPLACE INTO `mnu_nav_button` (`task_id_snr`, `task_id_jnr`, `sort_seq`, `button_text`, `context_preselect`, `created_date`, `created_user`, `revised_date`, `revised_user`) VALUES ('pro_uom_category(list)', 'pro_uom(list)2', '006', 'UOM', 'Y', '2006-06-27 17:00:50', 'AJM', '2006-06-27 17:01:05', 'AJM');

REPLACE INTO `mnu_role_task` (`role_id`, `task_id`, `created_date`, `created_user`, `revised_date`, `revised_user`) VALUES ('DEMO', 'pro_uom_category(list)', '2015-11-03 10:08:22', 'AJM', NULL, NULL);
REPLACE INTO `mnu_role_task` (`role_id`, `task_id`, `created_date`, `created_user`, `revised_date`, `revised_user`) VALUES ('PRODUCT', 'pro_uom_category(list)', '2014-04-19 06:16:09', 'AJM', NULL, NULL);
REPLACE INTO `mnu_role_task` (`role_id`, `task_id`, `created_date`, `created_user`, `revised_date`, `revised_user`) VALUES ('PROTO', 'pro_uom_category(list)', '2014-04-20 11:47:34', 'AJM', NULL, NULL);

REPLACE INTO `mnu_task` (`task_id`, `task_name`, `task_desc`, `button_text`, `task_type`, `script_id`, `is_disabled`, `pattern_id`, `subsys_id`, `initial_passthru`, `selection_fixed`, `selection_temp`, `settings`, `order_by`, `keep_data`, `log_sql_query`, `screen_refresh`, `use_https`, `max_execution_time`, `task_id_run_at_end`, `task_id_run_at_cancel`, `created_date`, `created_user`, `revised_date`, `revised_user`) VALUES ('pro_uom_category(search)', 'Search Unit of Measure Category', NULL, 'Search', 'PROC', 'uom_category.search.php', 'N', 'SRCH', 'PRODUCT', NULL, NULL, NULL, NULL, NULL, 'N', 'N', NULL, 'N', NULL, NULL, NULL, '2003-01-01 12:00:00', 'AJM', NULL, NULL);

REPLACE INTO `mnu_role_task` (`role_id`, `task_id`, `created_date`, `created_user`, `revised_date`, `revised_user`) VALUES ('DEMO', 'pro_uom_category(search)', '2015-11-03 10:08:22', 'AJM', NULL, NULL);
REPLACE INTO `mnu_role_task` (`role_id`, `task_id`, `created_date`, `created_user`, `revised_date`, `revised_user`) VALUES ('PRODUCT', 'pro_uom_category(search)', '2014-04-19 06:14:51', 'AJM', NULL, NULL);
REPLACE INTO `mnu_role_task` (`role_id`, `task_id`, `created_date`, `created_user`, `revised_date`, `revised_user`) VALUES ('PROTO', 'pro_uom_category(search)', '2014-04-20 11:47:34', 'AJM', NULL, NULL);

REPLACE INTO `mnu_task` (`task_id`, `task_name`, `task_desc`, `button_text`, `task_type`, `script_id`, `is_disabled`, `pattern_id`, `subsys_id`, `initial_passthru`, `selection_fixed`, `selection_temp`, `settings`, `order_by`, `keep_data`, `log_sql_query`, `screen_refresh`, `use_https`, `max_execution_time`, `task_id_run_at_end`, `task_id_run_at_cancel`, `created_date`, `created_user`, `revised_date`, `revised_user`) VALUES ('pro_uom_category(upd)', 'Update Unit of Measure Category', NULL, 'Update', 'PROC', 'uom_category.upd.php', 'N', 'UPD1', 'PRODUCT', NULL, NULL, NULL, NULL, NULL, 'N', 'N', NULL, 'N', NULL, NULL, NULL, '2003-01-01 12:00:00', 'AJM', '2004-04-16 17:32:10', 'AJM');

REPLACE INTO `mnu_role_task` (`role_id`, `task_id`, `created_date`, `created_user`, `revised_date`, `revised_user`) VALUES ('DEMO', 'pro_uom_category(upd)', '2015-11-03 10:08:22', 'AJM', NULL, NULL);
REPLACE INTO `mnu_role_task` (`role_id`, `task_id`, `created_date`, `created_user`, `revised_date`, `revised_user`) VALUES ('PRODUCT', 'pro_uom_category(upd)', '2014-04-19 06:14:52', 'AJM', NULL, NULL);
REPLACE INTO `mnu_role_task` (`role_id`, `task_id`, `created_date`, `created_user`, `revised_date`, `revised_user`) VALUES ('PROTO', 'pro_uom_category(upd)', '2014-04-20 11:47:34', 'AJM', NULL, NULL);

REPLACE INTO `mnu_task` (`task_id`, `task_name`, `task_desc`, `button_text`, `task_type`, `script_id`, `is_disabled`, `pattern_id`, `subsys_id`, `initial_passthru`, `selection_fixed`, `selection_temp`, `settings`, `order_by`, `keep_data`, `log_sql_query`, `screen_refresh`, `use_https`, `max_execution_time`, `task_id_run_at_end`, `task_id_run_at_cancel`, `created_date`, `created_user`, `revised_date`, `revised_user`) VALUES ('pro_uom_conv(add)', 'Insert Unit of Measure Conversion', NULL, 'New', 'PROC', 'uom_conversion.add.php', 'N', 'ADD2', 'PRODUCT', NULL, NULL, NULL, NULL, NULL, 'N', 'N', NULL, 'N', NULL, NULL, NULL, '2003-01-01 12:00:00', 'AJM', NULL, NULL);

REPLACE INTO `mnu_role_task` (`role_id`, `task_id`, `created_date`, `created_user`, `revised_date`, `revised_user`) VALUES ('DEMO', 'pro_uom_conv(add)', '2015-11-03 10:08:22', 'AJM', NULL, NULL);
REPLACE INTO `mnu_role_task` (`role_id`, `task_id`, `created_date`, `created_user`, `revised_date`, `revised_user`) VALUES ('PRODUCT', 'pro_uom_conv(add)', '2014-04-19 06:14:52', 'AJM', NULL, NULL);
REPLACE INTO `mnu_role_task` (`role_id`, `task_id`, `created_date`, `created_user`, `revised_date`, `revised_user`) VALUES ('PROTO', 'pro_uom_conv(add)', '2014-04-20 11:47:35', 'AJM', NULL, NULL);

REPLACE INTO `mnu_task` (`task_id`, `task_name`, `task_desc`, `button_text`, `task_type`, `script_id`, `is_disabled`, `pattern_id`, `subsys_id`, `initial_passthru`, `selection_fixed`, `selection_temp`, `settings`, `order_by`, `keep_data`, `log_sql_query`, `screen_refresh`, `use_https`, `max_execution_time`, `task_id_run_at_end`, `task_id_run_at_cancel`, `created_date`, `created_user`, `revised_date`, `revised_user`) VALUES ('pro_uom_conv(del)', 'Delete Unit of Measure Conversion', NULL, 'Delete', 'PROC', 'uom_conversion.del.php', 'N', 'DEL1', 'PRODUCT', NULL, NULL, NULL, NULL, NULL, 'N', 'N', NULL, 'N', NULL, NULL, NULL, '2003-01-01 12:00:00', 'AJM', NULL, NULL);

REPLACE INTO `mnu_role_task` (`role_id`, `task_id`, `created_date`, `created_user`, `revised_date`, `revised_user`) VALUES ('DEMO', 'pro_uom_conv(del)', '2015-11-03 10:08:22', 'AJM', NULL, NULL);
REPLACE INTO `mnu_role_task` (`role_id`, `task_id`, `created_date`, `created_user`, `revised_date`, `revised_user`) VALUES ('PRODUCT', 'pro_uom_conv(del)', '2014-04-19 06:14:53', 'AJM', NULL, NULL);
REPLACE INTO `mnu_role_task` (`role_id`, `task_id`, `created_date`, `created_user`, `revised_date`, `revised_user`) VALUES ('PROTO', 'pro_uom_conv(del)', '2014-04-20 11:47:35', 'AJM', NULL, NULL);

REPLACE INTO `mnu_task` (`task_id`, `task_name`, `task_desc`, `button_text`, `task_type`, `script_id`, `is_disabled`, `pattern_id`, `subsys_id`, `initial_passthru`, `selection_fixed`, `selection_temp`, `settings`, `order_by`, `keep_data`, `log_sql_query`, `screen_refresh`, `use_https`, `max_execution_time`, `task_id_run_at_end`, `task_id_run_at_cancel`, `created_date`, `created_user`, `revised_date`, `revised_user`) VALUES ('pro_uom_conv(enq)', 'Enquire Unit of Measure Conversion', NULL, 'Enquire', 'PROC', 'uom_conversion.enq.php', 'N', 'ENQ1', 'PRODUCT', NULL, NULL, NULL, NULL, NULL, 'N', 'N', NULL, 'N', NULL, NULL, NULL, '2003-01-01 12:00:00', 'AJM', NULL, NULL);

REPLACE INTO `mnu_role_task` (`role_id`, `task_id`, `created_date`, `created_user`, `revised_date`, `revised_user`) VALUES ('DEMO', 'pro_uom_conv(enq)', '2015-11-03 10:08:22', 'AJM', NULL, NULL);
REPLACE INTO `mnu_role_task` (`role_id`, `task_id`, `created_date`, `created_user`, `revised_date`, `revised_user`) VALUES ('PRODUCT', 'pro_uom_conv(enq)', '2014-04-19 06:14:53', 'AJM', NULL, NULL);
REPLACE INTO `mnu_role_task` (`role_id`, `task_id`, `created_date`, `created_user`, `revised_date`, `revised_user`) VALUES ('PROTO', 'pro_uom_conv(enq)', '2014-04-20 11:47:36', 'AJM', NULL, NULL);

REPLACE INTO `mnu_task` (`task_id`, `task_name`, `task_desc`, `button_text`, `task_type`, `script_id`, `is_disabled`, `pattern_id`, `subsys_id`, `initial_passthru`, `selection_fixed`, `selection_temp`, `settings`, `order_by`, `keep_data`, `log_sql_query`, `screen_refresh`, `use_https`, `max_execution_time`, `task_id_run_at_end`, `task_id_run_at_cancel`, `created_date`, `created_user`, `revised_date`, `revised_user`) VALUES ('pro_uom_conv(list)', 'List Unit of Measure Conversion', NULL, 'UOM Conversion', 'PROC', 'uom_conversion.list.php', 'N', 'LIST1', 'PRODUCT', NULL, NULL, NULL, NULL, NULL, 'Y', 'N', NULL, 'N', NULL, NULL, NULL, '2006-06-28 19:45:45', 'AJM', '2006-06-28 19:48:38', 'AJM');

REPLACE INTO `mnu_nav_button` (`task_id_snr`, `task_id_jnr`, `sort_seq`, `button_text`, `context_preselect`, `created_date`, `created_user`, `revised_date`, `revised_user`) VALUES ('pro_uom_conv(list)', 'pro_uom_conv(add)', '001', 'New', 'N', '2006-06-28 19:47:31', 'AJM', '2006-06-28 19:51:15', 'AJM');
REPLACE INTO `mnu_nav_button` (`task_id_snr`, `task_id_jnr`, `sort_seq`, `button_text`, `context_preselect`, `created_date`, `created_user`, `revised_date`, `revised_user`) VALUES ('pro_uom_conv(list)', 'pro_uom_conv(del)', '004', 'Delete', 'Y', '2006-06-28 19:47:31', 'AJM', '2006-06-28 19:47:55', 'AJM');
REPLACE INTO `mnu_nav_button` (`task_id_snr`, `task_id_jnr`, `sort_seq`, `button_text`, `context_preselect`, `created_date`, `created_user`, `revised_date`, `revised_user`) VALUES ('pro_uom_conv(list)', 'pro_uom_conv(enq)', '002', 'Enquire', 'Y', '2006-06-28 19:47:31', 'AJM', '2006-06-28 19:47:55', 'AJM');
REPLACE INTO `mnu_nav_button` (`task_id_snr`, `task_id_jnr`, `sort_seq`, `button_text`, `context_preselect`, `created_date`, `created_user`, `revised_date`, `revised_user`) VALUES ('pro_uom_conv(list)', 'pro_uom_conv(upd)', '003', 'Update', 'Y', '2006-06-28 19:47:03', 'AJM', '2006-06-28 19:47:55', 'AJM');

REPLACE INTO `mnu_role_task` (`role_id`, `task_id`, `created_date`, `created_user`, `revised_date`, `revised_user`) VALUES ('DEMO', 'pro_uom_conv(list)', '2015-11-03 10:08:22', 'AJM', NULL, NULL);
REPLACE INTO `mnu_role_task` (`role_id`, `task_id`, `created_date`, `created_user`, `revised_date`, `revised_user`) VALUES ('PRODUCT', 'pro_uom_conv(list)', '2014-04-19 06:14:53', 'AJM', NULL, NULL);
REPLACE INTO `mnu_role_task` (`role_id`, `task_id`, `created_date`, `created_user`, `revised_date`, `revised_user`) VALUES ('PROTO', 'pro_uom_conv(list)', '2014-04-20 11:47:36', 'AJM', NULL, NULL);

REPLACE INTO `mnu_task` (`task_id`, `task_name`, `task_desc`, `button_text`, `task_type`, `script_id`, `is_disabled`, `pattern_id`, `subsys_id`, `initial_passthru`, `selection_fixed`, `selection_temp`, `settings`, `order_by`, `keep_data`, `log_sql_query`, `screen_refresh`, `use_https`, `max_execution_time`, `task_id_run_at_end`, `task_id_run_at_cancel`, `created_date`, `created_user`, `revised_date`, `revised_user`) VALUES ('pro_uom_conv(list)2', 'List Unit of Measure Conversion', NULL, 'UOM Conversion', 'PROC', 'uom_conversion.list2.php', 'N', 'LIST2', 'PRODUCT', NULL, NULL, NULL, NULL, 'conversion_factor', 'N', 'N', NULL, 'N', NULL, NULL, NULL, '2003-01-01 12:00:00', 'AJM', '2006-06-28 19:45:21', 'AJM');

REPLACE INTO `mnu_nav_button` (`task_id_snr`, `task_id_jnr`, `sort_seq`, `button_text`, `context_preselect`, `created_date`, `created_user`, `revised_date`, `revised_user`) VALUES ('pro_uom_conv(list)2', 'audit_dtl(list)3', '005', 'Audit Trail', 'Y', '2004-04-09 11:56:03', 'AJM', '2006-06-28 19:38:01', 'AJM');
REPLACE INTO `mnu_nav_button` (`task_id_snr`, `task_id_jnr`, `sort_seq`, `button_text`, `context_preselect`, `created_date`, `created_user`, `revised_date`, `revised_user`) VALUES ('pro_uom_conv(list)2', 'pro_uom_conv(add)', '001', 'New', 'N', '2003-01-01 12:00:00', 'AJM', '2006-06-28 19:38:01', 'AJM');
REPLACE INTO `mnu_nav_button` (`task_id_snr`, `task_id_jnr`, `sort_seq`, `button_text`, `context_preselect`, `created_date`, `created_user`, `revised_date`, `revised_user`) VALUES ('pro_uom_conv(list)2', 'pro_uom_conv(del)', '004', 'Delete', 'Y', '2003-01-01 12:00:00', 'AJM', '2006-06-28 19:38:01', 'AJM');
REPLACE INTO `mnu_nav_button` (`task_id_snr`, `task_id_jnr`, `sort_seq`, `button_text`, `context_preselect`, `created_date`, `created_user`, `revised_date`, `revised_user`) VALUES ('pro_uom_conv(list)2', 'pro_uom_conv(enq)', '002', 'Read', 'Y', '2003-01-01 12:00:00', 'AJM', '2006-06-28 19:38:01', 'AJM');
REPLACE INTO `mnu_nav_button` (`task_id_snr`, `task_id_jnr`, `sort_seq`, `button_text`, `context_preselect`, `created_date`, `created_user`, `revised_date`, `revised_user`) VALUES ('pro_uom_conv(list)2', 'pro_uom_conv(upd)', '003', 'Update', 'Y', '2003-01-01 12:00:00', 'AJM', '2006-06-28 19:38:01', 'AJM');

REPLACE INTO `mnu_role_task` (`role_id`, `task_id`, `created_date`, `created_user`, `revised_date`, `revised_user`) VALUES ('DEMO', 'pro_uom_conv(list)2', '2015-11-03 10:08:22', 'AJM', NULL, NULL);
REPLACE INTO `mnu_role_task` (`role_id`, `task_id`, `created_date`, `created_user`, `revised_date`, `revised_user`) VALUES ('PRODUCT', 'pro_uom_conv(list)2', '2014-04-19 06:14:54', 'AJM', NULL, NULL);
REPLACE INTO `mnu_role_task` (`role_id`, `task_id`, `created_date`, `created_user`, `revised_date`, `revised_user`) VALUES ('PROTO', 'pro_uom_conv(list)2', '2014-04-20 11:47:43', 'AJM', NULL, NULL);

REPLACE INTO `mnu_task` (`task_id`, `task_name`, `task_desc`, `button_text`, `task_type`, `script_id`, `is_disabled`, `pattern_id`, `subsys_id`, `initial_passthru`, `selection_fixed`, `selection_temp`, `settings`, `order_by`, `keep_data`, `log_sql_query`, `screen_refresh`, `use_https`, `max_execution_time`, `task_id_run_at_end`, `task_id_run_at_cancel`, `created_date`, `created_user`, `revised_date`, `revised_user`) VALUES ('pro_uom_conv(upd)', 'Update Unit of Measure Conversion', NULL, 'Update', 'PROC', 'uom_conversion.upd.php', 'N', 'UPD1', 'PRODUCT', NULL, NULL, NULL, NULL, NULL, 'N', 'N', NULL, 'N', NULL, NULL, NULL, '2003-01-01 12:00:00', 'AJM', '2004-04-16 17:32:15', 'AJM');

REPLACE INTO `mnu_role_task` (`role_id`, `task_id`, `created_date`, `created_user`, `revised_date`, `revised_user`) VALUES ('DEMO', 'pro_uom_conv(upd)', '2015-11-03 10:08:22', 'AJM', NULL, NULL);
REPLACE INTO `mnu_role_task` (`role_id`, `task_id`, `created_date`, `created_user`, `revised_date`, `revised_user`) VALUES ('PRODUCT', 'pro_uom_conv(upd)', '2014-04-19 06:14:54', 'AJM', NULL, NULL);
REPLACE INTO `mnu_role_task` (`role_id`, `task_id`, `created_date`, `created_user`, `revised_date`, `revised_user`) VALUES ('PROTO', 'pro_uom_conv(upd)', '2014-04-20 11:47:45', 'AJM', NULL, NULL);

REPLACE INTO `mnu_task` (`task_id`, `task_name`, `task_desc`, `button_text`, `task_type`, `script_id`, `is_disabled`, `pattern_id`, `subsys_id`, `initial_passthru`, `selection_fixed`, `selection_temp`, `settings`, `order_by`, `keep_data`, `log_sql_query`, `screen_refresh`, `use_https`, `max_execution_time`, `task_id_run_at_end`, `task_id_run_at_cancel`, `created_date`, `created_user`, `revised_date`, `revised_user`) VALUES ('pro_uom(add)', 'Insert Unit of Measure', NULL, 'New', 'PROC', 'unit_of_measure.add.php', 'N', 'ADD1', 'PRODUCT', NULL, NULL, NULL, NULL, NULL, 'N', 'N', NULL, 'N', NULL, NULL, NULL, '2003-01-01 12:00:00', 'AJM', NULL, NULL);

REPLACE INTO `mnu_role_task` (`role_id`, `task_id`, `created_date`, `created_user`, `revised_date`, `revised_user`) VALUES ('DEMO', 'pro_uom(add)', '2015-11-03 10:08:22', 'AJM', NULL, NULL);
REPLACE INTO `mnu_role_task` (`role_id`, `task_id`, `created_date`, `created_user`, `revised_date`, `revised_user`) VALUES ('PRODUCT', 'pro_uom(add)', '2014-04-19 06:14:45', 'AJM', NULL, NULL);
REPLACE INTO `mnu_role_task` (`role_id`, `task_id`, `created_date`, `created_user`, `revised_date`, `revised_user`) VALUES ('PROTO', 'pro_uom(add)', '2014-04-20 11:47:45', 'AJM', NULL, NULL);

REPLACE INTO `mnu_task` (`task_id`, `task_name`, `task_desc`, `button_text`, `task_type`, `script_id`, `is_disabled`, `pattern_id`, `subsys_id`, `initial_passthru`, `selection_fixed`, `selection_temp`, `settings`, `order_by`, `keep_data`, `log_sql_query`, `screen_refresh`, `use_https`, `max_execution_time`, `task_id_run_at_end`, `task_id_run_at_cancel`, `created_date`, `created_user`, `revised_date`, `revised_user`) VALUES ('pro_uom(del)', 'Delete Unit of Measre', NULL, 'Delete', 'PROC', 'unit_of_measure.del.php', 'N', 'DEL1', 'PRODUCT', NULL, NULL, NULL, NULL, NULL, 'N', 'N', NULL, 'N', NULL, NULL, NULL, '2003-01-01 12:00:00', 'AJM', NULL, NULL);

REPLACE INTO `mnu_role_task` (`role_id`, `task_id`, `created_date`, `created_user`, `revised_date`, `revised_user`) VALUES ('DEMO', 'pro_uom(del)', '2015-11-03 10:08:27', 'AJM', NULL, NULL);
REPLACE INTO `mnu_role_task` (`role_id`, `task_id`, `created_date`, `created_user`, `revised_date`, `revised_user`) VALUES ('PRODUCT', 'pro_uom(del)', '2014-04-19 06:14:45', 'AJM', NULL, NULL);
REPLACE INTO `mnu_role_task` (`role_id`, `task_id`, `created_date`, `created_user`, `revised_date`, `revised_user`) VALUES ('PROTO', 'pro_uom(del)', '2014-04-20 11:47:46', 'AJM', NULL, NULL);

REPLACE INTO `mnu_task` (`task_id`, `task_name`, `task_desc`, `button_text`, `task_type`, `script_id`, `is_disabled`, `pattern_id`, `subsys_id`, `initial_passthru`, `selection_fixed`, `selection_temp`, `settings`, `order_by`, `keep_data`, `log_sql_query`, `screen_refresh`, `use_https`, `max_execution_time`, `task_id_run_at_end`, `task_id_run_at_cancel`, `created_date`, `created_user`, `revised_date`, `revised_user`) VALUES ('pro_uom(enq)', 'Enquire Unit of Measure', NULL, 'Read', 'PROC', 'unit_of_measure.enq.php', 'N', 'ENQ1', 'PRODUCT', NULL, NULL, NULL, NULL, NULL, 'N', 'N', NULL, 'N', NULL, NULL, NULL, '2003-01-01 12:00:00', 'AJM', NULL, NULL);

REPLACE INTO `mnu_role_task` (`role_id`, `task_id`, `created_date`, `created_user`, `revised_date`, `revised_user`) VALUES ('DEMO', 'pro_uom(enq)', '2015-11-03 10:08:27', 'AJM', NULL, NULL);
REPLACE INTO `mnu_role_task` (`role_id`, `task_id`, `created_date`, `created_user`, `revised_date`, `revised_user`) VALUES ('PRODUCT', 'pro_uom(enq)', '2014-04-19 06:16:05', 'AJM', NULL, NULL);
REPLACE INTO `mnu_role_task` (`role_id`, `task_id`, `created_date`, `created_user`, `revised_date`, `revised_user`) VALUES ('PROTO', 'pro_uom(enq)', '2014-04-20 11:47:46', 'AJM', NULL, NULL);

REPLACE INTO `mnu_task` (`task_id`, `task_name`, `task_desc`, `button_text`, `task_type`, `script_id`, `is_disabled`, `pattern_id`, `subsys_id`, `initial_passthru`, `selection_fixed`, `selection_temp`, `settings`, `order_by`, `keep_data`, `log_sql_query`, `screen_refresh`, `use_https`, `max_execution_time`, `task_id_run_at_end`, `task_id_run_at_cancel`, `created_date`, `created_user`, `revised_date`, `revised_user`) VALUES ('pro_uom(list)', 'List Unit of Measure', NULL, 'UOM', 'PROC', 'unit_of_measure.list.php', 'N', 'LIST1', 'PRODUCT', NULL, NULL, NULL, NULL, 'uom_cat_id,uom_id', 'Y', 'N', NULL, 'N', NULL, NULL, NULL, '2003-01-01 12:00:00', 'AJM', '2006-07-03 09:55:46', 'AJM');

REPLACE INTO `mnu_nav_button` (`task_id_snr`, `task_id_jnr`, `sort_seq`, `button_text`, `context_preselect`, `created_date`, `created_user`, `revised_date`, `revised_user`) VALUES ('pro_uom(list)', 'audit_dtl(list)3', '007', 'Audit Trail', 'Y', '2004-04-09 11:55:47', 'AJM', NULL, NULL);
REPLACE INTO `mnu_nav_button` (`task_id_snr`, `task_id_jnr`, `sort_seq`, `button_text`, `context_preselect`, `created_date`, `created_user`, `revised_date`, `revised_user`) VALUES ('pro_uom(list)', 'pro_uom_conv(list)2', '005', 'UOM Conversion', 'Y', '2003-01-01 12:00:00', 'AJM', '2006-06-28 19:38:01', 'AJM');
REPLACE INTO `mnu_nav_button` (`task_id_snr`, `task_id_jnr`, `sort_seq`, `button_text`, `context_preselect`, `created_date`, `created_user`, `revised_date`, `revised_user`) VALUES ('pro_uom(list)', 'pro_uom(add)', '001', 'New', 'N', '2003-01-01 12:00:00', 'AJM', NULL, NULL);
REPLACE INTO `mnu_nav_button` (`task_id_snr`, `task_id_jnr`, `sort_seq`, `button_text`, `context_preselect`, `created_date`, `created_user`, `revised_date`, `revised_user`) VALUES ('pro_uom(list)', 'pro_uom(del)', '004', 'Delete', 'Y', '2003-01-01 12:00:00', 'AJM', NULL, NULL);
REPLACE INTO `mnu_nav_button` (`task_id_snr`, `task_id_jnr`, `sort_seq`, `button_text`, `context_preselect`, `created_date`, `created_user`, `revised_date`, `revised_user`) VALUES ('pro_uom(list)', 'pro_uom(enq)', '002', 'Read', 'Y', '2003-01-01 12:00:00', 'AJM', NULL, NULL);
REPLACE INTO `mnu_nav_button` (`task_id_snr`, `task_id_jnr`, `sort_seq`, `button_text`, `context_preselect`, `created_date`, `created_user`, `revised_date`, `revised_user`) VALUES ('pro_uom(list)', 'pro_uom(search)', '006', 'Search', 'N', '2003-01-01 12:00:00', 'AJM', NULL, NULL);
REPLACE INTO `mnu_nav_button` (`task_id_snr`, `task_id_jnr`, `sort_seq`, `button_text`, `context_preselect`, `created_date`, `created_user`, `revised_date`, `revised_user`) VALUES ('pro_uom(list)', 'pro_uom(upd)', '003', 'Update', 'Y', '2003-01-01 12:00:00', 'AJM', NULL, NULL);

REPLACE INTO `mnu_role_task` (`role_id`, `task_id`, `created_date`, `created_user`, `revised_date`, `revised_user`) VALUES ('DEMO', 'pro_uom(list)', '2015-11-03 10:08:27', 'AJM', NULL, NULL);
REPLACE INTO `mnu_role_task` (`role_id`, `task_id`, `created_date`, `created_user`, `revised_date`, `revised_user`) VALUES ('PRODUCT', 'pro_uom(list)', '2014-04-19 06:16:06', 'AJM', NULL, NULL);
REPLACE INTO `mnu_role_task` (`role_id`, `task_id`, `created_date`, `created_user`, `revised_date`, `revised_user`) VALUES ('PROTO', 'pro_uom(list)', '2014-04-20 11:47:46', 'AJM', NULL, NULL);

REPLACE INTO `mnu_task` (`task_id`, `task_name`, `task_desc`, `button_text`, `task_type`, `script_id`, `is_disabled`, `pattern_id`, `subsys_id`, `initial_passthru`, `selection_fixed`, `selection_temp`, `settings`, `order_by`, `keep_data`, `log_sql_query`, `screen_refresh`, `use_https`, `max_execution_time`, `task_id_run_at_end`, `task_id_run_at_cancel`, `created_date`, `created_user`, `revised_date`, `revised_user`) VALUES ('pro_uom(list)2', 'List Unit of Measure by Category', NULL, 'UOM', 'PROC', 'unit_of_measure.list2.php', 'N', 'LIST2', 'PRODUCT', NULL, NULL, NULL, NULL, NULL, 'N', 'N', NULL, 'N', NULL, NULL, NULL, '2006-06-27 17:00:19', 'AJM', NULL, NULL);

REPLACE INTO `mnu_nav_button` (`task_id_snr`, `task_id_jnr`, `sort_seq`, `button_text`, `context_preselect`, `created_date`, `created_user`, `revised_date`, `revised_user`) VALUES ('pro_uom(list)2', 'audit_dtl(list)3', '007', 'Audit Trail', 'Y', '2006-06-27 17:15:50', 'AJM', '2006-06-28 19:34:29', 'AJM');
REPLACE INTO `mnu_nav_button` (`task_id_snr`, `task_id_jnr`, `sort_seq`, `button_text`, `context_preselect`, `created_date`, `created_user`, `revised_date`, `revised_user`) VALUES ('pro_uom(list)2', 'pro_uom_conv(list)2', '006', 'UOM Conversion', 'Y', '2006-06-28 19:34:16', 'AJM', '2006-06-28 19:38:01', 'AJM');
REPLACE INTO `mnu_nav_button` (`task_id_snr`, `task_id_jnr`, `sort_seq`, `button_text`, `context_preselect`, `created_date`, `created_user`, `revised_date`, `revised_user`) VALUES ('pro_uom(list)2', 'pro_uom(add)', '001', 'New', 'N', '2006-06-27 17:03:23', 'AJM', NULL, NULL);
REPLACE INTO `mnu_nav_button` (`task_id_snr`, `task_id_jnr`, `sort_seq`, `button_text`, `context_preselect`, `created_date`, `created_user`, `revised_date`, `revised_user`) VALUES ('pro_uom(list)2', 'pro_uom(del)', '003', 'Delete', 'Y', '2006-06-27 17:03:24', 'AJM', '2006-06-27 17:03:46', 'AJM');
REPLACE INTO `mnu_nav_button` (`task_id_snr`, `task_id_jnr`, `sort_seq`, `button_text`, `context_preselect`, `created_date`, `created_user`, `revised_date`, `revised_user`) VALUES ('pro_uom(list)2', 'pro_uom(enq)', '002', 'Read', 'Y', '2006-06-27 17:03:24', 'AJM', '2006-06-27 17:03:46', 'AJM');
REPLACE INTO `mnu_nav_button` (`task_id_snr`, `task_id_jnr`, `sort_seq`, `button_text`, `context_preselect`, `created_date`, `created_user`, `revised_date`, `revised_user`) VALUES ('pro_uom(list)2', 'pro_uom(search)', '005', 'Search', 'N', '2006-06-27 17:03:24', 'AJM', '2006-06-27 17:03:46', 'AJM');
REPLACE INTO `mnu_nav_button` (`task_id_snr`, `task_id_jnr`, `sort_seq`, `button_text`, `context_preselect`, `created_date`, `created_user`, `revised_date`, `revised_user`) VALUES ('pro_uom(list)2', 'pro_uom(upd)', '004', 'Update', 'Y', '2006-06-27 17:03:24', 'AJM', '2006-06-27 17:03:46', 'AJM');

REPLACE INTO `mnu_role_task` (`role_id`, `task_id`, `created_date`, `created_user`, `revised_date`, `revised_user`) VALUES ('DEMO', 'pro_uom(list)2', '2015-11-03 10:08:27', 'AJM', NULL, NULL);
REPLACE INTO `mnu_role_task` (`role_id`, `task_id`, `created_date`, `created_user`, `revised_date`, `revised_user`) VALUES ('PRODUCT', 'pro_uom(list)2', '2014-04-19 06:16:06', 'AJM', NULL, NULL);
REPLACE INTO `mnu_role_task` (`role_id`, `task_id`, `created_date`, `created_user`, `revised_date`, `revised_user`) VALUES ('PROTO', 'pro_uom(list)2', '2014-04-20 11:47:47', 'AJM', NULL, NULL);

REPLACE INTO `mnu_task` (`task_id`, `task_name`, `task_desc`, `button_text`, `task_type`, `script_id`, `is_disabled`, `pattern_id`, `subsys_id`, `initial_passthru`, `selection_fixed`, `selection_temp`, `settings`, `order_by`, `keep_data`, `log_sql_query`, `screen_refresh`, `use_https`, `max_execution_time`, `task_id_run_at_end`, `task_id_run_at_cancel`, `created_date`, `created_user`, `revised_date`, `revised_user`) VALUES ('pro_uom(popup)', 'Choose Unit of Measure', NULL, 'Choose', 'PROC', 'unit_of_measure.popup.php', 'N', 'POPUP1', 'PRODUCT', 'pro_uom(search)', NULL, NULL, NULL, NULL, 'N', 'N', NULL, 'N', NULL, NULL, NULL, '2003-01-01 12:00:00', 'AJM', '2006-10-06 13:47:50', 'AJM');

REPLACE INTO `mnu_nav_button` (`task_id_snr`, `task_id_jnr`, `sort_seq`, `button_text`, `context_preselect`, `created_date`, `created_user`, `revised_date`, `revised_user`) VALUES ('pro_uom(popup)', 'pro_uom(search)', '001', 'Search', 'N', '2003-01-01 12:00:00', 'AJM', NULL, NULL);

REPLACE INTO `mnu_role_task` (`role_id`, `task_id`, `created_date`, `created_user`, `revised_date`, `revised_user`) VALUES ('DEMO', 'pro_uom(popup)', '2015-11-03 10:08:27', 'AJM', NULL, NULL);
REPLACE INTO `mnu_role_task` (`role_id`, `task_id`, `created_date`, `created_user`, `revised_date`, `revised_user`) VALUES ('PRODUCT', 'pro_uom(popup)', '2014-04-19 06:16:07', 'AJM', NULL, NULL);
REPLACE INTO `mnu_role_task` (`role_id`, `task_id`, `created_date`, `created_user`, `revised_date`, `revised_user`) VALUES ('PROTO', 'pro_uom(popup)', '2014-04-20 11:47:47', 'AJM', NULL, NULL);

REPLACE INTO `mnu_task` (`task_id`, `task_name`, `task_desc`, `button_text`, `task_type`, `script_id`, `is_disabled`, `pattern_id`, `subsys_id`, `initial_passthru`, `selection_fixed`, `selection_temp`, `settings`, `order_by`, `keep_data`, `log_sql_query`, `screen_refresh`, `use_https`, `max_execution_time`, `task_id_run_at_end`, `task_id_run_at_cancel`, `created_date`, `created_user`, `revised_date`, `revised_user`) VALUES ('pro_uom(search)', 'Search Unit of Measure', NULL, 'Search', 'PROC', 'unit_of_measure.search.php', 'N', 'SRCH', 'PRODUCT', NULL, NULL, NULL, NULL, NULL, 'N', 'N', NULL, 'N', NULL, NULL, NULL, '2003-01-01 12:00:00', 'AJM', NULL, NULL);

REPLACE INTO `mnu_role_task` (`role_id`, `task_id`, `created_date`, `created_user`, `revised_date`, `revised_user`) VALUES ('DEMO', 'pro_uom(search)', '2015-11-03 10:08:27', 'AJM', NULL, NULL);
REPLACE INTO `mnu_role_task` (`role_id`, `task_id`, `created_date`, `created_user`, `revised_date`, `revised_user`) VALUES ('PRODUCT', 'pro_uom(search)', '2014-04-19 06:16:07', 'AJM', NULL, NULL);
REPLACE INTO `mnu_role_task` (`role_id`, `task_id`, `created_date`, `created_user`, `revised_date`, `revised_user`) VALUES ('PROTO', 'pro_uom(search)', '2014-04-20 11:47:47', 'AJM', NULL, NULL);

REPLACE INTO `mnu_task` (`task_id`, `task_name`, `task_desc`, `button_text`, `task_type`, `script_id`, `is_disabled`, `pattern_id`, `subsys_id`, `initial_passthru`, `selection_fixed`, `selection_temp`, `settings`, `order_by`, `keep_data`, `log_sql_query`, `screen_refresh`, `use_https`, `max_execution_time`, `task_id_run_at_end`, `task_id_run_at_cancel`, `created_date`, `created_user`, `revised_date`, `revised_user`) VALUES ('pro_uom(upd)', 'Update Unit of Measure', NULL, 'Update', 'PROC', 'unit_of_measure.upd.php', 'N', 'UPD1', 'PRODUCT', NULL, NULL, NULL, NULL, NULL, 'N', 'N', NULL, 'N', NULL, NULL, NULL, '2003-01-01 12:00:00', 'AJM', '2004-04-16 17:32:07', 'AJM');

REPLACE INTO `mnu_role_task` (`role_id`, `task_id`, `created_date`, `created_user`, `revised_date`, `revised_user`) VALUES ('DEMO', 'pro_uom(upd)', '2015-11-03 10:08:27', 'AJM', NULL, NULL);
REPLACE INTO `mnu_role_task` (`role_id`, `task_id`, `created_date`, `created_user`, `revised_date`, `revised_user`) VALUES ('PRODUCT', 'pro_uom(upd)', '2014-04-19 06:16:07', 'AJM', NULL, NULL);
REPLACE INTO `mnu_role_task` (`role_id`, `task_id`, `created_date`, `created_user`, `revised_date`, `revised_user`) VALUES ('PROTO', 'pro_uom(upd)', '2014-04-20 11:47:48', 'AJM', NULL, NULL);

REPLACE INTO `mnu_task` (`task_id`, `task_name`, `task_desc`, `button_text`, `task_type`, `script_id`, `is_disabled`, `pattern_id`, `subsys_id`, `initial_passthru`, `selection_fixed`, `selection_temp`, `settings`, `order_by`, `keep_data`, `log_sql_query`, `screen_refresh`, `use_https`, `max_execution_time`, `task_id_run_at_end`, `task_id_run_at_cancel`, `created_date`, `created_user`, `revised_date`, `revised_user`) VALUES ('product', 'Product Menu', NULL, 'Product', 'MENU', 'menu.php', 'N', 'MENU', 'PRODUCT', NULL, NULL, NULL, NULL, NULL, 'N', 'N', NULL, 'N', NULL, NULL, NULL, '2003-01-01 12:00:00', 'AJM', NULL, NULL);

REPLACE INTO `mnu_role_task` (`role_id`, `task_id`, `created_date`, `created_user`, `revised_date`, `revised_user`) VALUES ('DEMO', 'product', '2015-11-03 10:02:15', 'AJM', NULL, NULL);

REPLACE INTO `mnu_task` (`task_id`, `task_name`, `task_desc`, `button_text`, `task_type`, `script_id`, `is_disabled`, `pattern_id`, `subsys_id`, `initial_passthru`, `selection_fixed`, `selection_temp`, `settings`, `order_by`, `keep_data`, `log_sql_query`, `screen_refresh`, `use_https`, `max_execution_time`, `task_id_run_at_end`, `task_id_run_at_cancel`, `created_date`, `created_user`, `revised_date`, `revised_user`) VALUES ('pr_feature', 'Features', NULL, 'Features', 'MENU', 'menu.php', 'N', 'MENU', 'PRODUCT', NULL, NULL, NULL, NULL, NULL, 'N', 'N', NULL, 'N', NULL, NULL, NULL, '2006-06-28 19:53:51', 'AJM', NULL, NULL);
REPLACE INTO `mnu_task` (`task_id`, `task_name`, `task_desc`, `button_text`, `task_type`, `script_id`, `is_disabled`, `pattern_id`, `subsys_id`, `initial_passthru`, `selection_fixed`, `selection_temp`, `settings`, `order_by`, `keep_data`, `log_sql_query`, `screen_refresh`, `use_https`, `max_execution_time`, `task_id_run_at_end`, `task_id_run_at_cancel`, `created_date`, `created_user`, `revised_date`, `revised_user`) VALUES ('pr_inventory', 'Product Inventory Menu', NULL, 'Inventory', 'MENU', 'menu.php', 'N', 'MENU', 'PRODUCT', NULL, NULL, NULL, NULL, NULL, 'N', 'N', NULL, 'N', NULL, NULL, NULL, '2006-06-30 16:12:06', 'AJM', '2006-07-02 13:44:22', 'AJM');
REPLACE INTO `mnu_task` (`task_id`, `task_name`, `task_desc`, `button_text`, `task_type`, `script_id`, `is_disabled`, `pattern_id`, `subsys_id`, `initial_passthru`, `selection_fixed`, `selection_temp`, `settings`, `order_by`, `keep_data`, `log_sql_query`, `screen_refresh`, `use_https`, `max_execution_time`, `task_id_run_at_end`, `task_id_run_at_cancel`, `created_date`, `created_user`, `revised_date`, `revised_user`) VALUES ('pr_uom', 'Unit of Measure', NULL, 'UOM', 'MENU', 'menu.php', 'N', 'MENU', 'PRODUCT', NULL, NULL, NULL, NULL, NULL, 'N', 'N', NULL, 'N', NULL, NULL, NULL, '2006-06-28 19:28:53', 'AJM', NULL, NULL);
REPLACE INTO `mnu_task` (`task_id`, `task_name`, `task_desc`, `button_text`, `task_type`, `script_id`, `is_disabled`, `pattern_id`, `subsys_id`, `initial_passthru`, `selection_fixed`, `selection_temp`, `settings`, `order_by`, `keep_data`, `log_sql_query`, `screen_refresh`, `use_https`, `max_execution_time`, `task_id_run_at_end`, `task_id_run_at_cancel`, `created_date`, `created_user`, `revised_date`, `revised_user`) VALUES ('product', 'Product Menu', NULL, 'Product', 'MENU', 'menu.php', 'N', 'MENU', 'PRODUCT', NULL, NULL, NULL, NULL, NULL, 'N', 'N', NULL, 'N', NULL, NULL, NULL, '2003-01-01 12:00:00', 'AJM', NULL, NULL);

REPLACE INTO `mnu_menu` (`menu_id`, `task_id_jnr`, `sort_seq`, `button_text`, `created_date`, `created_user`, `revised_date`, `revised_user`) VALUES ('pr_feature', 'pro_prod_feat_cat(list)', '001', 'Feature Category', '2006-06-28 19:54:50', 'AJM', NULL, NULL);
REPLACE INTO `mnu_menu` (`menu_id`, `task_id_jnr`, `sort_seq`, `button_text`, `created_date`, `created_user`, `revised_date`, `revised_user`) VALUES ('pr_feature', 'pro_prod_feature(list)', '002', 'Feature', '2006-06-28 19:55:12', 'AJM', NULL, NULL);
REPLACE INTO `mnu_menu` (`menu_id`, `task_id_jnr`, `sort_seq`, `button_text`, `created_date`, `created_user`, `revised_date`, `revised_user`) VALUES ('pr_inventory', 'pro_container_type(list)', '003', 'Container Type', '2006-06-30 17:44:11', 'AJM', '2006-07-02 13:44:22', 'AJM');
REPLACE INTO `mnu_menu` (`menu_id`, `task_id_jnr`, `sort_seq`, `button_text`, `created_date`, `created_user`, `revised_date`, `revised_user`) VALUES ('pr_inventory', 'pro_container(list)', '004', 'Container', '2006-06-30 18:20:50', 'AJM', '2006-07-02 13:44:22', 'AJM');
REPLACE INTO `mnu_menu` (`menu_id`, `task_id_jnr`, `sort_seq`, `button_text`, `created_date`, `created_user`, `revised_date`, `revised_user`) VALUES ('pr_inventory', 'pro_facility_type(list)', '001', 'Facility Type', '2006-06-30 16:12:28', 'AJM', '2006-07-02 13:44:22', 'AJM');
REPLACE INTO `mnu_menu` (`menu_id`, `task_id_jnr`, `sort_seq`, `button_text`, `created_date`, `created_user`, `revised_date`, `revised_user`) VALUES ('pr_inventory', 'pro_facility(list)', '002', 'Facility', '2006-06-30 17:06:50', 'AJM', '2006-07-02 13:44:22', 'AJM');
REPLACE INTO `mnu_menu` (`menu_id`, `task_id_jnr`, `sort_seq`, `button_text`, `created_date`, `created_user`, `revised_date`, `revised_user`) VALUES ('pr_inventory', 'pro_inv_item_status(list)', '006', 'Item Status', '2006-07-02 14:50:52', 'AJM', NULL, NULL);
REPLACE INTO `mnu_menu` (`menu_id`, `task_id_jnr`, `sort_seq`, `button_text`, `created_date`, `created_user`, `revised_date`, `revised_user`) VALUES ('pr_inventory', 'pro_inv_item(list)', '008', 'Inventory', '2006-07-03 10:27:55', 'AJM', NULL, NULL);
REPLACE INTO `mnu_menu` (`menu_id`, `task_id_jnr`, `sort_seq`, `button_text`, `created_date`, `created_user`, `revised_date`, `revised_user`) VALUES ('pr_inventory', 'pro_inv_var_reason(list)', '005', 'Reason', '2006-07-02 13:44:54', 'AJM', NULL, NULL);
REPLACE INTO `mnu_menu` (`menu_id`, `task_id_jnr`, `sort_seq`, `button_text`, `created_date`, `created_user`, `revised_date`, `revised_user`) VALUES ('pr_inventory', 'pro_lot(list)', '007', 'Lot', '2006-07-02 15:40:13', 'AJM', NULL, NULL);
REPLACE INTO `mnu_menu` (`menu_id`, `task_id_jnr`, `sort_seq`, `button_text`, `created_date`, `created_user`, `revised_date`, `revised_user`) VALUES ('pr_uom', 'pro_uom_category(list)', '001', 'UOM Category', '2006-06-28 19:29:45', 'AJM', NULL, NULL);
REPLACE INTO `mnu_menu` (`menu_id`, `task_id_jnr`, `sort_seq`, `button_text`, `created_date`, `created_user`, `revised_date`, `revised_user`) VALUES ('pr_uom', 'pro_uom_conv(list)', '003', 'UOM Conversion', '2006-06-28 19:46:15', 'AJM', '2006-06-28 19:46:30', 'AJM');
REPLACE INTO `mnu_menu` (`menu_id`, `task_id_jnr`, `sort_seq`, `button_text`, `created_date`, `created_user`, `revised_date`, `revised_user`) VALUES ('pr_uom', 'pro_uom(list)', '002', 'UOM', '2006-06-28 19:30:09', 'AJM', NULL, NULL);
REPLACE INTO `mnu_menu` (`menu_id`, `task_id_jnr`, `sort_seq`, `button_text`, `created_date`, `created_user`, `revised_date`, `revised_user`) VALUES ('product', 'pr_feature', '004', 'Features', '2006-06-28 19:55:52', 'AJM', '2006-06-28 19:58:00', 'AJM');
REPLACE INTO `mnu_menu` (`menu_id`, `task_id_jnr`, `sort_seq`, `button_text`, `created_date`, `created_user`, `revised_date`, `revised_user`) VALUES ('product', 'pr_inventory', '006', 'Inventory', '2006-06-30 16:13:02', 'AJM', '2006-07-02 13:44:22', 'AJM');
REPLACE INTO `mnu_menu` (`menu_id`, `task_id_jnr`, `sort_seq`, `button_text`, `created_date`, `created_user`, `revised_date`, `revised_user`) VALUES ('product', 'pr_uom', '005', 'UOM', '2006-06-28 19:30:50', 'AJM', '2006-06-28 19:58:01', 'AJM');
REPLACE INTO `mnu_menu` (`menu_id`, `task_id_jnr`, `sort_seq`, `button_text`, `created_date`, `created_user`, `revised_date`, `revised_user`) VALUES ('product', 'pro_good_id_type(list)', '003', 'ID Type', '2003-01-01 12:00:00', 'AJM', '2006-06-28 19:58:01', 'AJM');
REPLACE INTO `mnu_menu` (`menu_id`, `task_id_jnr`, `sort_seq`, `button_text`, `created_date`, `created_user`, `revised_date`, `revised_user`) VALUES ('product', 'pro_prod_cat(list)', '002', 'Category', '2003-01-01 12:00:00', 'AJM', '2006-06-28 19:58:01', 'AJM');
REPLACE INTO `mnu_menu` (`menu_id`, `task_id_jnr`, `sort_seq`, `button_text`, `created_date`, `created_user`, `revised_date`, `revised_user`) VALUES ('product', 'pro_product(list)', '001', 'Product', '2003-01-01 12:00:00', 'AJM', '2006-06-28 19:58:01', 'AJM');

REPLACE INTO `mnu_menu` (`menu_id`, `task_id_jnr`, `sort_seq`, `button_text`, `created_date`, `created_user`, `revised_date`, `revised_user`) VALUES ('proto', 'product', '002', 'Product', '2005-05-05 17:45:59', 'AJM', NULL, NULL);

-- finished
